Date,ABB090.NZ,ABB100.NZ,ABB110.NZ,AFI.NZ,AFT.NZ,AGG.NZ,AGL.NZ,AIA.NZ,AIA240.NZ,AIA250.NZ,AIA260.NZ,AIA270.NZ,AIA280.NZ,AIR.NZ,AIR030.NZ,AKC100.NZ,AKC120.NZ,AKC130.NZ,AKC140.NZ,AKC150.NZ,ANB170.NZ,ANB180.NZ,ANB190.NZ,ANZ.NZ,AOF.NZ,APA.NZ,APL.NZ,ARB.NZ,ARG010.NZ,ARG020.NZ,ARG030.NZ,ARV010.NZ,ASD.NZ,ASF.NZ,ASP.NZ,ATM.NZ,AUE.NZ,AUS.NZ,BAI.NZ,BIF.NZ,BIT.NZ,BLT.NZ,BNZ150.NZ,BNZ160.NZ,BNZ170.NZ,BNZ180.NZ,BNZ190.NZ,BNZHA.NZ,BOT.NZ,BRM.NZ,BRW.NZ,BTC.NZ,CCC.NZ,CCH030.NZ,CCH040.NZ,CDI.NZ,CEN.NZ,CEN060.NZ,CEN070.NZ,CEN080.NZ,CEN090.NZ,CHC020.NZ,CHC030.NZ,CHI020.NZ,CHI030.NZ,CMO.NZ,CNU.NZ,CNU020.NZ,CNU030.NZ,CNU040.NZ,CO2.NZ,CVT.NZ,DGL.NZ,DIV.NZ,EMF.NZ,EMG.NZ,ENS.NZ,ESG.NZ,EUF.NZ,EUG.NZ,FBI200.NZ,FBI210.NZ,FBI220.NZ,FBI230.NZ,FBU.NZ,FCG050.NZ,FCG060.NZ,FCT.NZ,FPH.NZ,FRW.NZ,FSF.NZ,FWL.NZ,GBF.NZ,GEN.NZ,GGB.NZ,GLD.NZ,GMB060.NZ,GMT.NZ,GNE.NZ,GNE060.NZ,GNE070.NZ,GNE080.NZ,GPR.NZ,GTK.NZ,GXH.NZ,HBL1T2.NZ,HFL.NZ,HGH.NZ,IFT.NZ,IFT250.NZ,IFT270.NZ,IFT280.NZ,IFT300.NZ,IFT310.NZ,IFT320.NZ,IFT330.NZ,IFT340.NZ,IFT350.NZ,IFT360.NZ,IKE.NZ,IPL.NZ,IPL020.NZ,IPL030.NZ,JPN.NZ,KFL.NZ,KMD.NZ,KPG.NZ,KPG040.NZ,KPG050.NZ,KPG060.NZ,KPG070.NZ,KWB010.NZ,KWB1T2.NZ,KWBHB.NZ,LGF060.NZ,LGF080.NZ,LGF110.NZ,LGF120.NZ,LGF130.NZ,LGF140.NZ,LGF160.NZ,LGF170.NZ,LGF180.NZ,LIC.NZ,MCKPA.NZ,MCY.NZ,MCY030.NZ,MCY040.NZ,MCY050.NZ,MCY060.NZ,MCY070.NZ,MDZ.NZ,MEE.NZ,MEL.NZ,MEL050.NZ,MEL060.NZ,MEL070.NZ,MET010.NZ,MHJ.NZ,MLN.NZ,MMH.NZ,MNW.NZ,MNW170.NZ,MNW180.NZ,MNW190.NZ,MOV.NZ,MPG.NZ,MZY.NZ,NGB.NZ,NPH.NZ,NPH010.NZ,NZB.NZ,NZC.NZ,NZK.NZ,NZL.NZ,NZM.NZ,NZT.NZ,OCA.NZ,OCA010.NZ,OCA020.NZ,OZY.NZ,PCT030.NZ,PCT040.NZ,PEB.NZ,PFI020.NZ,PFI030.NZ,PGW.NZ,PLP.NZ,POT.NZ,PYS.NZ,RAD.NZ,RAK.NZ,RUA.NZ,RYM.NZ,RYM010.NZ,SBS010.NZ,SBS020.NZ,SBS030.NZ,SBS1T2.NZ,SCL.NZ,SCT.NZ,SDL.NZ,SKC.NZ,SKC050.NZ,SKO.NZ,SKT.NZ,SML.NZ,SPF570.NZ,SPF590.NZ,SPF600.NZ,SPG.NZ,SPN.NZ,SPY.NZ,STU.NZ,SUM.NZ,SUM020.NZ,SUM030.NZ,SUM040.NZ,SUM050.NZ,SVR.NZ,TEM.NZ,TGG.NZ,THL.NZ,TRA.NZ,TRP070.NZ,TRP080.NZ,TRP090.NZ,TRP100.NZ,TWF.NZ,TWH.NZ,USA.NZ,USF.NZ,USG.NZ,USH.NZ,USM.NZ,USS.NZ,UST.NZ,USV.NZ,VCT090.NZ,VCT100.NZ,VCT110.NZ,VGL.NZ,VHP.NZ,VNT.NZ,WBC.NZ,WCO.NZ,WHS.NZ,WIA050.NZ,WIA060.NZ,WIA070.NZ,WIA080.NZ,WIA090.NZ,WIA100.NZ,WIN.NZ,WNZ1T2.NZ,WNZ2T2.NZ
2022-05-31,,,,6.4119062423706055,4.175107955932617,1.1593767404556274,1.6889870166778564,7.258057594299316,,,,,,0.5466833710670471,,,,,,,,,,23.629663467407227,0.1570000052452087,2.026165723800659,0.209999993443489,0.25,,,,,1.526502013206482,7.48247766494751,1.336647391319275,5.152164459228516,,2.962411642074585,0.6000000238418579,,1.884144186973572,0.0340000018477439,,,,,,,3.668684959411621,0.7067223787307739,0.5199999809265137,,0.4235140085220337,,,0.8134899735450745,6.465310573577881,,,,,,,,,8.204290390014648,6.035233020782471,,,,,3.1481261253356934,11.066247940063477,1.098101258277893,1.2331486940383911,2.097021102905273,1.0882010459899902,2.513831853866577,1.7116243839263916,2.5670528411865234,,,,,4.842717170715332,,,15.936657905578612,19.951881408691406,9.782443046569824,1.4966316223144531,1.3416666984558103,2.99115252494812,0.208570584654808,,,,1.9695552587509155,2.189512252807617,,,,,1.6299999952316284,0.9478219747543336,,4.32593297958374,1.759272575378418,7.396346092224121,,,,,,,,,,,0.7599999904632568,1.3058254718780518,,,1.938773512840271,1.3572583198547363,1.0721441507339478,0.8424815535545349,,,,,,,,,,,,,,,,,1.0257891416549685,2.298919677734375,4.9439473152160645,,,,,,5.191552639007568,1.6304349899291992,4.210331916809082,,,,,0.9773274660110474,1.0051501989364624,5.43077278137207,6.051938533782959,,,,1.149999976158142,0.2549999952316284,9.004302024841309,2.102221965789795,2.59969425201416,,2.729259729385376,2.720633745193481,0.1990000009536743,1.0373833179473877,0.9009063243865968,,0.9679589867591858,,,4.015120029449463,,,0.7099999785423279,,,4.194070339202881,,5.914587497711182,0.270000010728836,0.3353727459907532,1.472561001777649,0.3000000119209289,9.309303283691406,,,,,,4.051510810852051,2.9291434288024902,2.091215848922729,2.415088891983032,,3.619999885559082,2.183237314224243,3.380000114440918,,,,1.4554835557937622,7.818038940429687,0.7300000190734863,1.148301362991333,9.898244857788086,,,,,0.4392530024051666,2.701257944107056,2.8499999046325684,2.502271890640259,3.1682000160217285,,,,,2.7191734313964844,2.9713141918182373,2.843467235565185,11.124804496765137,7.074107646942139,,6.44128942489624,5.796717166900635,,4.266902446746826,,,,1.7000000476837158,2.5232787132263184,2.497779607772827,23.12445640563965,0.0949999988079071,3.0698399543762207,,,,,,,2.725815534591675,,
2022-06-30,,,,6.4119062423706055,3.58008074760437,1.132392168045044,1.6526782512664795,6.966958999633789,,,,,,0.4868898391723633,,,,,,,,,,20.85519027709961,0.135000005364418,1.956724047660828,0.2140384465456009,0.209999993443489,,,,,1.463955283164978,6.650990962982178,1.2520493268966677,4.884647846221924,,2.741406202316284,0.6000000238418579,,1.800196886062622,0.0280000008642673,,,,,,,3.401519298553467,0.6155020594596863,0.4650000035762787,,0.4136649966239929,,,0.7260178923606873,6.317780017852783,,,,,,,,,7.961509227752685,6.111413955688477,,,,,3.0612149238586426,9.59074878692627,1.0880439281463623,1.2499897480010986,2.114471912384033,1.1071269512176514,2.423462390899658,1.6151816844940186,2.421638250350952,,,,,4.503190994262695,,,,19.24253463745117,8.137212753295898,1.5943496227264404,1.4097222089767456,2.925044536590576,0.1928294152021408,,,,1.845016360282898,2.189512252807617,,,,,1.399999976158142,0.9809588193893432,,4.257867336273193,1.591722846031189,7.339010238647461,,,,,,,,,,,0.6499999761581421,1.3570343255996704,,,1.8651371002197263,1.2234708070755005,1.001502513885498,0.8200764656066895,,,,,,,,,,,,,,,,,0.9181445837020874,2.298919677734375,5.078782558441162,,,,,,5.028127193450928,1.2000000476837158,4.192415714263916,,,,,0.9949369430541992,0.901924192905426,5.310088634490967,5.492162704467773,,,,1.1399999856948853,0.2450000047683715,8.181296348571777,2.091716051101685,2.551269769668579,,2.709434032440185,2.7261431217193604,0.1949999928474426,0.9936082363128662,1.00340473651886,,0.893944263458252,,,3.718629837036133,,,0.6800000071525574,,,3.9505436420440674,,5.76625919342041,0.2649999856948852,0.3582085371017456,1.2074999809265137,0.3300000131130218,8.285280227661133,,,,,,3.930962562561035,2.599614143371582,2.030221700668335,2.682408094406128,,3.700000047683716,1.922552227973938,3.119999885559082,,,,1.4166467189788818,7.533745765686035,0.6299999952316284,1.064483642578125,8.981395721435547,,,,,0.3993209898471832,2.774026393890381,2.819999933242798,2.1110076904296875,3.118175745010376,,,,,2.61892318725586,2.8202967643737797,2.7426764965057373,10.67284107208252,6.865292549133301,,6.080708980560303,5.4285173416137695,,4.097686767578125,,,,1.7000000476837158,2.373321056365967,2.1963236331939697,19.0019645690918,0.0949999988079071,3.025089979171753,,,,,,,2.667405366897583,,
2022-07-29,,,,6.4119062423706055,3.669334650039673,1.1613043546676636,1.7261306047439575,7.238651275634766,,,,,,0.5210576057434082,,,,,,,,,,21.8939151763916,0.1459999978542328,2.01379919052124,0.2140384465456009,0.2300000041723251,,,,,1.5129048824310305,7.204716205596924,1.355347752571106,4.944096088409424,,2.8514387607574463,0.550000011920929,,1.904044508934021,0.0340000018477439,,,,,,,3.670621156692505,0.663463294506073,0.5600000023841858,,0.4136649966239929,,,0.7610067129135132,6.638876914978027,,,,,,,,,8.00337028503418,6.763185501098633,,,,,3.080528259277344,10.605154037475586,1.139245867729187,1.2247281074523926,2.069875478744507,1.1449769735336304,2.561446189880371,1.6638712882995603,2.4856207370758057,,,,,4.610409259796143,,,16.08757209777832,20.417503356933597,9.177708625793455,1.5532052516937256,1.380555510520935,2.982530117034912,0.2361176460981369,,,,2.0110678672790527,2.3795456886291504,,,,,1.4299999475479126,1.0029205083847046,,4.33893632888794,1.742517590522766,8.007930755615234,,,,,,,,,,,0.8500000238418579,1.4167779684066772,,,1.938773512840271,1.2711385488510132,0.9923978447914124,0.8579261898994446,,,,,,,,,,,,,,,,,0.9498046040534972,2.298919677734375,5.456320762634277,,,,,,5.315051078796387,1.399999976158142,4.452202320098877,,,,,1.00374174118042,0.9099768996238708,5.291522026062012,5.556560039520264,,,,1.1200000047683716,0.2649999856948852,8.841803550720215,2.129920721054077,2.783203601837158,,2.747196674346924,2.7288975715637207,0.2049999982118606,0.9297989010810852,0.9100647568702698,,0.9035565853118896,,,3.880270481109619,,,0.7799999713897705,,,4.058777809143066,,6.470818042755127,0.2750000059604645,0.3223876953125,1.4431097507476809,0.3149999976158142,8.639033317565918,,,,,,3.9128479957580566,2.599614143371582,2.082502603530884,2.5533573627471924,,3.700000047683716,1.8818199634552,3.200000047683716,,,,1.5190550088882446,7.125076770782471,0.7300000190734863,1.1147743463516235,10.01051139831543,,,,,0.4592190086841583,2.6990528106689453,2.7100000381469727,2.238395929336548,3.1261978149414062,,,,,2.7487714290618896,2.918360471725464,2.8987085819244385,11.318229675292969,7.46514368057251,,6.494316101074219,5.881461143493652,,4.207291603088379,,,,1.830000042915344,2.496610403060913,2.515005826950073,21.076339721679688,0.0949999988079071,2.908740520477295,,,,,,,2.4824392795562744,,
2022-08-31,,,,6.556354522705078,3.47099232673645,1.1372109651565552,1.6434965133666992,7.335684299468994,,,,,,0.5808510184288025,,,,,,,,,,21.97943878173828,0.1420000046491623,1.9976277351379397,0.2221153825521469,0.2300000041723251,,,,,1.531034231185913,7.18991231918335,1.316165804862976,6.172689437866211,,2.924793243408203,0.550000011920929,,1.9228034019470213,0.0299999993294477,,,,,,,3.620285749435425,0.6714566946029663,0.6299999952316284,,0.4038160145282745,,,0.6954027414321899,6.838476657867432,,,,,,,,,8.371725082397461,6.784347057342529,,,,,3.235037326812744,10.974029541015623,1.1611895561218262,1.24811851978302,2.0950822830200195,1.0882010459899902,2.5225775241851807,1.6020729541778564,2.401280403137207,,,,,5.00354528427124,,,16.527122497558594,18.934345245361328,9.088778495788574,1.5120608806610107,1.3902777433395386,2.943680763244629,0.2046353071928024,,,,2.006455183029175,2.4456441402435303,,,,,1.3700000047683716,0.9955999851226808,,,1.5606995820999146,8.648181915283203,,,,,,,,,,,0.8500000238418579,1.4247957468032837,,,1.9164888858795168,1.2790828943252563,0.983293354511261,0.8579261898994446,,,,,,,,,,,,,,,,,0.9701691269874572,2.134018421173096,5.213617324829102,,,,,,5.415334701538086,1.7000000476837158,4.483555793762207,,,,,1.1182034015655518,0.8858184218406677,5.4029221534729,5.510561943054199,,,,1.340000033378601,0.2199999988079071,9.272900581359863,2.082732915878296,2.746094226837158,,2.722984313964844,2.735125064849853,0.2349999994039535,1.0300710201263428,1.0189613103866575,,0.9516180753707886,,,3.9070613384246826,,,0.449999988079071,,,4.3293633460998535,,6.229784965515137,0.270000010728836,0.3179100751876831,1.2958537340164185,0.3000000119209289,8.555249214172363,,,,,,4.284206867218018,2.700303792953491,2.221916675567627,2.6271004676818848,,3.5999999046325684,2.012162685394287,3.4800000190734863,,,,1.5361229181289673,7.738080978393555,0.7599999904632568,1.2740278244018557,10.33795928955078,,,,,0.4442450106143951,2.689680814743042,2.650000095367432,2.4749748706817627,3.177168369293213,,,,,2.7373147010803223,2.898747444152832,2.895801067352295,11.378555297851562,7.445443630218506,,6.505885601043701,5.95743989944458,,4.272669792175293,,,,1.850000023841858,2.395336627960205,2.787615776062012,21.242637634277344,0.0949999988079071,2.94454026222229,,,,,,,2.55134916305542,,
2022-09-30,,,,6.556354522705078,3.2726500034332275,1.083241581916809,1.6159520149230957,6.986365795135498,,,,,,0.6107478737831116,,,,,,,,,,22.407054901123047,0.1369999945163726,1.9396016597747805,0.205961525440216,0.2300000041723251,,,,,1.4503581523895264,6.8701581954956055,1.154093861579895,6.063701152801514,,2.7705600261688232,0.550000011920929,,1.7539721727371216,0.0320000015199184,,,,,,,3.419911623001098,0.5772326588630676,0.5199999809265137,,0.3841170072555542,,,0.6997763514518738,6.728941917419434,,,,,,,,,8.496230125427246,6.607608318328857,,,,,3.139482259750366,9.586336135864258,1.102672815322876,1.2116293907165527,1.970017433166504,0.946262001991272,2.4603874683380127,1.529038667678833,2.320817232131958,,,,,4.49889087677002,,,16.73224639892578,17.817161560058594,8.869879722595215,1.6367799043655396,1.4388889074325562,2.87359356880188,0.212505891919136,,,,1.8576431274414065,2.333566904067993,,,,,1.4500000476837158,0.9882794618606568,,,1.4313597679138184,8.265942573547363,,,,,,,,,,,0.8399999737739563,1.3125392198562622,,,1.850603461265564,1.2047945261001587,0.9559795260429382,0.7806240320205688,,,,,,,,,,,,,,,,,0.9701691269874572,2.134018421173096,5.225522041320801,,,,,,5.162767887115479,1.5,4.43256950378418,,,,,1.1906296014785769,0.8433790802955627,5.744175910949707,5.262172698974609,,,,1.149999976158142,0.2000000029802322,8.685041427612305,2.0510895252227783,2.671875476837158,,2.7011780738830566,2.7397329807281494,0.209999993443489,0.998632311820984,0.9402294754981996,,0.8747196793556213,,,3.759709596633911,,,0.5,,,4.101929187774658,,6.05528736114502,0.3149999976158142,0.2776115834712982,1.158414602279663,0.2300000041723251,7.95945405960083,,,,,,4.4834723472595215,2.563000440597534,2.053469181060791,2.4980499744415283,,3.200000047683716,1.805954933166504,3.549999952316284,,,,1.4450706243515017,7.693659782409668,0.675000011920929,1.217137098312378,10.183433532714844,,,,,0.3993209898471832,2.595963954925537,2.640000104904175,2.547767639160156,2.9987711906433105,,,,,2.6418378353118896,2.657512187957764,2.8444366455078125,11.05298900604248,7.164725303649902,,6.269675731658936,5.704180240631104,,4.207291603088379,,,,1.6399999856948853,2.266162872314453,2.5582547187805176,20.743741989135746,0.0949999988079071,2.765540838241577,,,,,,,2.629551649093628,,
2022-10-31,,,,6.556354522705078,3.679251909255981,1.0813143253326416,1.6618597507476809,7.471529960632324,,,,,,0.6662703156471252,,,,,,,,,,24.12606811523437,0.1400000005960464,1.9376989603042605,0.1817307621240615,0.2300000041723251,,,,,1.4113798141479492,7.390901565551758,1.243144392967224,5.746644973754883,,2.829808235168457,0.550000011920929,,1.7821104526519775,0.0280000008642673,,,,,,,3.5622057914733887,0.5772326588630676,0.4550000131130218,,0.4149999916553497,,,0.7435123324394226,6.79191255569458,,,,,,,,,8.540024757385254,7.224898338317871,,,,,3.129702091217041,9.426563262939451,1.1191306114196775,1.1601701974868774,1.9108778238296509,0.9746500253677368,2.547842025756836,1.6460808515548706,2.45653772354126,,,,,4.777748107910156,,,17.386688232421875,18.857297897338867,9.36767864227295,1.6044752597808838,1.3300000429153442,2.866872310638428,0.212505891919136,,,,1.92266058921814,2.410216808319092,,,,,1.5299999713897705,0.9150734543800354,,3.875366687774658,1.474473237991333,8.351945877075195,,,,,,,,,,,0.8799999952316284,1.329809546470642,,,1.8825771808624268,1.123935580253601,0.983293354511261,0.7720925211906433,,,,,,,,,,,,,,,,,0.9701691269874572,2.134018421173096,5.33553409576416,,,,,,5.127482891082764,1.5,4.506445407867432,,,,,1.1997184753417969,0.8188145160675049,5.847929000854492,4.848190784454346,,,,1.1100000143051147,0.2199999988079071,9.110404014587402,2.071226119995117,2.634765863418579,,2.6964375972747803,2.744340419769287,0.2349999994039535,0.9801392555236816,0.9003891348838806,,0.8266581296920776,,,3.87134051322937,,,0.4300000071525574,,,3.83095932006836,,6.09283971786499,0.2949999868869781,0.2641787827014923,1.1878658533096311,0.2399999946355819,7.8011956214904785,,,,,,4.293263912200928,2.5721540451049805,1.9915111064910889,2.673190116882324,,2.9800000190734863,1.8227542638778689,3.119999885559082,,,,1.3844987154006958,7.546552658081055,0.7900000214576721,1.146578311920166,9.144307136535645,,,,,0.369372010231018,2.5303618907928467,2.690000057220459,3.3575942516326904,3.058117151260376,,,,,2.781233549118042,2.814413070678711,2.9549190998077397,11.662946701049805,7.297697067260742,,6.637005805969238,6.165891647338867,,4.584178924560547,,,,1.5399999618530271,2.0795373916625977,2.646470785140991,23.334516525268555,0.0949999988079071,2.77449107170105,,,,,,,2.209214210510254,,
2022-11-30,,,,6.556354522705078,3.669334650039673,1.0980870723724363,1.6659433841705322,7.801442146301269,,,,,,0.6577284336090088,,,,,,,,,,23.652437210083008,0.1209999993443489,2.016756057739258,0.1857692301273346,0.2199999988079071,,,,,1.5162135362625122,7.361666202545166,1.261351466178894,6.588825702667236,,2.944748640060425,0.550000011920929,,1.810249090194702,0.0270000007003545,,,,,,,3.516740560531616,0.5772326588630676,0.4300000071525574,,0.3799999952316284,,,0.6560403108596802,6.737936973571777,,,,,,,,,8.583819389343262,7.085789680480957,,,,,3.168823003768921,9.39836883544922,1.1215234994888306,1.207864761352539,2.0068576335906982,0.9134610295295716,2.490184783935547,1.7156120538711548,2.5718274116516118,,,,,4.601138591766357,,,17.19133186340332,22.72892189025879,9.050896644592283,1.669084906578064,1.2999999523162842,2.90659499168396,0.208570584654808,,,,1.94623064994812,2.15897536277771,,,,,2.380000114440918,0.9663175940513612,,,1.5865676403045654,8.523575782775879,,,,,,,,,,,0.9200000166893004,1.3120962381362915,,,1.94425630569458,1.13202166557312,1.0312501192092896,0.79342120885849,,,,,,,,,,,,,,,,,0.9701691269874572,2.134018421173096,5.042171478271484,,,,,,5.193307399749756,1.0,4.520297050476074,,,,,1.1451858282089231,0.7614975571632385,5.423483371734619,4.853393077850342,,,,1.0,0.1949999928474426,9.264276504516602,2.0775277614593506,2.671875476837158,,2.7115304470062256,2.7526233196258545,0.2349999994039535,0.9708930850028992,0.9402294754981996,,0.7968375086784363,,,4.0633039474487305,,,0.4600000083446502,,,3.877678155899048,,5.952019214630127,0.3149999976158142,0.2686564028263092,1.1878658533096311,0.2199999988079071,6.190686702728272,,,,,,3.967193365097046,2.4604740142822266,1.938404083251953,2.5441393852233887,,2.450000047683716,1.9422105550765991,3.049999952316284,,,,1.2979676723480225,7.41926097869873,0.9950000047683716,1.146578311920166,8.83257007598877,,,,,0.369372010231018,2.586592197418213,2.5,3.3575942516326904,3.0322742462158203,,,,,2.686711549758911,2.8408901691436768,2.8302478790283203,11.119186401367188,6.79200553894043,,6.408543109893799,5.816198825836182,,4.409195423126221,,,,1.5199999809265137,2.08375096321106,2.487682342529297,23.015962600708008,0.0949999988079071,2.7094621658325195,,,,,,,1.9843827486038208,,
2022-12-30,,,,6.556354522705078,3.6197493076324463,1.097122073173523,1.589785933494568,7.578266143798828,,,,,,0.6363736391067505,,,,,,,,,,22.15488815307617,0.1159999966621398,1.9628214836120603,0.1817307621240615,0.2300000041723251,,,,,1.4976325035095217,7.101294994354248,1.234010100364685,7.312110424041748,,2.855947732925415,0.550000011920929,,,0.025000000372529,,,,,,,3.496345281600952,0.5887590646743774,0.4699999988079071,,0.3700000047683716,,,0.6604138612747192,6.935847759246826,,,,,,,,,8.224700927734375,7.094484329223633,,,,,3.2275049686431885,9.586336135864258,1.133713960647583,1.19741952419281,2.00783109664917,0.961538016796112,2.3696134090423584,1.694747805595398,2.54553484916687,,,,,4.387348175048828,,,16.70294189453125,21.93047142028809,8.74316692352295,1.755231261253357,1.3600000143051147,2.894087553024292,0.2479235380887985,,,,1.890089511871338,2.1973001956939697,,,,,2.5299999713897705,1.0452772378921509,,,1.552077054977417,8.330952644348145,,,,,,,,,,,0.8799999952316284,1.3120962381362915,,,1.8722108602523804,1.1391204595565796,0.9656249284744264,0.7884392142295837,,,,,,,,,,,,,,,,,0.89830482006073,2.134018421173096,5.097177505493164,,,,,,5.175421237945557,0.8999999761581421,4.838887691497803,,,,,1.045209288597107,0.7518901228904724,5.310297012329102,4.66672420501709,,,,1.1200000047683716,0.1739999949932098,8.76418399810791,2.06019926071167,2.651930809020996,,2.702012777328491,2.760035753250122,0.2199999988079071,0.998632311820984,0.9163253307342528,,0.7476499676704407,,,3.909370183944702,,,0.5,,,4.083241939544678,,5.886302947998047,0.2750000059604645,0.2504788935184479,1.001341462135315,0.2150000035762787,5.03340482711792,,,,,,3.713582754135132,2.330486536026001,2.035766839981079,2.1846413612365723,,2.25,1.9506916999816892,3.5299999713897705,,,,1.244009017944336,6.919188022613525,1.0399999618530271,1.1201188564300537,8.36023998260498,,,,,0.3494060039520263,,2.369999885559082,3.148313045501709,2.8341429233551025,,,,,2.5845518112182617,2.718311548233032,2.685231924057007,10.578054428100586,6.353429794311523,,6.15873384475708,5.534690856933594,,4.263055801391602,,,,1.5199999809265137,2.0208797454833984,2.390645265579224,22.36092567443848,0.0799999982118606,2.4043009281158447,,,,,,,1.6226972341537476,,
2023-01-31,,,,6.556354522705078,3.7685060501098633,1.111595869064331,1.618345022201538,8.247793197631836,,,,,,0.6619993448257446,,,,,,,,,,24.04884529113769,0.1220000013709068,2.063948154449463,0.1978846192359924,0.2199999988079071,,,,,1.6230547428131104,7.622037887573242,1.317857265472412,7.34183406829834,,3.091794967651367,0.550000011920929,,1.8679112195968628,0.0270000007003545,,,,,,,3.710982084274292,0.5804667472839355,0.5199999809265137,,0.3899999856948852,,,0.6560403108596802,6.980827331542969,,,,,,,,,8.23345947265625,7.268368244171143,,,,,3.3742098808288574,9.492352485656738,1.164659023284912,1.2543940544128418,2.1237049102783203,0.9519230127334596,2.474627017974853,1.7772564888000488,2.661418199539185,,,,,4.712681293487549,,,,24.51167297363281,8.616454124450684,1.7390787601470947,1.350000023841858,2.938345670700073,0.303017646074295,,,,1.9275169372558596,2.435766696929932,,,,,2.880000114440918,1.0527971982955933,,,1.5606995820999146,8.552468299865723,,,,,,,,,,,0.9800000190734864,1.3383381366729736,,,1.9559394121170044,1.1638840436935425,0.9937499165534972,0.8274279832839966,,,,,,,,,,,,,,,,,0.89830482006073,1.9594168663024905,5.495967388153076,,,,,,5.322268486022949,1.399999976158142,4.921998023986816,,,,,1.054297924041748,0.7685987949371338,5.338593482971191,5.124062538146973,,,,1.0700000524520874,0.1780000030994415,9.515288352966309,2.092931032180786,2.774617910385132,,2.743889331817627,2.7674477100372314,0.2049999982118606,0.9893862009048462,0.9402294754981996,,0.8755374550819397,,,4.240920066833496,,,0.5,,,4.167336463928223,,5.895691394805908,0.2750000059604645,0.2641413807868957,1.001341462135315,0.1809999942779541,6.494411945343018,,,,,,3.897423267364502,2.599745750427246,1.8941484689712524,2.313692092895508,,2.539999961853028,2.052467107772827,3.5,,,,1.2177273035049438,7.455629348754883,1.3300000429153442,1.1642180681228638,9.229327201843262,,,,,0.4392530024051666,2.870288848876953,2.3299999237060547,3.5759739875793457,2.886762380599976,,,,,2.693395137786865,2.87129020690918,2.7718522548675537,10.779294967651367,6.71397066116333,,6.412432193756104,5.844447135925293,,4.240941524505615,,,,1.4500000476837158,2.151114225387573,2.373002052307129,23.276180267333984,0.0820000022649765,2.4043009281158447,,,,,,,1.8182029724121092,,
2023-02-28,,,,6.67161750793457,3.302401304244995,1.0901439189910889,1.599305510520935,8.480670928955078,,,,,,0.6748123168945312,,,,,,,,,,23.79337882995605,0.1180000007152557,2.075505495071411,0.2180769294500351,0.1909999996423721,,,,,1.5961121320724487,7.423467636108398,1.290515661239624,7.163490295410156,,2.993445634841919,0.550000011920929,,1.905647039413452,0.0289999991655349,,,,,,,3.931446075439453,0.6302210092544556,0.449999988079071,,0.3400000035762787,,,0.6691610813140869,6.890867710113525,,,,,,,,,7.979447841644287,7.216203689575195,,,,,3.295967102050781,8.646499633789062,1.134651780128479,1.2249571084976196,2.0808608531951904,0.8653839826583862,2.5757510662078857,1.8758876323699951,2.780222654342652,,,,,4.415234088897705,,,18.045562744140625,25.21034240722656,8.688860893249512,1.669084906578064,1.3700000047683716,2.899958372116089,0.3266294002532959,,,,2.0117292404174805,2.4698336124420166,,,,,2.930000066757202,1.0151973962783811,,4.318301200866699,1.5606995820999146,8.475419998168945,,,,,,,,,,,0.959999978542328,1.3032454252243042,,,1.977358102798462,1.1803929805755615,1.0593750476837158,0.8014354705810547,,,,,,,,,,,,,,,,,0.89830482006073,2.1049182415008545,5.748075008392334,,,,,,5.263906478881836,1.399999976158142,4.903529167175293,,,,,1.054297924041748,0.7853073477745056,5.28200101852417,4.722724437713623,,,,1.0099999904632568,0.1850000023841858,9.177388191223145,2.0548040866851807,2.4631810188293457,,2.712651252746582,2.776400089263916,0.2249999940395355,0.9801392555236816,0.9322614669799804,,0.7673249840736389,,,4.117043972015381,,,0.4699999988079071,,,3.9337410926818848,,5.82997465133667,0.2549999952316284,0.2686955630779266,0.9718902707099916,0.1720000058412552,5.260000228881836,,,,,,3.171252489089966,2.553321599960327,1.956106424331665,2.396653175354004,,2.369999885559082,2.145761251449585,3.3299999237060547,,,,1.2177273035049438,7.551138877868652,1.340000033378601,1.1201188564300537,8.69087028503418,,,,,0.4050000011920929,,2.180000066757202,3.648767709732056,2.9479966163635254,,,,,2.767866849899292,2.874232053756714,2.880857467651367,11.273244857788086,7.104145526885986,,6.648632526397705,6.104525089263916,,4.364007949829102,,,,1.440000057220459,2.137641668319702,2.399466753005981,22.16352081298828,0.0750000029802322,2.45053768157959,,,,,,,1.916445255279541,,
2023-03-31,,,,6.67161750793457,3.431324005126953,1.1152492761611938,1.5326677560806274,8.441859245300293,,,,,,0.6534574627876282,,,,,,,,,,21.69681167602539,0.0949999988079071,2.078394889831543,0.2019230723381042,0.1899999976158142,,,,,1.5673115253448486,6.910092830657959,1.1747702360153198,6.182597160339356,,2.932335376739502,0.550000011920929,,1.849043607711792,0.0289999991655349,,,,,,,3.9955456256866455,0.582741379737854,0.3350000083446502,,0.3000000119209289,,,0.6647875308990479,7.092289924621582,,,,,,,,,7.920570373535156,7.469583034515381,,,,,3.0808005332946777,7.781848907470703,1.1233989000320437,1.2429991960525513,2.091571807861328,0.8269230127334595,2.59130859375,1.8635587692260744,2.7695107460021973,,,,,4.216157913208008,,,17.69268798828125,25.860490798950195,8.714986801147461,1.87549352645874,1.3200000524520874,2.93660569190979,0.3463058769702911,,,,2.0163021087646484,2.4365227222442627,,,,,2.819999933242798,1.0151973962783811,,,1.3867650032043457,8.860666275024414,,,,,,,,,,,0.8299999833106995,1.2500518560409546,,,2.0270111560821533,1.111749291419983,1.0312501192092896,0.8013421893119812,,,,,,,,,,,,,,,,,0.8551862239837646,2.1049182415008545,5.864846229553223,,,,,,5.139651775360107,0.8999999761581421,4.902749061584473,,,,,0.9990921020507812,0.7223542332649231,5.045772075653076,4.638723850250244,,,,0.9800000190734864,0.1710000038146972,8.771907806396484,2.0886478424072266,2.500931024551392,,2.744193315505981,2.783841609954834,0.2049999982118606,0.9280866384506226,0.889066219329834,,0.7181375026702881,,,4.014118194580078,,,0.4300000071525574,,,4.128164768218994,,5.93206787109375,0.2649999856948852,0.2140456140041351,0.854085385799408,0.1969999969005584,5.25,,,,,,3.0133755207061768,2.581176280975342,2.145967960357666,2.2565934658050537,,2.390000104904175,2.187568664550781,2.130000114440918,,,,1.1625028848648071,7.064857006072998,1.2400000095367432,0.9771283864974976,8.420945167541504,,,,,0.3799999952316284,2.813263416290283,2.0999999046325684,3.639668703079224,2.939249277114868,,,,,2.7525904178619385,2.8977670669555664,2.901296377182007,11.19814109802246,7.364920616149902,,6.339529991149902,5.680801868438721,,4.198638916015625,,,,1.3899999856948853,2.123742818832397,2.5202953815460205,20.952152252197266,0.0659999996423721,1.7107526063919067,,,,,,,1.9757167100906368,,
2023-04-28,,,,6.67161750793457,3.371821403503418,1.1162148714065552,1.551707148551941,8.577706336975098,,,,,,0.6491865515708923,,,,,,,,,,23.115079879760746,0.101000003516674,2.128476858139038,0.1978846192359924,0.2000000029802322,,,,,1.5998282432556152,7.193750858306885,1.235832929611206,5.845725059509277,,3.001084327697754,0.3499999940395355,,1.9553067684173584,0.0289999991655349,,,,,,,3.91784930229187,0.6080779433250427,0.3300000131130218,,0.2949999868869781,,,0.7081334590911865,7.174758434295654,,,,,,,,,8.143058776855469,7.673863887786865,,,,,2.761347770690918,8.505524635314941,1.132776141166687,1.2316043376922607,2.0759923458099365,0.7692300081253052,2.7109076976776123,1.9602930545806885,2.9584295749664307,,,,,4.351539134979248,,,,26.8599796295166,8.76109790802002,1.914335250854492,1.350000023841858,2.9404637813568115,0.3305647075176239,,,,2.0587007999420166,2.3837461471557617,,,,,3.220000028610229,1.2045692205429075,,4.417323112487793,1.41343355178833,9.19775676727295,,,,,,,,,,,0.8199999928474426,1.2589173316955566,,,2.0912680625915527,1.0949043035507202,1.0406250953674316,0.8101481795310974,,,,,,,,,,,,,,,,,0.8336268067359924,2.1049182415008545,5.892729759216309,,,,,,5.080347061157227,0.800000011920929,5.098858833312988,,,,,1.0085176229476929,0.7393507957458496,4.864543914794922,4.592056751251221,,,,0.9200000166893004,0.1509999930858612,9.069259643554688,2.105086326599121,2.3688061237335205,,2.7604422569274902,2.789421796798706,0.2049999982118606,0.8515433669090271,0.889066219329834,,0.6787874698638916,,,4.088808059692383,,,0.4650000035762787,,,4.176167011260986,,5.989015102386475,0.2899999916553497,0.2140456140041351,1.0111585855484009,0.1870000064373016,5.300000190734863,,,,,,2.929671287536621,2.795233726501465,2.1644675731658936,2.266035318374634,,2.0999999046325684,2.291738748550415,1.6100000143051147,,,,1.1447548866271973,7.312585353851318,1.5499999523162842,0.9406000971794128,7.789373874664307,,,,,0.3849999904632568,,2.059999942779541,3.8125524520874015,2.9908149242401123,,,,,2.85188627243042,2.953663110733032,2.97818374633789,11.73060703277588,7.605939865112305,,6.385214328765869,5.72950553894043,,4.358238697052002,,,,1.2300000190734863,2.1146671772003174,2.61128044128418,21.840486526489254,0.0599999986588954,1.590537667274475,,,,,,,1.9757167100906368,,
2023-05-31,,,,6.67161750793457,3.80817437171936,1.120936632156372,1.618345022201538,8.611666679382324,,,,,,0.6619993448257446,,,,,,,,,,22.831928253173828,0.0989999994635582,2.167001247406006,0.209999993443489,0.2000000029802322,,,,,1.5050649642944336,7.159339904785156,1.2283684015274048,5.726829051971436,,2.888412475585937,0.3499999940395355,,1.91733992099762,0.0280000008642673,,,,,,,4.359785556793213,0.6080779433250427,0.4000000059604645,,0.2949999868869781,,,0.685290515422821,7.202248573303223,,,,,,,,,8.187557220458984,7.269742965698242,,,,,2.958587169647217,8.928450584411621,1.1538857221603394,1.2544225454330444,2.1405959129333496,0.7307689785957336,2.8501064777374268,1.9308974742889404,2.938664674758911,,,,,4.85438346862793,,,17.92758560180664,22.56121635437012,8.318431854248047,1.953176736831665,1.25,2.920581340789795,0.2597294151782989,,,,2.030005693435669,2.4101343154907227,,,,,4.320000171661377,1.322309136390686,,4.252190113067627,1.3956544399261477,9.75307273864746,,,,,,,,,,,0.8199999928474426,1.240231990814209,,,2.171003580093384,1.1370160579681396,1.021875023841858,0.8013421893119812,,,,,,,,,,,,,,,,,0.8264403939247131,2.1344263553619385,6.097209453582764,,,,,,5.103551387786865,0.8999999761581421,4.958780288696289,,,,,0.961390495300293,0.7733439803123474,4.788237571716309,4.433387756347656,,,,0.9300000071525574,0.1500000059604644,9.01712703704834,2.103022575378418,2.359368801116944,,2.7528364658355717,2.807957172393799,0.1949999928474426,0.8515433669090271,0.7884172201156616,,0.8263499736785889,,,4.047766208648682,,,0.4250000119209289,,,4.070562362670898,,6.007997989654541,0.2399999946355819,0.227708101272583,0.9522561430931092,0.1509999930858612,6.349999904632568,,,,,,2.938971281051636,2.588179588317871,2.0627191066741943,2.077198982238769,,3.059999942779541,2.213610887527466,1.5499999523162842,,,,1.206873059272766,6.927230358123779,1.7000000476837158,1.022788405418396,8.727160453796387,,,,,0.3600000143051147,,2.039999961853028,3.484982490539551,3.204444169998169,,,,,2.9711430072784424,3.004627227783203,3.150428533554077,12.273324966430664,8.257877349853516,,6.462004661560059,5.820095062255859,,4.322138786315918,,,,1.3300000429153442,2.07836389541626,2.656773567199707,21.00035858154297,0.0759999975562095,1.6182795763015747,,,,,,,1.827538013458252,,
2023-06-30,,,,6.67161750793457,3.5814192295074463,1.1199625730514526,1.3513888120651243,8.296309471130371,,,,,,0.6662703156471252,,,,,,,,,,23.4879150390625,0.0799999982118606,2.167001247406006,0.2140384465456009,0.2000000029802322,,,,,1.5682404041290283,7.184450626373291,1.2320905923843384,5.300784587860107,2.5204999446868896,2.955251693725586,0.3499999940395355,,1.8983564376831052,0.0240000002086162,,,,,,101.78780364990234,4.439144134521484,0.6116097569465637,0.4000000059604645,,0.25,,,0.6670161485671997,7.422164440155029,,,,,,,,,7.653585910797119,7.48290491104126,,,,,2.8698294162750244,8.12958812713623,1.1798914670944214,1.27372145652771,2.189714908599853,0.6730759739875793,2.9198129177093506,1.9414645433425903,2.959269762039185,,,,,5.24118709564209,,,17.613128662109375,24.004226684570312,7.672876358032227,1.8921401500701904,1.2200000286102295,2.9495842456817627,0.303017646074295,2.414632558822632,,,2.105893850326538,2.4013383388519287,,,,2.4949967861175537,4.199999809265137,1.2158023118972778,,,1.5112183094024658,9.899368286132812,,,,,,,,,,,0.7799999713897705,1.276180863380432,,,2.2318272590637207,1.152855396270752,0.9642857313156128,0.814307451248169,,,,,,,,,,,,,,,,,0.8336268067359924,2.1344263553619385,6.041441917419434,,,,,,5.083477020263672,0.800000011920929,5.229598522186279,,,,,0.9048380851745604,0.7970025539398193,4.740545749664307,4.704237461090088,,,,0.8299999833106995,0.1299999952316284,9.181249618530272,2.0719528198242188,2.37507963180542,,2.7528364658355717,2.8154549598693848,0.2049999982118606,0.8419754505157471,0.796804666519165,,0.7699999809265137,,,4.107057094573975,,,0.0869999974966049,,,3.926557064056397,,5.922576427459717,0.2399999946355819,0.1958289742469787,0.8835365772247314,0.1539999991655349,6.579999923706055,,,,,,3.01901912689209,2.964642286300659,1.923971176147461,2.152733564376831,,3.75,2.118122100830078,1.659999966621399,,,,1.2595441341400146,6.81712818145752,1.870000004768372,1.022788405418396,9.176916122436523,,,,,0.3100000023841858,2.9276721477508545,1.9900000095367432,3.521378993988037,3.2222466468811035,,,,,3.021501064300537,3.0825796127319336,3.2897932529449463,12.617501258850098,8.620394706726074,2.5165586471557617,6.7720794677734375,6.156150341033936,,4.474217891693115,,,,1.7300000190734863,2.1461949348449707,3.020714521408081,21.52767944335937,0.0659999996423721,1.6275267601013184,,,,,,,1.876930832862854,,
2023-07-31,,,,6.67161750793457,3.680903196334839,1.120936632156372,1.2444443702697754,8.15075969696045,,,,,,0.6748123168945312,,,,,,,,,,25.310094833374023,0.0790000036358833,2.224787950515747,0.2140384465456009,0.1899999976158142,,,,,1.5868215560913086,7.460669040679932,1.25814688205719,5.4692206382751465,,2.9867618083953857,0.3499999940395355,,,0.0240000002086162,,,,,,,4.455799102783203,0.6288382411003113,0.4699999988079071,,0.2300000041723251,,,0.676153302192688,7.614591121673584,,,,,,,,,8.232054710388184,7.638336658477783,,,,,3.1459643840789795,8.66529655456543,1.194339156150818,1.3267930746078491,2.2781286239624023,0.6153839826583862,2.9944281578063965,1.9981426000595093,3.0289342403411865,,,,,5.395908355712891,,,,24.07280921936035,7.894210338592529,1.958725452423096,1.2200000286102295,2.9447507858276367,0.3345000147819519,,,,2.1438379287719727,2.3837461471557617,,,,,4.480000019073486,1.2343641519546509,,,1.6001135110855105,9.704306602478027,,,,,,,,,,,0.7099999785423279,1.339091181755066,,,2.246542453765869,1.1442521810531616,0.877500057220459,0.850101113319397,,,,,,,,,,,,,,,,,0.8264403939247131,2.1344263553619385,6.12509298324585,,,,,,5.209656238555908,0.6000000238418579,5.271622657775879,,,,,0.9236889481544496,0.840317964553833,4.597471237182617,4.561685562133789,,,,0.800000011920929,0.1829999983310699,9.479568481445312,2.073894500732422,2.280076503753662,,2.75187611579895,2.822015285491944,0.2000000029802322,0.8611112833023071,0.796804666519165,,0.7599999904632568,,,4.1861114501953125,,,0.1340000033378601,,,4.022561073303223,,5.884611129760742,0.2249999940395355,0.1821664869785308,0.7300000190734863,0.1480000019073486,6.809999942779541,,,,,,3.17236590385437,3.2752232551574707,1.8869715929031368,2.133849859237671,,4.0,2.1702067852020264,1.6200000047683716,,,,1.3765017986297607,6.81712818145752,1.830000042915344,1.1780331134796145,9.856332778930664,,,,,0.3300000131130218,,2.039999961853028,3.22110652923584,3.212137460708618,,,,,3.112533569335937,3.186187267303467,3.370271682739258,12.918777465820312,8.83474349975586,,6.971343994140625,6.3042097091674805,,4.566239833831787,,,,1.840000033378601,2.173710584640503,2.975222110748291,22.2955322265625,0.0659999996423721,1.6645159721374512,,,,,,,2.360981702804565,,
2023-08-31,,,,6.81850004196167,3.471987009048462,1.1139518022537231,1.1374999284744265,7.578266143798828,,,,,,0.6876251101493835,,,,,,,,,,25.09143447875977,0.0790000036358833,2.218045949935913,0.2140384465456009,0.1800000071525573,,,,,1.5877506732940674,7.537848949432373,1.2292989492416382,4.954004287719727,,2.998219966888428,0.3499999940395355,,1.9675178527832031,0.0209999997168779,,,,,,101.9877700805664,4.455799102783203,0.6546809673309326,0.4950000047683716,,0.1899999976158142,,,0.6487416625022888,7.669569492340088,,,,,,,,,8.276552200317383,7.127633571624756,,,,,3.1558263301849365,7.781848907470703,1.1423276662826538,1.3113540410995483,2.260446071624756,0.6346150040626526,3.071988582611084,2.006788492202759,3.046595811843872,,,,,4.670651912689209,,,,22.25044822692871,8.032544136047363,2.4050307273864746,1.2200000286102295,2.937711477279663,0.377788245677948,,,,2.053720712661743,2.2298145294189453,,,,,4.440000057220459,1.2065212726593018,,,1.591223955154419,9.840849876403809,,,,,,,,,,,0.699999988079071,1.1233986616134644,,,2.2308459281921387,1.1270451545715332,0.8003571629524231,0.7919363379478455,,,,,,,,,,,,,,,,,0.8380439281463623,2.1344263553619385,5.767253875732422,,,,,,4.958253860473633,0.4000000059604645,5.0101423263549805,,,,,0.961390495300293,0.8229918479919434,4.664239406585693,4.400125980377197,,,,0.75,0.1749999970197677,9.401368141174316,2.0621113777160645,2.185073137283325,,2.7535064220428467,2.8377373218536377,0.19200000166893,0.7750000953674316,0.7632550001144409,,0.7599999904632568,,,4.18517017364502,,,0.1049999967217445,,,3.916956424713135,,5.6947855949401855,0.2199999988079071,0.1621281653642654,0.7200000286102295,0.1099999994039535,6.639999866485596,,,,,,2.971097946166992,2.9928767681121826,1.7574735879898071,2.2377095222473145,,3.900000095367432,2.1702067852020264,1.2999999523162842,,,,1.2681608200073242,6.7162017822265625,1.590000033378601,1.0775806903839111,9.808485984802246,,,,,0.3300000131130218,3.0343093872070312,1.940000057220459,3.521378993988037,3.2575063705444336,,,,,3.163860321044922,3.13981032371521,3.449768304824829,13.311701774597168,9.048105239868164,2.576263427734375,6.971343994140625,6.399669170379639,,4.649544715881348,,,,1.5499999523162842,2.0636494159698486,2.8709638118743896,22.027246475219727,0.0640000030398368,1.6460214853286743,,,,,,,2.372727870941162,,
2023-09-29,,,,6.81850004196167,3.4222452640533447,1.0944429636001587,1.1180554628372192,7.714913368225098,,,,,,0.6727892160415649,,,,,,,,,,25.32831573486328,0.061999998986721,2.157370090484619,0.2019230723381042,0.1829999983310699,,,,,1.5570918321609497,7.296622276306152,1.1111149787902832,4.518051624298096,,2.882683277130127,0.1599999964237213,,1.8815586566925049,0.0230000000447034,,,,,,101.8499984741211,4.1697187423706055,0.6325327754020691,0.4699999988079071,,0.1879999935626983,,,0.7035648822784424,7.558186054229736,,,,,,,,,8.14093017578125,6.968357563018799,,,,,3.2051360607147217,7.901274681091309,1.1259536743164062,1.2515279054641724,2.139613628387451,0.625,2.900177240371704,1.885747194290161,2.869981288909912,,,,,4.699999809265137,,,17.929412841796875,21.1433162689209,7.693139553070068,2.562618494033813,1.2200000286102295,2.890203952789306,0.310888260602951,,,,2.021137952804565,2.222965240478516,,,,2.380601644515991,4.789999961853027,1.141554832458496,,3.839356660842896,1.635602355003357,9.9578857421875,,,,,,,,,,,0.6800000071525574,1.1591191291809082,,,2.217111587524414,1.1078033447265625,0.8389285802841187,0.768660843372345,,,,,,,,,,,,,,,,,0.8380439281463623,2.1344263553619385,5.79163932800293,,,,,,4.8664870262146,0.4000000059604645,4.909429550170898,,,,,0.9269096851348876,0.8214019536972046,4.573549270629883,4.295586585998535,,,,0.6600000262260437,0.1550000011920929,8.892586708068848,2.037748098373413,2.223074436187744,,2.7467575073242188,2.84720230102539,0.2249999940395355,0.8037038445472717,0.7881437540054321,,0.7099999785423279,,,4.050589084625244,,,0.1209999993443489,,,3.649728298187256,,5.666271209716797,0.2000000029802322,0.1593956649303436,0.7300000190734863,0.101000003516674,6.309999942779541,,,,,,2.884840250015259,3.0399343967437744,1.4655513763427734,1.8777705430984497,,4.300000190734863,2.237826108932495,1.4299999475479126,,,,1.1586791276931765,6.83547830581665,1.649999976158142,1.077580809593201,9.869768142700195,,,,,0.3300000131130218,2.840423822402954,2.039999961853028,3.5035510063171387,3.3936140537261963,,,,,3.001163959503174,3.009560823440552,3.2652573585510254,12.606776237487791,8.430739402770996,2.4578487873077397,6.671961307525635,6.015883922576904,,4.455813407897949,,,,1.440000057220459,1.9663010835647583,2.777446985244751,21.10211944580078,0.0680000036954879,1.5997848510742188,,,,,,,2.243124961853028,,
2023-10-31,,,,6.81850004196167,3.322761297225952,1.0895657539367676,1.0694444179534912,7.158971786499023,,,,,,0.6174914836883545,,,,,,,,,,24.42633438110352,0.0719999969005584,2.1015095710754395,0.2019230723381042,0.1800000071525573,,,,,1.545014262199402,7.141819953918457,1.037598967552185,4.141547203063965,,2.823482751846313,0.1500000059604644,,1.8565375804901123,0.0189999993890523,,,,,,,3.999246120452881,0.6061772704124451,0.4900000095367431,,0.1560000032186508,,,0.676153302192688,7.32316780090332,,,,,,,,,8.252833366394043,6.591689586639404,,,,,3.035747766494751,7.843461036682129,1.0768316984176636,1.246703028678894,2.1091599464416504,0.6000000238418579,2.8569791316986084,1.855006456375122,2.8169972896575928,,,,,4.320000171661377,,,17.415451049804688,20.38889503479004,7.02376127243042,2.613531351089477,1.25,2.878570079803467,0.3148235380649566,,,,1.9207978248596191,2.1045281887054443,,,,,4.900000095367432,1.1322739124298096,,,1.4058829545974731,9.577516555786133,,,,,,,,,,,0.550000011920929,1.0404692888259888,,,2.144515991210937,1.046258807182312,0.8299999833106995,0.704984724521637,,,,,,,,,,,,,,,,,0.8380439281463623,2.1344263553619385,5.601749897003174,,,,,,4.578761577606201,0.2000000029802322,4.613335609436035,,,,,0.8683680295944214,0.786072850227356,4.515411376953125,4.057999610900879,,,,0.6299999952316284,0.1459999978542328,8.39538860321045,2.021180868148804,2.1185710430145264,,2.7438652515411377,2.855721473693848,0.1949999928474426,0.7941359281539917,0.7188563942909241,,0.6800000071525574,,,3.990357637405396,,,0.1000000014901161,,,3.146657705307007,,4.914623260498047,0.1700000017881393,0.1557523608207702,0.699999988079071,0.1120000034570694,5.679999828338623,,,,,,2.7314929962158203,3.454042911529541,1.381538987159729,1.8193942308425903,,4.199999809265137,2.5987658500671387,1.3300000429153442,,,,1.2407903671264648,6.874229907989502,1.2999999523162842,1.0303184986114502,9.424660682678224,,,,,0.3149999976158142,2.888895273208618,1.899999976158142,3.067974090576172,3.7784016132354736,,,,,2.9440267086029053,2.935555219650269,3.199500560760498,12.528775215148926,8.447532653808594,2.4001340866088867,6.377438068389893,5.746065616607666,,4.394787788391113,,,,1.2999999523162842,1.8550012111663816,2.833556890487671,20.53779411315918,0.0640000030398368,1.590537667274475,,,,,,,2.35278868675232,,
2023-11-30,,,,6.81850004196167,3.2829678058624268,1.1309279203414917,0.8999999761581421,7.724666595458984,,,,,,0.6174914836883545,,,,,,,,,,24.7086124420166,0.0579999983310699,2.1422033309936523,0.1857692301273346,0.1780000030994415,,,,,1.566596269607544,7.353605270385742,1.1175601482391355,4.111823558807373,2.49399995803833,2.9127659797668457,0.1500000059604644,,1.943112015724182,0.0199999995529651,,,,,,,4.400180339813232,0.58397376537323,0.5299999713897705,,0.1620000004768371,,,0.7401137351989746,7.32316780090332,,,,,,,,,8.523265838623047,7.041853427886963,,,,,2.5181775093078613,6.610091209411621,1.096095085144043,1.261035680770874,2.18184757232666,0.6000000238418579,3.0001516342163086,1.9375324249267576,2.9846527576446533,,,,,4.630000114440918,,,17.88987922668457,23.08324813842773,7.730851173400879,2.545647621154785,1.2000000476837158,2.9622297286987305,0.3148235380649566,2.3914153575897217,,,2.065048933029175,2.159191608428955,,,,2.4249792098999023,5.800000190734863,1.0209026336669922,,,1.488581895828247,9.577133178710938,,,,,,,,,,,0.5400000214576721,0.9386725425720216,,,2.1941049098968506,1.0606070756912231,0.7699999809265137,0.7595641613006592,,,,,,,,,,,,,,,,,0.7961417436599731,2.1344263553619385,5.915067672729492,,,,,,4.726554393768311,0.2000000029802322,4.981065273284912,,,,,0.8586111068725586,0.8196952939033508,4.631688117980957,4.3919854164123535,,,,0.5799999833106995,0.1400000005960464,8.61575984954834,2.085467338562012,2.327578067779541,,2.7897632122039795,2.867145538330078,0.2199999988079071,0.7941359281539917,0.7708219289779663,,0.7400000095367432,,,4.119219303131104,,,0.096000000834465,,,3.4327175617218018,,5.174808979034424,0.270000010728836,0.1247840300202369,0.6100000143051147,0.1439999938011169,5.400000095367432,,,,,,2.8944246768951416,3.253551483154297,1.3255305290222168,1.7999355792999268,,4.099999904632568,2.49048376083374,1.2899999618530271,,,,1.1860496997833252,6.874229907989502,1.3949999809265137,1.0019608736038208,9.008583068847656,,,,,0.270000010728836,2.947060823440552,1.8899999856948853,3.342576742172241,4.285260200500488,,,,,3.0689265727996826,3.1196744441986084,3.398282527923584,12.924154281616213,8.98390007019043,2.574273109436035,6.708432674407959,5.97332239151001,,4.451442718505859,,,,1.3600000143051147,1.9289494752883911,2.80550217628479,22.142784118652344,0.0610000006854534,1.7612903118133545,,,,,,,2.392666816711426,,
2023-12-29,,,,6.81850004196167,3.481935501098633,1.1661776304244995,0.9399999976158142,8.582963943481445,,,,,,0.5852344632148743,,,,,,,,,,26.327451705932617,0.0599999986588954,2.206498861312866,0.2019230723381042,0.1689999997615814,,,,,1.6857833862304688,7.851253509521484,1.2777565717697144,4.557683944702148,,3.139132261276245,0.1500000059604644,,1.971969962120056,0.0189999993890523,,,,,,,4.753572940826416,0.6468632817268372,0.6000000238418579,,0.1599999964237213,,,0.7492509484291077,7.529983997344971,,,,,,,,,7.506814956665039,7.22100019454956,,,,,2.289252281188965,6.263205528259277,1.141364336013794,1.2668964862823486,2.203576803207397,0.6000000238418579,3.064110279083252,1.9871379137039185,3.0339205265045166,,,,,4.78000020980835,,,19.174785614013672,23.302146911621094,8.013687133789062,2.9614367485046387,1.159999966621399,3.0458920001983643,0.2912117838859558,,,,2.195016860961914,2.2821834087371826,,,,,6.619999885559082,1.035593867301941,,,1.3599392175674438,9.852169036865234,,,,,,,,,,,0.5199999809265137,1.1152546405792236,,,2.2423813343048096,1.0965598821640017,0.75,0.8096035718917847,,,,,,,,,,,,,,,,,0.8212831020355225,2.1344263553619385,6.266364097595215,,,,,,4.9814887046813965,0.1000000014901161,5.2914862632751465,,,,,0.9659374952316284,0.8467182517051697,4.360375881195068,4.150136470794678,,,,0.5299999713897705,0.1410000026226043,9.294095993041992,2.134398937225342,2.419639825820923,,2.8441407680511475,2.8766772747039795,0.2249999940395355,0.8037038445472717,0.9353793859481812,,0.7599999904632568,,,4.471882343292236,,,0.1169999986886978,,,3.353804588317871,1.3679693937301636,5.396448612213135,0.2399999946355819,0.1293382048606872,1.2300000190734863,0.1199999973177909,5.900000095367432,,,,,,3.306544542312622,3.2440381050109863,1.3535348176956177,1.770747423171997,,4.050000190734863,2.49048376083374,0.949999988079071,,,,1.3339900970458984,6.968397617340088,1.4850000143051147,1.0208660364151,9.9181489944458,,,,,0.2450000047683715,2.917977809906006,1.9700000286102293,3.645586490631104,4.229966640472412,,,,,3.168713331222534,3.2755093574523926,3.467273235321045,13.332544326782228,9.229857444763184,2.702638626098633,7.07349157333374,6.515369892120361,,4.607203483581543,,,,1.649999976158142,2.074441909790039,3.0673487186431885,23.64123916625977,0.0579999983310699,1.5580644607543943,,,,,,,2.7914443016052246,,
2024-01-31,,,,6.81850004196167,3.661006450653076,1.1485528945922852,0.9900000095367432,8.22696590423584,,,,,,0.5852344632148743,,,,,,,,,,27.529748916625977,0.0769999995827674,2.2513108253479004,0.1938461512327194,0.1560000032186508,,,,,1.6915044784545898,8.160859107971191,1.2586854696273804,5.102624416351318,,3.163316488265991,0.1500000059604644,,2.0815253257751465,0.0170000009238719,,,,,,,4.892370700836182,0.6468632817268372,0.6499999761581421,,0.2049999982118606,,,0.7309765815734863,7.586388111114502,,,,,,,,,8.392711639404297,7.312870502471924,,,,,2.1897196769714355,6.012677192687988,1.131732702255249,1.2698267698287964,2.165055990219116,0.5899999737739563,3.2530341148376465,2.027989625930786,3.1354124546051025,,,,,4.519999980926514,,,19.93751335144043,23.371261596679688,7.975976467132568,2.8935530185699463,1.190000057220459,3.0128161907196045,0.2951470613479614,,,,2.156507730484009,2.304959535598755,,,,,6.579999923706055,1.1401033401489258,,3.8060457706451416,1.2772401571273804,10.377683639526367,,,,,,,,,,,0.5299999713897705,1.0966670513153076,,,2.369475841522217,1.1415008306503296,0.699999988079071,0.804977297782898,,,,,,,,,,,,,,,,,0.9218483567237854,2.1344263553619385,6.408781051635742,,,,,,5.019582748413086,0.0920000001788139,5.301037788391113,,,,,0.8683680295944214,0.8737412095069885,4.118132591247559,4.150136470794678,,,,0.4950000047683716,0.1360000073909759,9.050366401672363,2.1138477325439453,2.419639825820923,,2.829575538635254,2.8843026161193848,0.2849999964237213,0.8993828892707825,0.8401092886924744,,0.699999988079071,,,4.539331912994385,,,0.1049999967217445,,,3.067744493484497,1.3679693937301636,5.136262893676758,0.25,0.1320706903934478,1.2899999618530271,0.0949999988079071,5.699999809265137,,,,,,3.2313406467437744,3.015718698501587,1.446881890296936,1.8388530015945437,,4.159999847412109,2.526577949523926,0.800000011920929,,,,1.315462350845337,6.554059982299805,1.5700000524520874,1.077580809593201,10.634190559387209,,,,,0.2599999904632568,,1.909999966621399,3.522488832473755,4.295330047607422,,,,,3.2694780826568604,3.31521224975586,3.682129859924317,14.067841529846191,9.871917724609377,2.7862253189086914,7.2295241355896,6.572323799133301,,4.8041090965271,,,,1.6299999952316284,2.083828449249268,3.2356789112091064,24.67202377319336,0.0520000010728836,1.5387096405029297,,,,,,,2.6319334506988525,,
2024-02-29,,,,6.940000057220459,3.2431743144989014,1.1510363817214966,0.8700000047683716,7.900228023529053,,,,,,0.5668018460273743,,,,,,,,,,28.82671546936035,0.0630000010132789,2.329244375228882,0.1978846192359924,0.1599999964237213,,,,,1.6752949953079224,8.450242042541504,1.2510570287704468,6.142965316772461,,3.1439690589904785,0.1500000059604644,,2.149296283721924,0.0149999996647238,,,,,,,5.064637184143066,0.6648316979408264,0.5099999904632568,,0.2649999856948852,,,0.6441730856895447,7.718818664550781,,,,,,,,,7.656018257141113,7.303683280944824,,,,,2.339018583297729,6.051220417022705,1.0874265432357788,1.3186663389205933,2.2351834774017334,0.5400000214576721,3.358319997787476,2.0698134899139404,3.205372810363769,,,,,4.099999904632568,,,20.18549346923828,24.19078826904297,7.985403060913086,2.952951192855835,1.0399999618530271,3.009175539016724,0.3148235380649566,2.4627795219421387,,,2.156507730484009,2.250296831130981,,,,2.551208019256592,7.949999809265137,1.0450947284698486,,3.893540620803833,1.1302196979522705,10.127205848693848,,,,,,,,,,,0.4799999892711639,1.0092098712921145,,,2.489673614501953,1.1415008306503296,0.5199999809265137,0.7818458080291748,,,,,,,,,,,,,,,,,0.9681972861289978,2.1344263553619385,6.342319488525391,,,,,,5.016652584075928,0.090999998152256,5.711748600006104,,,,,0.7122569680213928,0.909771740436554,4.108442783355713,4.014700412750244,,,,0.550000011920929,0.1150000020861625,9.474203109741213,2.1161959171295166,2.3521599769592285,,2.830557584762573,2.897047281265259,0.2899999916553497,0.8898149728775024,0.848770260810852,,0.5899999737739563,,,4.450684070587158,,,0.0860000029206276,,,2.2588858604431152,1.4158483743667605,5.203718662261963,0.2249999940395355,0.1275165379047393,1.309999942779541,0.0850000008940696,4.639999866485596,,,,,,3.056673765182495,2.93009877204895,1.45621657371521,1.8777705430984497,,4.039999961853027,2.4995076656341557,0.7400000095367432,,,,1.2319475412368774,6.144267082214356,1.4850000143051147,1.0397709608078003,10.692248344421388,,,,,0.2150000035762787,,1.7300000190734863,3.124788522720337,4.388706684112549,,,,,3.3741557598114014,3.4541733264923096,3.850664138793945,14.63526725769043,10.225544929504396,2.915585994720459,7.465044975280762,6.819780349731445,,4.951054096221924,,,,1.6100000143051147,1.989962458610535,3.8775203227996826,26.676326751708984,0.0520000010728836,1.2870967388153076,,,,,,,2.470000028610229,,
2024-03-28,,,,6.940000057220459,3.1138453483581543,1.1569342613220217,0.5600000023841858,8.211992263793945,,,,,,0.5764868259429932,,,,,,,,,,30.19941520690918,0.0560000017285347,2.492905139923096,0.1817307621240615,0.1550000011920929,,,,,1.7439467906951904,8.927427291870117,1.3750184774398804,6.717629909515381,,3.30745530128479,0.1500000059604644,,2.284837245941162,0.0170000009238719,,,,,,,5.233950614929199,0.6687772274017334,0.4699999988079071,,0.209999993443489,,,0.7309765815734863,8.273578643798828,,,,,,,,,7.740808010101318,7.24028730392456,,,,,2.090186834335327,6.359562873840332,1.1375117301940918,1.3538306951522827,2.3635854721069336,0.4799999892711639,3.552163600921631,2.198204278945923,3.404415369033813,,,,,4.119999885559082,,,20.879833221435547,25.32627296447754,8.523741722106934,3.169123411178589,1.0199999809265137,3.04042911529541,0.2597294151782989,2.4775326251983643,,,2.2106990814208984,2.305220127105713,,,,2.5462775230407715,8.899999618530273,0.9690877199172974,,4.042283535003662,1.2161017656326294,10.696922302246094,,,,,,,,,,,0.395000010728836,1.094096541404724,,,2.622679710388184,1.1473976373672483,0.550000011920929,0.7905511260032654,,,,,,,,,,,,,,,,,1.091594934463501,2.1344263553619385,6.669181823730469,,,,,,5.27451753616333,0.0839999988675117,5.7038445472717285,,,,,0.7300000190734863,0.917835772037506,4.129385948181152,4.401659965515137,,,,0.5099999904632568,0.1040000021457672,9.964603424072266,2.125038146972656,2.361799955368042,,2.8461530208587646,2.90472674369812,0.270000010728836,0.8993828892707825,0.8108095526695251,,0.6299999952316284,,,4.681938648223877,,,0.0850000008940696,,,2.1503806114196777,1.3455921411514282,5.262187480926514,0.2000000029802322,0.1165865585207939,1.1799999475479126,0.0780000016093254,4.550000190734863,,,,,,3.2507479190826416,2.663726329803467,1.370833396911621,2.0799999237060547,,3.890000104904175,2.619126558303833,0.75,,,,1.269564509391785,5.763227939605713,1.559999942779541,1.0198057889938354,11.164895057678224,,,,,0.25,3.150640726089477,1.7899999618530271,3.0535707473754883,4.349701404571533,,,,,3.5786209106445312,3.5732827186584477,4.021169662475586,15.337187767028809,10.736228942871094,3.012108564376831,7.950808525085449,7.188018798828125,,5.246902942657471,,,,2.0,2.1185286045074463,3.97326135635376,27.124908447265625,0.0469999983906745,1.4999998807907104,,,,,,,2.220000028610229,,
2024-04-30,,,,6.940000057220459,2.984516143798828,1.146121621131897,0.6299999952316284,7.720255374908447,,,,,,0.5240788459777832,,,,,,,,,,29.09178733825684,0.0590000003576278,2.4052300453186035,0.1817307621240615,0.1599999964237213,,,,,1.7420397996902466,8.658889770507812,1.2844313383102417,6.628458023071289,,3.228130578994751,0.8500000238418579,,2.322709321975708,0.0170000009238719,,,,,,,4.878589630126953,0.6504545211791992,0.4300000071525574,,0.2800000011920929,,,0.7035648822784424,8.292708396911621,,,,,,,,,7.7882981300354,6.778942584991455,,,,,2.059999942779541,6.359562873840332,1.094168782234192,1.4046237468719482,2.395192146301269,0.4550000131130218,3.4763972759246826,2.197231769561768,3.3689424991607666,,,,,3.809999942779541,,,20.725799560546875,28.11068153381348,8.090330123901367,3.275351047515869,0.8700000047683716,3.016012191772461,0.2951470613479614,2.44999361038208,,,2.2106990814208984,2.1787142753601074,,,,,8.1899995803833,0.9595869183540344,,4.349399566650391,1.0070842504501345,10.72638988494873,,,,,,,,,,,0.4199999868869781,1.065801024436951,,,2.4946000576019287,1.1290394067764282,0.5400000214576721,0.7623172402381897,,,,,,,,,,,,,,,,,1.1485477685928345,1.8000000715255735,6.13988208770752,,,,,,5.014698505401611,0.1299999952316284,5.79070520401001,,,,,0.7400000095367432,0.908657431602478,3.981908082962036,4.217854022979736,,,,0.4399999976158142,0.1040000021457672,9.868677139282228,2.109318971633911,2.2171998023986816,,2.830557584762573,2.9143261909484863,0.2450000047683715,0.8515433669090271,0.8015958070755005,,0.6000000238418579,,,4.566311359405518,,,0.0930000022053718,,,1.923505544662476,1.2867039442062378,4.774948120117188,0.270000010728836,0.1138540506362915,1.0,0.0729999989271164,4.070000171661377,,,,,,3.299266815185547,2.4354069232940674,1.3610416650772097,1.7799999713897705,,3.7200000286102295,2.6931655406951904,0.4799999892711639,,,,1.1755224466323853,5.315505504608154,1.3600000143051147,1.0001941919326782,10.87108325958252,,,,,0.2150000035762787,3.170029163360596,1.830000042915344,2.784702777862549,4.141672611236572,,,,,3.528727531433105,3.5117430686950684,3.945279836654663,15.086852073669434,10.420137405395508,2.9305121898651123,7.767298221588135,6.970021724700928,,5.185186386108398,,,,1.809999942779541,2.075777769088745,3.820075511932373,26.98174476623535,0.0439999997615814,1.4199999570846558,,,,,,,2.130000114440918,,
2024-05-31,,,,6.940000057220459,3.0839998722076416,1.1536952257156372,0.4250000119209289,7.671082496643066,,,,,,0.5145502090454102,,,,,,,,,,29.669458389282227,0.061999998986721,2.3288094997406006,0.1615384668111801,0.1620000004768371,,,,,1.7087864875793457,8.68690299987793,1.2857155799865725,7.619258880615234,,3.245131254196167,0.9200000166893004,,2.254105806350708,0.0170000009238719,,,,,,,4.813657760620117,0.6687772274017334,0.395000010728836,,0.25,,,0.6704819202423096,8.818774223327637,,,,,,,,,7.218422889709473,6.9672465324401855,,,,,1.3799999952316284,4.384244441986084,1.073387861251831,1.3951568603515625,2.373131513595581,0.4600000083446502,3.47867751121521,2.2041406631469727,3.3895821571350098,,,,,3.109999895095825,,,20.93505096435547,29.12768173217773,7.6954450607299805,3.5409200191497803,0.8999999761581421,3.030947685241699,0.306952953338623,2.4528465270996094,,,2.1234347820281982,1.9678707122802732,,,,,9.649999618530272,0.931084394454956,,4.376358509063721,0.9690810441970824,10.412063598632812,,,,,,,,,,,0.4650000035762787,0.95845627784729,,,2.42069149017334,1.119860291481018,0.4250000119209289,0.7717285752296448,,,,,,,,,,,,,,,,,1.158039927482605,1.830000042915344,6.428590774536133,,,,,,4.992084980010986,0.0790000036358833,6.524194717407227,,,,,0.4749999940395355,0.917835772037506,3.441154956817627,4.063070297241211,,,,0.3449999988079071,0.06700000166893,9.805299758911133,2.12723159790039,2.4581997394561768,,2.846036911010742,2.906646966934204,0.2450000047683715,0.8706791996955872,0.7739545702934265,,0.550000011920929,,,4.5759148597717285,,,0.1019999980926513,,,1.6078532934188845,1.3073147535324097,4.872395992279053,0.2549999952316284,0.1206081062555313,0.800000011920929,0.0700000002980232,3.640000104904175,,,,,,3.299266815185547,2.144322395324707,1.3218750953674316,1.7400000095367432,,3.200000047683716,2.267441749572754,0.4399999976158142,,,,1.203735113143921,5.305980205535889,1.2949999570846558,0.9315534234046936,9.30408000946045,,,,,0.2199999988079071,3.111863613128662,1.7000000476837158,1.7956531047821045,3.8769078254699703,,,,,3.4905474185943604,3.546905517578125,3.964527130126953,15.15006160736084,10.664504051208496,2.9725801944732666,7.583957195281982,6.814623832702637,,5.047715663909912,,,,2.190000057220459,1.824024438858032,3.647741079330444,27.78306770324707,0.0390000008046627,1.0499999523162842,,,,,,,2.0999999046325684,,
2024-06-27,,,,6.940000057220459,3.049999952316284,1.168524146080017,0.4300000071525574,7.503891944885254,,,,,,0.5050214529037476,,,,,,,,,,30.029972076416016,0.0579999983310699,2.3455636501312256,0.1696153730154037,0.1400000005960464,,,,,1.742962121963501,9.159259796142578,1.274944305419922,7.034686088562012,,3.308182001113892,0.699999988079071,,2.2933077812194824,0.0170000009238719,,,,,,,4.861278533935547,0.6456557512283325,0.3799999952316284,,0.2399999946355819,,,0.6800602078437805,8.60834789276123,,,,,,,,,6.496580600738525,7.24028730392456,,,,,1.090000033378601,5.068378925323486,1.0584934949874878,1.4139302968978882,2.454586982727051,0.4350000023841858,3.6445178985595694,2.1942875385284424,3.393552303314209,,,,,2.8299999237060547,,,20.850000381469727,29.933055877685547,7.416136264801025,3.611738443374634,0.7599999904632568,3.065312147140503,0.299082338809967,2.483494758605957,,,1.96279776096344,2.052208185195923,,,,,10.25,0.6886144280433655,,4.439263343811035,0.9405786991119384,11.133360862731934,,,,,,,,,,,0.449999988079071,0.9872099161148072,,,2.458406448364258,1.0974171161651611,0.3499999940395355,0.7945389151573181,,,,,,,,,,,,,,,,,1.1485477685928345,1.830000042915344,6.3179192543029785,,,,,,4.893517971038818,0.0810000002384185,6.070589065551758,,,,,0.5,0.8994644284248352,3.391995668411255,4.089080333709717,,,,0.2899999916553497,0.0780000016093254,9.69032859802246,2.1292049884796143,2.419757127761841,,2.87549901008606,2.9143261909484863,0.2549999952316284,0.8515433669090271,0.8476645946502686,,0.5299999713897705,,,4.709604263305664,,,0.096000000834465,,,1.7262228727340698,1.2786660194396973,4.599541664123535,0.2300000041723251,0.177535131573677,0.699999988079071,0.0489999987185001,3.559999942779541,,,,,,3.4933409690856934,1.9211575984954836,1.2435417175292969,1.4600000381469729,,3.200000047683716,2.174892902374268,0.2249999940395355,,,,1.1374434232711792,5.344083786010742,1.3300000429153442,0.843300998210907,9.30408000946045,,,,,0.1899999976158142,3.299572229385376,1.7599999904632568,1.7188336849212646,3.668878555297852,,,,,3.61722469329834,3.654508113861084,4.172037124633789,15.92124366760254,11.555036544799805,3.1281917095184326,7.586930751800537,6.815614223480225,,5.14463472366333,,,,2.259999990463257,1.7326070070266724,4.040279865264893,28.82040786743164,0.032999999821186,1.0,,,,,,,1.9800000190734863,,
2024-07-31,,,,6.940000057220459,3.069999933242798,1.1833531856536863,0.6700000166893005,7.35637092590332,,,,,,0.5526649951934814,,,,,,,,,,30.99459457397461,0.0640000030398368,2.463827133178711,0.1696153730154037,0.152999997138977,,,,,1.7908082008361816,9.893390655517578,1.3806999921798706,7.85705041885376,,3.462852954864502,0.3700000047683716,,2.454710960388184,0.0160000007599592,,,,,,,5.000172138214111,0.6830850839614868,0.395000010728836,,0.2450000047683715,,,0.7279518246650696,8.130105972290039,,,,,,,,,6.620053291320801,7.438006401062012,,,,,1.100000023841858,4.885300636291504,1.112113356590271,1.4435725212097168,2.5221352577209477,0.2800000011920929,3.7338929176330566,2.2809953689575195,3.526555061340332,,,,,3.119999885559082,,,22.600000381469727,32.19196319580078,8.764525413513184,3.496658563613892,0.8399999737739563,3.082985639572144,0.3226941227912903,2.496347427368164,,,2.01650619506836,2.0803205966949463,,,,,10.5,0.8534939885139465,,4.686021327972412,1.016585111618042,10.715859413146973,,,,,,,,,,,0.699999988079071,1.1118091344833374,,,2.565595865249634,1.2193523645401,0.4449999928474426,0.8615482449531555,,,,,,,,,,,,,,,,,1.091594934463501,1.600000023841858,6.621064186096191,,,,,,5.330599308013916,0.0799999982118606,6.273264408111572,,,,,0.6299999952316284,0.9182032346725464,3.3625001907348637,4.267729759216309,,,,0.2800000011920929,0.0879999995231628,10.186887741088867,2.180510997772217,2.361214637756348,,2.9118356704711914,2.928725004196167,0.2549999952316284,0.8706791996955872,0.9674431681632996,,0.7799999713897705,,,4.971085071563721,,,0.0900000035762786,,,1.9432337284088133,1.263912320137024,5.379125118255615,0.25,0.1977972984313964,0.8999999761581421,0.0509999990463256,4.53000020980835,,,,,,3.456517457962036,2.4062983989715576,1.2141666412353516,1.559999942779541,,3.5999999046325684,2.3507354259490967,0.2899999916553497,,,,1.2234684228897097,5.725123882293701,1.2200000286102295,0.9903883337974548,10.96902084350586,,,,,0.1850000023841858,3.477393627166748,1.6200000047683716,2.1221354007720947,4.235325336456299,,,,,3.760725975036621,3.645541191101074,4.268344879150391,16.38216781616211,11.39004898071289,3.1142265796661377,8.15491008758545,7.546707630157471,,5.515499591827393,,,,2.4100000858306885,1.8288630247116089,4.308355331420898,31.85413360595703,0.0340000018477439,1.409999966621399,,,,,,,1.8799999952316284,,
2024-08-30,,,,6.940000057220459,3.400000095367432,1.1942275762557983,0.7200000286102295,7.4596357345581055,,,,,,0.5193145871162415,,,,,,,,,,32.04690933227539,0.1140000000596046,2.405680894851685,0.1857692301273346,0.1500000059604644,,,,,1.7527265548706057,9.996955871582031,1.4139935970306396,6.024069309234619,,3.4145796298980717,0.6100000143051147,,2.29697847366333,0.0209999997168779,,,,,,,4.861278533935547,0.6737277507781982,0.449999988079071,,0.2849999964237213,,,0.7662650942802429,8.183859825134277,,,,,,,,,6.658045291900635,8.040579795837402,,,,,1.149999976158142,5.309271335601807,1.139916181564331,1.392192840576172,2.43670654296875,0.324999988079071,3.624656915664673,2.257347583770752,3.469979286193848,,,,,3.069999933242798,,,21.780000686645508,35.42608642578125,9.149778366088867,3.895012140274048,0.7799999713897705,3.102879047393799,0.2951470613479614,2.5222201347351074,,,2.0702147483825684,2.0709497928619385,,,,,10.09000015258789,0.8631927371025085,,,1.0260858535766602,10.974312782287598,,,,,,,,,,,0.6499999761581421,1.1459964513778689,,,2.5437607765197754,1.228731989860535,0.5699999928474426,0.9237711429595948,,,,,,,,,,,,,,,,,1.100000023841858,1.6699999570846558,6.014774799346924,,,,,,5.309691429138184,0.0780000016093254,6.118844985961914,,,,,0.6100000143051147,0.8994644284248352,3.342836380004883,3.930281400680542,,,,0.25,0.0780000016093254,10.274106979370115,2.1918890476226807,2.2441294193267822,,2.930483818054199,2.938736915588379,0.2599999904632568,0.8706791996955872,0.8937333226203918,,0.8100000023841858,,,4.885562419891357,,,0.1030000001192092,,,1.992554306983948,1.31309175491333,5.359635353088379,0.25,0.1900783777236938,0.75,0.0439999997615814,4.849999904632568,,,,,,3.338681697845459,2.1152141094207764,1.2435417175292969,1.4900000095367432,,3.200000047683716,2.508068084716797,0.4000000059604645,,,,1.3955186605453491,5.40123987197876,1.225000023841858,0.9805825352668762,11.174689292907717,,,,,0.2450000047683715,3.309451103210449,1.6799999475479126,1.9492918252944944,3.9465529918670654,,,,,3.644935369491577,3.68639063835144,4.159129619598389,15.89547061920166,11.12070369720459,3.149139642715454,7.860512256622314,7.109834671020508,,5.310781955718994,,,,2.990000009536743,1.9636212587356567,4.641646862030029,33.1263427734375,0.0350000001490116,1.1399999856948853,,,,,,,1.899999976158142,,
2024-09-30,,,,6.940000057220459,3.2300000190734863,1.2060909271240234,0.5400000214576721,7.4106764793396,,,,,,0.5193145275115967,,,,,,,,,,32.30024719238281,0.1089999973773956,2.416521549224853,0.1817307621240615,0.1480000019073486,,,,,1.8064314126968384,10.071500778198242,1.4923311471939087,6.786985874176025,3.009000062942505,3.5367398262023926,0.7400000095367432,,2.3068368434906006,0.0130000002682209,,,,,,,4.847389221191406,0.6407487988471985,0.3849999904632568,,0.2399999946355819,,,0.7135843634605408,8.026666641235352,,,,,,,,,6.465255737304688,8.471782684326172,,,,,1.2000000476837158,5.203278541564941,1.121049880981445,1.4900119304656982,2.5549161434173584,0.3700000047683716,3.641538858413696,2.2386269569396973,3.457076072692871,,,,,2.950000047683716,,,21.65999984741211,34.58024215698242,8.942818641662598,4.399593353271484,0.7599999904632568,3.11670446395874,0.2557941079139709,2.5420799255371094,,,2.022352933883667,2.041616678237915,,,,2.939039945602417,10.739999771118164,0.7468072175979614,,4.630674839019775,0.98623526096344,12.17711353302002,,,,,,,,,,,0.6000000238418579,1.126572847366333,,,2.4723012447357178,1.2063287496566772,0.4850000143051147,0.8979777097702026,,,,,,,,,,,,,,,,,1.0,1.6299999952316284,6.345405101776123,,,,,,5.376398086547852,0.0829999968409538,5.874178409576416,,,,,0.5199999809265137,0.8809829354286194,3.390000104904175,4.96247673034668,,,,0.2199999988079071,0.0659999996423721,10.57541275024414,2.198825597763061,2.205101251602173,,2.951169729232788,2.951357841491699,0.2450000047683715,0.8848761320114136,0.9875630140304564,,0.7400000095367432,,,5.051692008972168,,,0.1500000059604644,,,1.775543451309204,1.2874492406845093,5.888020515441895,0.2150000035762787,0.1736756861209869,0.6499999761581421,0.0450000017881393,4.300000190734863,,,,,,3.436878204345703,1.9599688053131104,1.340000033378601,1.3799999952316284,,2.970000028610229,2.504338502883911,0.3899999856948852,,,,1.356884241104126,5.305980205535889,1.0,0.9700000286102296,11.815752983093262,,,,,0.2349999994039535,3.4576356410980225,1.5499999523162842,1.7436606884002686,4.283453464508057,,,,,3.644935369491577,3.755136966705322,4.170051097869873,15.966839790344238,11.131635665893556,3.205000162124634,7.933863639831543,7.127665996551514,,5.317704677581787,,,,2.690000057220459,1.817322015762329,4.749137878417969,33.69394302368164,0.0280000008642673,1.1699999570846558,,,,,,,1.7999999523162842,,
2024-10-31,,,,6.940000057220459,3.200000047683716,1.198841214179993,0.5,7.242026805877685,,,,,,0.504616916179657,,,,,,,,,,33.469486236572266,0.1080000028014183,2.428919076919556,0.1776923090219497,0.1449999958276748,,,,,1.7982717752456665,10.444087982177734,1.4196882247924805,6.291585445404053,3.009999990463257,3.558701515197754,0.6000000238418579,,2.3800570964813232,0.0149999996647238,,,,,,,5.197000026702881,0.6503121852874756,0.4300000071525574,2.7239999771118164,0.2849999964237213,,,0.6848493814468384,8.439298629760742,,,,,,,,,6.846715450286865,8.51064395904541,,,,,1.1399999856948853,5.150000095367432,1.1670000553131104,1.539722561836243,2.617000102996826,0.4749999940395355,3.8510000705718994,2.233757972717285,3.486000061035156,,,,,3.0,,,22.56999969482422,35.814186096191406,10.308809280395508,4.746169567108154,0.7400000095367432,3.098928689956665,0.2607132196426391,2.512290000915528,2.571000099182129,,2.08139967918396,2.06580662727356,,,,,10.0,0.708012044429779,,4.688206195831299,0.9959999918937684,12.525031089782717,,,,,,,,,,,0.5799999833106995,1.194555640220642,,,2.5429999828338623,1.2063287496566772,0.4399999976158142,0.9125394821166992,,,,,,,101.98714447021484,,,,,,,,,,0.9700000286102296,1.6299999952316284,6.502810955047607,,,,,,5.509006500244141,0.0759999975562095,5.889011859893799,,,,,0.6499999761581421,0.8809829354286194,3.5,5.468649387359619,,,,0.1749999970197677,0.0599999986588954,10.462244987487791,2.1809890270233154,2.224615335464477,,2.983007907867432,2.9851982593536377,0.2300000041723251,0.904323935508728,1.0160504579544067,2.497999906539917,0.7799999713897705,,,5.070441722869873,,,0.1449999958276748,,,1.7558152675628662,1.2577844858169556,5.888020515441895,0.2000000029802322,0.1640270203351974,0.7099999785423279,0.0480000004172325,4.96999979019165,,,,,,3.937680721282959,2.221944808959961,1.1799999475479126,1.3700000047683716,,3.5,2.649377584457397,0.4050000011920929,,,,1.3471921682357788,5.331356048583984,0.6800000071525574,0.9100000262260436,12.250810623168944,,,,,0.2150000035762787,3.5366673469543457,1.4900000095367432,1.9012796878814695,4.407094955444336,,,,,3.8563177585601807,3.829333543777466,4.548999786376953,17.298316955566406,12.239999771118164,3.3087410926818848,8.575291633605957,7.674178123474121,2.4809999465942383,5.696433067321777,,,,2.880000114440918,1.8806602954864504,4.700278282165527,34.15389633178711,0.0270000007003545,1.0299999713897705,,,,,,,2.200000047683716,,
2024-11-29,,,,6.940000057220459,2.9100000858306885,1.2009999752044678,0.5199999809265137,7.698373794555664,,,,,,0.5438104867935181,,,,,,,,,,34.43000030517578,0.1000000014901161,2.470000028610229,0.1978846192359924,0.1420000046491623,,,,,1.8559999465942385,11.242022514343262,1.4550000429153442,6.301493644714356,3.128999948501587,3.696000099182129,0.3650000095367431,,2.4593923091888428,0.0170000009238719,,,,,,,5.505000114440918,0.6790024042129517,0.4000000059604645,3.6649999618530273,0.2949999868869781,,,0.7375301122665405,8.8421049118042,,,,,,,,,6.455474376678467,8.695235252380371,,,,,0.9900000095367432,5.349999904632568,1.1610000133514404,1.5190000534057615,2.5230000019073486,0.8199999928474426,4.013000011444092,2.2039999961853027,3.4179999828338623,,,,,3.109999895095825,,,24.5,37.86412048339844,10.12209129333496,5.246779441833496,0.7200000286102295,3.109457731246948,0.3350000083446502,2.524540662765503,2.4600000381469727,,2.062842607498169,2.186755418777466,,,,2.938999891281128,14.050000190734863,0.8049999475479126,,4.707148551940918,0.9569411873817444,12.850000381469728,,,,,,,,,,,0.6000000238418579,1.1822727918624878,,,2.562000036239624,1.2924950122833252,0.4149999916553497,0.9125394821166992,,,,,,,103.98689270019533,,,,,,,,,,0.949999988079071,1.7000000476837158,6.512648582458496,,,,,,5.538000106811523,0.0759999975562095,6.141186237335205,,,,,0.6499999761581421,0.8809829354286194,3.430000066757202,5.199999809265137,,,,0.209999993443489,0.0520000010728836,11.10200023651123,2.1986470222473145,2.3807287216186523,,2.967050552368164,2.995048999786377,0.2300000041723251,0.8751521706581116,1.025546312332153,2.552999973297119,0.7900000214576721,,,5.2230000495910645,,,0.1330000013113021,,,1.7262228727340698,1.3448010683059692,6.076041221618652,0.2249999940395355,0.189113512635231,0.6000000238418579,0.0289999991655349,4.650000095367432,,,,,,4.114434242248535,2.3805434703826904,0.7799999713897705,1.4500000476837158,,3.690000057220459,2.368968963623047,0.4099999964237213,,,,1.298732042312622,5.27211856842041,0.5799999833106995,0.8899999856948853,12.685867309570312,,,,,0.1909999996423721,3.5663042068481445,1.5399999618530271,2.01949405670166,5.245613098144531,,,,,4.019999980926514,3.941999912261963,4.787000179290772,18.131999969482425,12.901000022888184,3.450999975204468,9.277999877929688,8.48799991607666,2.509000062942505,6.056000232696533,,,,2.950000047683716,1.8357553482055664,4.983663082122803,36.70000076293945,0.025000000372529,1.0399999618530271,,,,,,,2.059999942779541,,
2024-12-31,,,,6.940000057220459,2.900000095367432,1.1990000009536743,0.4900000095367431,8.630908012390137,,,,,,0.5879032611846924,,,,,,,,,,31.549999237060547,0.1040000021457672,2.5209999084472656,0.2150000035762787,0.1439999938011169,,,,,1.8170000314712524,10.844040870666504,1.3849999904632568,6.242045402526856,3.0420000553131104,3.58899998664856,0.3000000119209289,,2.548644542694092,0.0149999996647238,,,,,,,5.5960001945495605,0.6746999621391296,0.3899999856948852,3.684000015258789,0.2750000059604645,,,0.7758433818817139,9.333333015441896,,,,,,,,,6.318540096282959,8.554363250732422,,,,,0.7900000214576721,4.760000228881836,1.1480000019073486,1.5779999494552612,2.630000114440918,1.0700000524520874,4.0970001220703125,2.2660000324249268,3.484999895095825,,,,,2.8499999046325684,,,23.940000534057617,38.400001525878906,10.456218719482422,4.957966327667236,0.550000011920929,3.099523067474365,0.2150000035762787,2.508594036102295,2.5450000762939453,,1.9934200048446653,2.177079677581787,,,,2.664999961853028,12.600000381469728,0.8299999833106995,,4.915513515472412,0.9667059183120728,12.600000381469728,,,,,,,,,,,0.5600000023841858,1.1231590509414673,,,2.677999973297119,1.310800075531006,0.4449999928474426,0.8868648409843445,,,,,,,,,,,,,,,,,0.949999988079071,1.7000000476837158,5.7551350593566895,,,,,,5.4720001220703125,0.0740000009536743,5.844510555267334,,,,,0.6399999856948853,0.9294999837875366,3.3299999237060547,5.599999904632568,,,,0.209999993443489,0.0689999982714653,10.727999687194824,2.2026281356811523,2.569999933242798,,2.983007907867432,3.0009915828704834,0.2300000041723251,0.8946000337600708,1.0065546035766602,2.566999912261963,0.7300000190734863,,,5.076000213623047,,,0.125,,,1.55853271484375,1.3279120922088623,6.363020420074463,0.2049999982118606,0.209999993443489,0.6100000143051147,0.0289999991655349,4.710000038146973,,,,,,3.986778497695923,2.193641185760498,0.699999988079071,1.4500000476837158,,3.819999933242798,2.514007806777954,0.4350000023841858,,,,1.289039969444275,5.676906585693359,0.6349999904632568,0.8500000238418579,12.96272087097168,,,,,0.2000000029802322,,1.5399999618530271,1.960386872291565,5.36261510848999,,,,,4.114999771118164,3.874000072479248,4.929999828338623,18.632999420166016,13.661999702453612,3.382999897003174,8.968999862670898,8.194999694824219,2.5899999141693115,5.933000087738037,,,,3.0999999046325684,1.8061463832855225,3.840352058410645,35.40999984741211,0.025000000372529,1.0399999618530271,,,,,,,1.9299999475479128,,
2025-01-31,,,,6.940000057220459,2.819999933242798,1.2000000476837158,0.4650000035762787,8.571385383605957,,,,,,0.617298424243927,,,,,,,,,,33.650001525878906,0.096000000834465,2.611000061035156,0.2049999982118606,0.1480000019073486,,,,,1.866000056266785,11.415401458740234,1.444000005722046,6.380757808685303,3.121000051498413,3.739000082015991,0.2800000011920929,,2.7121927738189697,0.0140000004321336,,,,,,,5.8979997634887695,0.6942564845085144,0.449999988079071,4.140999794006348,0.270000010728836,,,0.7566867470741272,9.136842727661133,,,,,,,,,6.162044048309326,8.413490295410156,,,,,0.7699999809265137,4.800000190734863,1.1469999551773071,1.6100000143051147,2.733999967575073,1.090000033378601,4.190000057220459,2.4089999198913574,3.7090001106262207,,,,,2.859999895095825,,,25.989999771118164,37.59999847412109,10.515181541442873,4.794305324554443,0.5600000023841858,3.113431453704834,0.3199999928474426,2.5075974464416504,2.720000028610229,,2.0678014755249023,2.128700017929077,,,,,12.710000038146973,0.7799999713897705,,,1.0545883178710938,11.210000038146973,,,,,,,,,,,0.6200000047683716,1.10345458984375,,,2.7720000743865967,1.320582151412964,0.4050000011920929,0.8967189192771912,,,,,,,,,,,,,,,,,1.0499999523162842,1.7000000476837158,6.207675457000732,,,,,,5.533999919891357,0.0700000002980232,5.834621429443359,,,,,0.5600000023841858,0.9686368107795716,3.2799999713897705,5.650000095367432,,,,0.2199999988079071,0.061999998986721,11.196999549865724,2.2095954418182373,2.700000047683716,,2.9840054512023926,3.009905338287353,0.2199999988079071,0.8751521706581116,1.025546312332153,2.5199999809265137,0.8199999928474426,,,5.290999889373779,,,0.0590000003576278,,,1.795271873474121,1.321948528289795,6.432291507720947,0.2000000029802322,0.1850000023841858,0.5699999928474426,0.0289999991655349,4.360000133514404,,,,,,4.050000190734863,2.164130449295044,0.6899999976158142,1.399999976158142,,3.75,2.707392930984497,0.5799999833106995,,,,1.2693599462509155,5.805254459381104,0.5149999856948853,0.8399999737739563,12.853957176208496,,,,,0.209999993443489,3.75,1.6299999952316284,1.9111310243606567,5.413287162780762,,,,,4.269000053405762,4.033999919891357,5.077000141143799,19.149999618530277,13.961999893188477,3.486000061035156,9.496999740600586,8.538999557495117,2.555000066757202,6.224999904632568,,,,3.240000009536743,1.8505598306655884,4.192140102386475,36.95000076293945,0.0199999995529651,1.0299999713897705,,,,,,,1.8899999856948853,,
2025-02-28,,,,6.940000057220459,2.700000047683716,1.2050000429153442,0.3799999952316284,8.115038871765137,,,,,,0.6123992204666138,,,,,,,,,,32.5,0.1099999994039535,2.595999956130981,0.1990000009536743,0.1400000005960464,,,,,1.8589999675750728,10.871999740600586,1.4429999589920044,8.758679389953613,,3.601999998092652,0.2800000011920929,,2.682278871536255,0.0160000007599592,,,,,,,5.711999893188477,0.684478223323822,0.5899999737739563,3.1989998817443848,0.2800000011920929,,,0.7471083998680115,9.25,,,,,,,,,6.455474376678467,8.122029304504395,,,,,0.699999988079071,4.800000190734863,1.1080000400543213,1.625,2.743000030517578,0.9300000071525574,4.038000106811523,2.5,3.846999883651733,,,,,3.390000104904175,,,25.600000381469727,34.08000183105469,10.927927017211914,4.909830570220947,0.6000000238418579,3.1419999599456787,0.2899999916553497,2.5309998989105225,2.8010001182556152,,1.9339150190353396,2.133538007736206,,,,2.812000036239624,11.359999656677246,0.800000011920929,,4.917562484741211,0.8300000429153442,10.890000343322754,,,,,,,,,,,0.7799999713897705,1.1200000047683716,,,2.7780001163482666,1.330364227294922,0.3799999952316284,0.9164270162582396,,,,,,,105.88665008544922,,,,,,,,,,1.0499999523162842,1.7999999523162842,5.823999881744385,,,,,,5.622000217437744,0.0710000023245811,5.834621429443359,,,,,0.4900000095367431,0.9686368107795716,5.28000020980835,4.920000076293945,,,,0.2150000035762787,0.0520000010728836,10.800000190734863,2.2170000076293945,2.740000009536743,,2.990999937057495,3.0169999599456787,0.2399999946355819,0.8751521706581116,1.0920168161392212,2.446000099182129,0.6700000166893005,,,5.051000118255615,,,0.1360000073909759,,,2.1602447032928467,1.341827392578125,6.778645515441895,0.1969999969005584,0.209999993443489,0.6000000238418579,0.0289999991655349,3.0799999237060547,,,,,,4.199999809265137,1.996902108192444,0.6600000262260437,1.3200000524520874,,3.650000095367432,2.436653852462769,0.8700000047683716,,,,1.2400000095367432,5.900000095367432,0.6000000238418579,0.8399999737739563,12.201372146606444,,,,,0.2000000029802322,3.880000114440918,1.600000023841858,1.8520238399505613,5.818295478820801,,,,,4.188000202178955,3.950000047683716,4.919000148773193,18.44300079345703,13.255000114440918,3.38700008392334,9.15999984741211,7.978000164031982,2.5199999809265137,6.166999816894531,,,,3.809999942779541,1.8357553482055664,4.690000057220459,35.40999984741211,0.0219999998807907,0.9900000095367432,,,,,,,1.8899999856948853,,
2025-03-31,,,,6.940000057220459,2.690000057220459,1.2059999704360962,0.3799999952316284,8.170000076293945,,,,,,0.6299999952316284,,,,,,,,,,32.65999984741211,0.1040000021457672,2.5380001068115234,0.1860000044107437,0.1330000013113021,,,,,1.7960000038146973,10.373000144958496,1.3799999952316284,8.729999542236328,2.871000051498413,3.4590001106262207,0.2800000011920929,,2.482852935791016,0.0140000004321336,,,,,,,5.151999950408936,0.6600000262260437,0.6399999856948853,3.188999891281128,0.2899999916553497,,,0.7471083998680115,9.15999984741211,,,,,,,,,6.960000038146973,8.079999923706055,,,,,0.7300000190734863,4.360000133514404,1.0820000171661377,1.5829999446868896,2.674000024795532,0.7799999713897705,3.7909998893737793,2.486999988555908,3.8340001106262207,,,,,3.2799999713897705,,,24.25,33.540000915527344,10.449999809265137,5.590000152587891,0.6100000143051147,3.128000020980835,0.2599999904632568,2.5160000324249268,2.9749999046325684,,1.870000004768372,2.1549999713897705,,,,2.7100000381469727,11.449999809265137,0.75,,4.898125171661377,0.7699999809265137,10.380000114440918,,,,,,,,,,,0.7900000214576721,1.0499999523162842,,,2.684999942779541,1.2799999713897705,0.3700000047683716,0.8700000047683716,,,,,,,106.03663635253906,,,,,,,,,,1.0499999523162842,1.7999999523162842,5.599999904632568,,,,,,5.521999835968018,0.0489999987185001,5.599999904632568,,,,,0.449999988079071,0.8899999856948853,5.179999828338623,4.929999828338623,,,,0.2000000029802322,0.0570000000298023,10.352999687194824,2.2179999351501465,2.549999952316284,,3.0,3.0280001163482666,0.2249999940395355,0.9200000166893004,1.1799999475479126,2.372999906539917,0.6100000143051147,,,4.855999946594238,,,0.1309999972581863,,,1.7899999618530271,1.350000023841858,6.630000114440918,0.1800000071525573,0.2150000035762787,0.5299999713897705,0.0280000008642673,2.759999990463257,,,,,,4.289999961853027,1.6526086330413818,0.6499999761581421,1.2599999904632568,,3.950000047683716,2.4600000381469727,0.75,,,,1.1200000047683716,6.130000114440918,0.8500000238418579,0.7799999713897705,11.25,,,,,0.1809999942779541,,1.659999966621399,1.7699999809265137,5.749147891998291,,,,,3.931999921798706,3.7730000019073486,4.508999824523926,17.15999984741211,11.854999542236328,3.1700000762939453,8.550999641418457,7.348999977111816,2.2699999809265137,5.818999767303467,,,,3.7699999809265137,1.6699999570846558,4.519999980926514,35.189998626708984,0.025000000372529,0.8899999856948853,,,,,,,1.950000047683716,,
2025-04-30,,,,6.940000057220459,2.5799999237060547,1.2050000429153442,0.3499999940395355,7.519999980926514,,,,,,0.5799999833106995,,,,,,,,,,32.0099983215332,0.096000000834465,2.5179998874664307,0.1879999935626983,0.1319999992847442,,,,,1.8539999723434448,10.69499969482422,1.4140000343322754,8.760000228881836,,3.496999979019165,0.2000000029802322,,2.450000047683716,0.0149999996647238,,,,,,,5.013999938964844,0.6600000262260437,0.6499999761581421,3.559999942779541,0.270000010728836,3.5350000858306885,,0.7949999570846558,8.859999656677246,,,,,,,,,6.829999923706055,7.940000057220459,,,,,0.550000011920929,3.900000095367432,1.0609999895095823,1.52400004863739,2.586999893188477,0.7599999904632568,3.733000040054321,2.440000057220459,3.7790000438690186,,,,,3.069999933242798,,,23.5,34.0,9.850000381469728,5.449999809265137,0.6000000238418579,3.1540000438690186,0.2349999994039535,2.5409998893737797,3.049999952316284,,1.8350000381469729,2.200000047683716,,,,2.664999961853028,11.729999542236328,0.7200000286102295,,4.81065845489502,0.7699999809265137,10.550000190734863,,,,,,,,,,,0.7400000095367432,1.0199999809265137,,,2.7039999961853027,1.25,0.3300000131130218,0.824999988079071,,,,,,,105.5,,,,,,,,,,0.9800000190734864,1.830000042915344,5.579999923706055,,,,,,5.295000076293945,0.0599999986588954,5.480000019073486,,,,,0.4350000023841858,0.8999999761581421,5.5,4.849999904632568,,,,0.1909999996423721,0.0590000003576278,10.446999549865724,2.2249999046325684,2.569999933242798,,3.015500068664551,3.0360000133514404,0.209999993443489,0.9100000262260436,1.0700000524520874,2.311000108718872,0.6499999761581421,,,4.940000057220459,,,0.0979999974370002,,,1.919999957084656,1.3250000476837158,6.150000095367432,0.1689999997615814,0.270000010728836,0.5600000023841858,0.025000000372529,2.2100000381469727,,,,,,4.159999847412109,1.8001630306243896,0.6399999856948853,1.149999976158142,,3.5999999046325684,2.470000028610229,0.75,,,,1.100000023841858,5.71999979019165,0.8199999928474426,0.7200000286102295,10.779999732971191,,,,,0.2049999982118606,3.7200000286102295,1.6799999475479126,1.3700000047683716,5.800000190734863,,3.3949999809265137,,,3.846999883651733,3.75,4.355000019073486,16.5,11.72599983215332,3.1549999713897705,8.239999771118164,6.942999839782715,2.296999931335449,5.519000053405762,,,,3.549999952316284,1.7100000381469729,4.579999923706055,35.290000915527344,0.0209999997168779,0.8199999928474426,,,,,,,1.9700000286102293,,
