Date,4RT.RO,AAB.RO,AAG.RO,ADISS.RO,ALT.RO,ALU.RO,ALW.RO,APP.RO,AQ.RO,ARAX.RO,ARCV.RO,ARMT.RO,ARS.RO,ARTE.RO,ASC.RO,AST.RO,ATB.RO,ATRD.RO,BCM.RO,BENTO.RO,BIO.RO,BNET.RO,BRCR.RO,BRD.RO,BRK.RO,BRM.RO,BRNA.RO,BUCU.RO,BUCV.RO,BVB.RO,CAB.RO,CACU.RO,CBC.RO,CC.RO,CCOM.RO,CHRD.RO,CLAIM.RO,CMF.RO,CMVX.RO,CNTE.RO,CODE.RO,COKG.RO,COKJ.RO,COMI.RO,CORO.RO,COTE.RO,CPLB.RO,CRC.RO,DIGI.RO,DN.RO,EBS.RO,ECT.RO,EEAI.RO,EFO.RO,EL.RO,ELGS.RO,ELJ.RO,ELJA.RO,ELMA.RO,EVER.RO,FIMA.RO,FOJE.RO,FOSB.RO,FP.RO,FRB.RO,GREEN.RO,GSH.RO,H2O.RO,HAI.RO,HUNT.RO,IARV.RO,IMP.RO,INFINITY.RO,INOX.RO,IORB.RO,IPRU.RO,JTG.RO,LION.RO,LONG.RO,M.RO,MACO.RO,MAM.RO,MAMA.RO,MCAB.RO,MECF.RO,MEOY.RO,MIB.RO,MILK.RO,MOBG.RO,MOIB.RO,NAPO.RO,NRF.RO,NTEX.RO,PE.RO,PPL.RO,PRAE.RO,PREH.RO,PRSN.RO,PTR.RO,REIT.RO,RMAH.RO,ROCE.RO,RRC.RO,SATU.RO,SEOL.RO,SEOM.RO,SFG.RO,SIDG.RO,SMTL.RO,SNG.RO,SNN.RO,SNO.RO,SNP.RO,SOCP.RO,STKP.RO,TBK.RO,TBM.RO,TEL.RO,TGN.RO,TLV.RO,TRANSI.RO,TSLA.RO,TSND.RO,TTS.RO,TUAA.RO,UAM.RO,UNISEM.RO,VAC.RO,VNC.RO,WINE.RO,^BET.RO
2022-05-31,,5.859074115753174,2.5985090732574463,0.9399999976158142,0.0469999983906745,1.4351508617401123,12.84012222290039,7.990850925445557,0.6495540142059326,1.2999999523162842,0.1180000007152557,2.0999999046325684,7.59075927734375,9.825017929077148,2.693781614303589,17.798795700073242,0.517814576625824,21.994592666625977,0.0799999982118606,9.910148620605469,0.5602522492408752,0.2945449948310852,0.2199999988079071,12.299975395202637,0.1991419792175293,2.2667899131774902,17.238323211669922,16.700000762939453,0.5988779664039612,23.750812530517575,0.1324000060558319,11.379512786865234,28.49862289428711,3.483316659927368,0.0405000001192092,26.76475143432617,2.0933165550231934,1.2921651601791382,27.92586898803711,25.200000762939453,,,25.0,0.0080000003799796,4.800000190734863,59.749053955078125,8.5,18.18519592285156,36.68412780761719,0.6100000143051147,141.54800415039062,0.0324999988079071,0.3000000119209289,0.1852587163448333,8.393960952758789,0.305988997220993,0.1080000028014183,35.400001525878906,0.1302777826786041,0.9919896721839904,,5.472990989685059,0.1679799556732177,0.2194810360670089,0.4348230063915252,,2.0299999713897705,,1.384577989578247,0.6204651594161987,9.196463584899902,0.494284987449646,2.0184614658355717,,0.0786089971661567,,,1.887109398841858,1.1649999618530271,5.025000095367432,14.655620574951172,3.8886618614196777,0.2269999980926513,0.2179999947547912,0.1289999932050705,0.1277103275060653,,7.440000057220459,,,2.619999885559082,8.234193801879883,26.710372924804688,,14.399999618530272,,2.552028179168701,,0.418956995010376,0.1572781503200531,0.5583689212799072,0.0886144414544105,0.0719999969005584,4.699999809265137,0.6972298622131348,,11.584177017211914,0.3499999940395355,22.763532638549805,3.841718196868897,36.72135925292969,4.0387701988220215,0.3038218021392822,0.2916356325149536,2.259999990463257,15.093239784240724,0.1798611581325531,17.705312728881836,13.252104759216309,15.107789993286133,0.2561718225479126,0.0297650750726461,0.0864999964833259,2.887448787689209,0.0939245745539665,1.1200000047683716,,5.2829999923706055,0.1330778896808624,7.956561088562012,
2022-06-30,,6.518041133880615,2.532723903656006,0.8980000019073486,0.0474999994039535,1.5115790367126465,12.757143020629885,8.396183967590332,0.58171546459198,1.399999976158142,0.1220000013709068,2.0999999046325684,7.447537422180176,10.815775871276855,2.682673692703247,18.378097534179688,0.5120610594749451,18.72266960144043,0.0764999985694885,3.193589448928833,0.5177014470100403,0.3036360144615173,0.2800000011920929,11.297356605529783,0.1905999928712844,2.2667899131774902,16.750446319580078,14.800000190734863,0.6316291093826294,24.776561737060547,0.1343999952077865,11.815208435058594,24.356380462646484,3.355878591537476,0.0425000004470348,26.944381713867188,2.7304129600524902,1.2755991220474243,34.94871520996094,25.200000762939453,,,28.0,0.0074999998323619,4.800000190734863,58.05644607543945,10.0,18.043493270874023,35.1013069152832,0.6499999761581421,117.48484802246094,0.0324999988079071,0.3000000119209289,0.175972580909729,8.52114200592041,0.3171660006046295,0.1169999986886978,35.400001525878906,0.1263888776302337,1.0093929767608645,,5.119894981384277,0.1679799556732177,0.2342647016048431,0.4210189878940582,,1.9700000286102293,,1.3804080486297607,0.6158691048622131,9.191327095031738,0.4614279866218567,1.924923062324524,,0.0962369963526725,,,1.926424264907837,1.399999976158142,4.949999809265137,13.71009635925293,3.7376458644866943,0.2220000028610229,0.1944999992847442,0.1360000073909759,0.0775384083390235,,7.139999866485596,,,2.619999885559082,7.889047622680664,31.69746780395508,,14.0,,2.5894594192504883,,0.4854805469512939,0.1583849936723709,0.5680797696113586,0.0846760123968124,0.0799999982118606,5.449999809265137,0.6972298622131348,,11.973196983337402,0.3499999940395355,22.664344787597656,4.302724361419678,38.111114501953125,4.021871566772461,0.3192092776298523,0.4215040802955627,2.5999999046325684,16.21445083618164,0.1860366612672805,17.049562454223633,13.586848258972168,14.024582862854004,0.2195758372545242,0.0297650750726461,0.0710000023245811,2.9208827018737797,0.0963453128933906,1.1799999475479126,,5.19345760345459,0.1359012871980667,7.809537887573242,
2022-07-29,,6.556382179260254,2.5491702556610107,0.8700000047683716,0.045499999076128,1.447888970375061,11.22244930267334,8.492691993713379,0.5545800924301147,1.2999999523162842,0.1140000000596046,1.3600000143051147,7.065612316131592,10.733213424682615,2.624354839324951,18.93221092224121,0.5120610594749451,18.17734909057617,0.0775000005960464,3.2121570110321045,0.5336579084396362,0.2960000038146972,0.2360000014305114,11.565916061401367,0.1749999970197677,2.3754875659942627,17.400949478149414,15.5,0.6316291093826294,24.422611236572266,0.0945999994874,11.583537101745604,33.6349983215332,3.160472869873047,0.0419999994337558,27.303640365600582,2.8214266300201416,1.4381026029586792,31.56161499023437,26.799999237060547,,,28.200000762939453,0.0074999998323619,4.800000190734863,56.70236206054688,10.0,19.74392509460449,35.473731994628906,0.6330000162124634,120.46224212646484,0.0324999988079071,0.3000000119209289,0.1815442591905594,8.00263500213623,0.2822360098361969,0.1129999980330467,35.400001525878906,0.1263888776302337,1.0093929767608645,,5.0757575035095215,0.1679799556732177,0.2253945022821426,0.4132539927959442,,1.9700000286102293,,1.3762370347976685,0.5643935203552246,9.340779304504396,0.4799999892711639,1.899999976158142,,0.0962369963526725,,,1.8853620290756223,1.4500000476837158,4.820000171661377,13.42643928527832,3.501683473587036,0.2070000022649765,0.1850000023841858,0.1379999965429306,0.077994517982006,,6.900000095367432,,,2.619999885559082,8.017244338989258,22.216278076171875,,13.300000190734863,,2.608783721923828,,0.5052960515022278,0.1556384414434433,0.5832589268684387,0.084019623696804,0.0794999971985817,5.699999809265137,0.719018280506134,,11.584177017211914,0.3100000023841858,25.59037399291992,4.420624732971191,39.59320831298828,3.8866820335388175,0.3750283420085907,0.4101124703884125,2.5999999046325684,15.65384578704834,0.1852647066116333,17.049562454223633,14.088971138000488,13.89134693145752,0.2543420195579529,0.0297650750726461,0.0914999991655349,2.9543166160583496,0.0963453128933906,1.1799999475479126,,5.417313575744629,0.1338849663734436,8.025748252868652,
2022-08-31,,6.594722747802734,2.532723903656006,0.8799999952316284,0.0575000010430812,1.4861029386520386,11.702040672302246,8.299676895141602,0.5477962493896484,1.399999976158142,0.1330000013113021,1.600000023841858,7.065612316131592,10.595343589782717,2.546596050262451,20.409847259521484,0.5043898224830627,19.08621597290039,0.0785000026226043,3.304993867874145,0.5579320192337036,0.3000000119209289,0.3179999887943268,11.94189739227295,0.1562000066041946,2.261464357376098,17.905719757080078,15.0,0.6480727791786194,26.45782852172852,0.1110000014305114,11.583537101745604,30.983966827392575,3.23693585395813,0.0439999997615814,24.249942779541016,2.885136365890503,1.4640926122665403,35.41059112548828,26.799999237060547,,,28.0,0.0070000002160668,4.800000190734863,56.70236206054688,7.5,17.476682662963867,34.26334381103516,0.7200000286102295,108.50387573242188,0.0344999991357326,0.3000000119209289,0.1741153448820114,7.728705406188965,0.2794420123100281,0.123999997973442,40.0,0.1312500089406967,1.1007604598999023,,5.958498001098633,0.1663001626729965,0.2224377393722534,0.3968620002269745,,1.940000057220459,,1.3512150049209597,0.5699087381362915,9.43418788909912,0.4350000023841858,1.899999976158142,,0.0962369963526725,,,1.9981614351272583,1.4199999570846558,4.675000190734863,14.986554145812988,3.813153982162476,0.2829999923706054,0.1624999940395355,0.1369999945163726,0.098519392311573,,7.28000020980835,,,2.619999885559082,8.332806587219238,22.216278076171875,,14.0,,2.0290539264678955,,0.5024653077125549,0.1538074016571045,0.5345089435577393,0.0991168841719627,0.0790000036358833,4.579999923706055,0.7059452533721924,,11.065482139587402,0.25,27.673311233520508,4.125300884246826,37.984073638916016,3.7007975578308105,0.3665868639945984,0.4101124703884125,2.1600000858306885,16.30069923400879,0.1945279538631439,16.955883026123047,13.823142051696776,14.032376289367676,0.2552569210529327,0.0259381365031003,0.0900000035762786,3.051577568054199,0.0963453128933906,1.1799999475479126,,5.103915214538574,0.132271721959114,8.348999977111816,
2022-09-30,,5.597846508026123,2.3682615756988525,0.8700000047683716,0.050000000745058,1.320508599281311,8.651837348937988,7.875041484832764,0.4646939933300018,1.2999999523162842,0.1150000020861625,1.2000000476837158,6.206280708312988,10.945603370666504,2.1189236640930176,18.147216796875,0.4939913749694824,19.44976234436035,0.0745000019669532,3.0264835357666016,0.5211047530174255,0.2714999914169311,0.3000000119209289,9.93666172027588,0.1230000033974647,2.18544864654541,20.4882755279541,13.300000190734863,0.570690929889679,28.58153343200684,0.0900000035762786,11.93104362487793,28.1672420501709,2.829132556915283,0.0430000014603138,26.944381713867188,2.639399290084839,1.299490451812744,30.791820526123047,22.799999237060547,,,28.0,0.0054999999701976,4.800000190734863,52.47084426879883,7.5,14.39018726348877,30.0279598236084,0.6759999990463257,110.74911499023438,0.0384999997913837,0.3000000119209289,0.1717938035726547,6.016650676727295,0.2780439853668213,0.123999997973442,40.0,0.1322222203016281,1.1007604598999023,,5.2081685066223145,0.1360637843608856,0.199011281132698,0.4046269953250885,,1.899999976158142,,1.326192021369934,0.5018873810768127,8.686924934387207,0.4199999868869781,1.7200000286102295,,0.1095770001411438,,,1.973990082740784,1.215000033378601,4.440000057220459,13.09550666809082,3.619999885559082,0.2119999974966049,0.1400000005960464,0.1340000033378601,0.0775384083390235,,5.800000190734863,,,2.619999885559082,7.129726886749268,12.903393745422363,,12.800000190734863,,2.2802700996398926,,0.5477579236030579,0.1492297947406768,0.52406245470047,0.1132295727729797,0.0769999995827674,4.800000190734863,0.7679152488708496,,10.849360466003418,0.1990000009536743,24.995250701904297,3.691544532775879,35.99382781982422,3.3797237873077397,0.3232770562171936,0.4078337848186493,2.119999885559082,15.869462966918944,0.1875805258750915,15.878576278686523,13.793604850769045,11.77591323852539,0.2351291328668594,0.0267885699868202,0.1019999980926513,2.9603946208953857,0.0953770130872726,1.1799999475479126,,5.5068559646606445,0.1268068999052047,7.86433744430542,
2022-10-31,,5.041896820068359,2.4669389724731445,0.7760000228881836,0.0564999990165233,1.401182770729065,7.86530590057373,8.183866500854492,0.4782617092132568,1.2999999523162842,0.1150000020861625,1.5,7.017871856689453,10.77047348022461,2.2938804626464844,18.65515518188477,0.4795189499855041,17.72291374206543,0.0740000009536743,3.5278027057647705,0.5376770496368408,0.2975000143051147,0.3000000119209289,10.115699768066406,0.1389999985694885,2.18544864654541,20.66044807434082,15.0,0.5900363922119141,29.46640968322754,0.0579999983310699,12.162714004516602,27.338794708251957,2.7186858654022217,0.0450000017881393,25.68697738647461,2.639399290084839,1.3341434001922607,29.8642520904541,23.0,,,26.0,0.0065000001341104,4.800000190734863,53.48640823364258,7.5,17.344465255737305,29.17001724243164,0.6790000200271606,120.5598602294922,0.0270000007003545,0.2840000092983246,0.1806156486272812,6.368844509124756,0.2738530039787292,0.1230000033974647,40.0,0.1361111104488372,1.1007604598999023,,5.2081685066223145,0.1763789504766464,0.2024228870868683,0.3882350027561188,,1.8899999856948853,,1.2969989776611328,0.5130000114440918,9.041873931884766,0.3989999890327453,1.715000033378601,,0.1095770001411438,,,1.973990082740784,1.2000000476837158,4.09499979019165,13.000953674316406,3.5899999141693115,0.221000000834465,0.1420000046491623,0.1340000033378601,0.0729773193597793,,6.440000057220459,,,2.2799999713897705,6.557770729064941,14.02542781829834,,13.899999618530272,,2.2802700996398926,,0.5747400522232056,0.1556384414434433,0.5693303346633911,0.153295412659645,0.0750000029802322,4.699999809265137,0.7817102074623108,,10.762910842895508,0.2419999986886978,25.342405319213867,3.5392682552337646,34.04592514038086,4.157060146331787,0.3495722711086273,0.4062486886978149,2.400000095367432,16.21445083618164,0.179567739367485,16.300128936767578,13.321019172668455,11.987457275390623,0.2525122165679931,0.0357180908322334,0.0944999977946281,3.0272624492645264,0.0939245745539665,1.1799999475479126,,5.5068559646606445,0.1263940334320068,8.092951774597168,
2022-11-29,,5.34862756729126,2.845202922821045,0.7559999823570251,0.0515000000596046,1.4436429738998413,8.440816879272461,7.180185317993164,0.4976077377796173,1.4500000476837158,0.1199999973177909,1.5,7.495277881622314,11.120733261108398,2.27444076538086,19.301618576049805,0.4997803270816803,23.63055229187012,0.0750000029802322,3.3421285152435303,0.550566554069519,0.2915000021457672,0.3000000119209289,11.94189739227295,0.1275999993085861,2.3564839363098145,25.48121833801269,14.600000381469728,0.5997090935707092,29.3779239654541,0.045499999076128,14.479421615600586,30.652587890625,2.812140464782715,0.0430000014603138,25.866605758666992,2.639399290084839,1.3081536293029783,30.348535537719727,26.399999618530277,,,26.399999618530277,0.0070000002160668,3.359999895095825,56.70236206054688,7.5,17.7733097076416,31.07655334472656,0.7229999899864197,141.1575469970703,0.0320000015199184,0.3680000007152557,0.2042953372001648,7.36672830581665,0.2514970004558563,0.125,34.400001525878906,0.1409722119569778,1.1616722345352173,,5.0757575035095215,0.1814626455307006,0.2181163728237152,0.3701170086860657,,1.8550000190734863,,1.242784023284912,0.4799999892711639,8.948466300964355,0.3799999952316284,1.7300000190734863,,0.0857559964060783,,,1.973990082740784,1.2799999713897705,3.900000095367432,13.237334251403809,2.8399999141693115,0.2240000069141388,0.1035000011324882,0.1330000013113021,0.064767375588417,,6.260000228881836,,,1.309999942779541,6.3112382888793945,17.279327392578125,,13.399999618530272,,2.318918943405152,,0.5303871631622314,0.1506030708551406,0.5466964244842529,0.1658377647399902,0.0829999968409538,5.349999904632568,0.7817102074623108,,12.62156581878662,0.2419999986886978,25.78874969482422,3.691544532775879,35.95148468017578,4.647119998931885,0.358079582452774,0.3913851678371429,2.400000095367432,14.920743942260742,0.1638773381710052,19.485212326049805,15.004606246948242,14.173404693603516,0.2644059360027313,0.0374189540743827,0.0900000035762786,3.355520009994507,0.0939245745539665,1.0199999809265137,,5.2829999923706055,0.1268068999052047,8.028939247131348,
2022-12-30,,5.08023738861084,2.8945417404174805,0.6600000262260437,0.0509999990463256,1.447888970375061,7.9612250328063965,6.755550384521484,0.4904990196228027,1.2400000095367432,0.1480000019073486,1.3300000429153442,7.35205602645874,11.383427619934082,2.760432243347168,18.839859008789062,0.5460919737815857,22.7216854095459,0.0724999979138374,3.1750221252441406,0.5671387910842896,0.2955000102519989,0.3400000035762787,11.637531280517578,0.1132000014185905,2.280468225479126,24.10385513305664,14.600000381469728,0.5997090935707092,31.23616600036621,0.0384000018239021,14.479421615600586,28.332931518554688,3.101001262664795,0.0375000014901161,24.96846008300781,2.5392839908599854,1.4294394254684448,31.63996315002441,28.0,,,33.0,0.006000000052154,3.380000114440918,57.37940979003906,5.849999904632568,23.58807182312012,30.0279598236084,0.7279999852180481,143.20753479003906,0.0320000015199184,0.3680000007152557,0.1885088682174682,7.914586067199707,0.2487030029296875,0.125,34.400001525878906,0.1419444382190704,1.1921279430389404,,5.472990989685059,0.1905357539653778,0.2319902926683426,0.3304310142993927,,1.7999999523162842,,1.234442949295044,0.4225000143051147,8.686924934387207,0.3600000143051147,1.7200000286102295,,0.0762270018458366,,,1.9578760862350464,1.2000000476837158,4.224999904632568,13.56826877593994,2.299999952316284,0.210999995470047,0.09740000218153,0.1299999952316284,0.0775384083390235,,5.800000190734863,,,1.6399999856948853,6.035121440887451,17.95254898071289,,9.0,,2.2609457969665527,,0.5470194816589355,0.1345814764499664,0.5136160254478455,0.15391406416893,0.0794999971985817,5.550000190734863,0.9012658596038818,,12.102871894836426,0.2800000011920929,24.796875,3.483895301818848,36.24790191650391,4.653594970703125,0.324823796749115,0.3913851678371429,2.299999952316284,15.222609519958496,0.1582113802433014,20.328325271606445,16.274682998657227,14.046480178833008,0.2525122165679931,0.0429467558860778,0.0900000035762786,3.48317551612854,0.0939245745539665,1.0099999904632568,,5.372542381286621,0.1263940334320068,7.763746738433838,
2023-01-31,,5.176090717315674,2.9932191371917725,0.7540000081062317,0.050000000745058,1.5880070924758911,8.728571891784668,7.122280597686768,0.5544772148132324,1.3300000429153442,0.1400000005960464,1.7200000286102295,7.017871856689453,11.470992088317873,2.915949821472168,20.87160873413086,0.5499513149261475,20.600000381469727,0.0769999995827674,3.3421285152435303,0.5947592258453369,0.2930000126361847,0.3000000119209289,12.264167785644531,0.1317999958992004,2.2994720935821533,24.96470642089844,14.600000381469728,0.6577454805374146,35.39508819580078,0.0549000017344951,14.363585472106934,28.00155258178711,3.406853437423706,0.0434999987483024,26.046236038208008,2.7304129600524902,1.4381026029586792,32.28567886352539,28.0,,,35.0,0.0070000002160668,3.380000114440918,63.1342658996582,6.699999809265137,22.095155715942383,32.029823303222656,0.7459999918937683,165.46473693847656,0.0299999993294477,0.257999986410141,0.2321537882089615,8.051548957824707,0.2836329936981201,0.125,34.400001525878906,0.1487499922513961,1.131216287612915,,5.29644250869751,0.127023845911026,0.2308530956506729,0.3278430104255676,,1.7350000143051147,,1.2719769477844238,0.4740000069141388,10.414968490600586,0.3740000128746032,1.7599999904632568,,0.1095770001411438,,,1.94176185131073,1.190000057220459,4.775000095367432,13.237334251403809,3.150000095367432,0.238999992609024,0.1539999991655349,0.1289999932050705,0.0729773193597793,,6.380000114440918,,,1.899999976158142,6.912778377532959,17.95254898071289,,11.0,,2.164324283599853,,0.5396273136138916,0.1400745958089828,0.5571427941322327,0.1784885823726654,0.0794999971985817,5.699999809265137,0.8828726410865784,,13.26993465423584,0.2300000041723251,27.425342559814453,3.700773715972901,37.51826858520508,4.653594970703125,0.3565327823162079,0.4434051811695099,2.5999999046325684,16.386945724487305,0.1769526749849319,20.51568031311035,17.101707458496094,13.990067481994627,0.2525122165679931,0.0420963205397129,0.0900000035762786,3.677698135375977,0.0939245745539665,1.0299999713897705,,5.238228797912598,0.1371340900659561,8.394722938537598,
2023-02-28,,5.156919956207275,3.157681703567505,0.9279999732971193,0.0515000000596046,1.5880070924758911,9.49591827392578,6.794153690338135,0.6024607419967651,1.5,0.1790000051259994,1.7200000286102295,7.6862406730651855,10.945603370666504,3.401941299438477,22.44159507751465,0.5943333506584167,24.0,0.0785000026226043,3.8434479236602783,0.6168555021286011,0.293500006198883,0.3019999861717224,11.870282173156738,0.125,2.280468225479126,26.858583450317383,15.100000381469728,0.6674181818962097,36.81089019775391,0.0535000003874301,17.259469985961914,28.995689392089844,3.54278826713562,0.0445000007748603,27.48326873779297,3.094468116760254,1.516072154045105,35.19138717651367,28.0,,,35.0,0.0070000002160668,4.300000190734863,63.64205551147461,6.699999809265137,21.796571731567383,31.362537384033203,0.7360000014305115,177.13026428222656,0.0320000015199184,0.4199999868869781,0.2674411535263061,8.85377025604248,0.2668670117855072,0.125,34.400001525878906,0.18472221493721,1.13556706905365,,6.752964496612549,0.127023845911026,0.2388135343790054,0.3269799947738647,,1.7350000143051147,,1.176056981086731,0.4519999921321869,9.901226043701172,0.3700000047683716,1.7899999618530271,,0.1057649999856948,,,2.0142757892608643,1.2050000429153442,4.510000228881836,13.56826877593994,3.150000095367432,0.2680000066757202,0.1490000039339065,0.1360000073909759,0.0729773193597793,12.737692832946776,6.480000019073486,,,2.359999895095825,6.893054962158203,23.226110458374023,,11.0,,2.3962161540985107,,0.5451713800430298,0.1597582846879959,0.5989285707473755,0.197889506816864,0.0834999978542327,5.699999809265137,0.8184965252876282,,13.226709365844728,0.1749999970197677,27.7229061126709,3.72845983505249,36.84074020385742,4.653594970703125,0.3681336641311645,0.4310199916362762,2.4600000381469727,17.335664749145508,0.1900279819965362,23.70076560974121,18.57853889465332,13.87724494934082,0.2598313987255096,0.0357180908322334,0.0869999974966049,3.884379386901856,0.0939245745539665,0.8299999833106995,,5.327770709991455,0.1354816854000091,8.138673782348633,
2023-03-31,,5.022725582122803,3.157681703567505,0.8659999966621399,0.050000000745058,1.6389591693878174,9.112245559692385,6.909963130950928,0.6113466620445251,1.6399999856948853,0.1449999958276748,1.7200000286102295,7.208834648132324,11.90881633758545,3.674096584320069,21.979835510253903,0.5345141291618347,24.200000762939453,0.0860000029206276,4.45617151260376,0.5910764932632446,0.2955000102519989,0.3000000119209289,10.634913444519045,0.1129999980330467,2.3564839363098145,41.32089614868164,14.800000190734863,0.7448000311851501,41.76620101928711,0.0406999997794628,17.37530517578125,26.841726303100582,3.5173003673553467,0.0379999987781047,27.66289710998535,3.085366725921631,1.8192864656448364,33.57710266113281,31.799999237060547,,,45.0,0.0044999998062849,4.300000190734863,63.811317443847656,11.300000190734863,20.20412826538086,32.69710922241211,0.722000002861023,148.38136291503906,0.0299999993294477,0.800000011920929,0.2191531807184219,8.511359214782715,0.2514970004558563,0.135000005364418,28.0,0.1652777791023254,1.1138129234313965,,7.988801002502441,0.1814626455307006,0.2393821477890014,0.3149009943008423,,1.659999966621399,,1.1593749523162842,0.4379999935626983,9.43418788909912,0.3680000007152557,1.7100000381469729,,0.0857559964060783,,,1.982047200202942,1.1699999570846558,4.440000057220459,19.856002807617188,2.900000095367432,0.2440000027418136,0.123999997973442,0.1400000005960464,0.0775384083390235,15.373077392578123,6.199999809265137,,,4.199999809265137,5.798449993133545,39.27119827270508,,10.5,,2.705405235290528,,0.5248430371284485,0.1538074016571045,0.5414732098579407,0.2078055292367935,0.0829999968409538,6.5,1.1771634817123413,,14.571163177490234,0.2300000041723251,28.71478271484375,3.65924334526062,38.53456878662109,4.616365909576416,0.3561460971832275,0.4359738826751709,2.5,17.421911239624023,0.2004882395267486,22.29557991027832,18.43085479736328,13.750317573547363,0.2662357091903686,0.0442223995923996,0.0754999965429306,3.82966947555542,0.0939245745539665,0.9200000166893004,,5.417313575744629,0.1387855261564254,8.41301155090332,
2023-04-28,,5.08023738861084,3.1741280555725098,0.8600000143051147,0.050000000745058,1.6856653690338137,9.43836784362793,6.079995632171631,0.6237868070602417,1.600000023841858,0.1599999964237213,1.950000047683716,7.065612316131592,11.470992088317873,3.528299331665039,22.5339469909668,0.551880955696106,22.399999618530277,0.0885000005364418,5.124598026275635,0.6168555021286011,0.2949999868869781,0.335999995470047,11.100414276123049,0.1225000023841857,2.166444540023804,49.06856536865234,14.5,0.7206181883811951,41.58922958374024,0.0615000016987323,22.703731536865234,27.338794708251957,3.7891688346862793,0.0419999994337558,28.200000762939453,4.162166595458984,2.14849066734314,41.971378326416016,29.200000762939453,,,54.5,0.0049999998882412,4.300000190734863,66.68875122070312,11.300000190734863,19.70648956298828,35.17560958862305,0.7360000014305115,158.9730682373047,0.0344999991357326,0.800000011920929,0.2358682602643966,8.62875747680664,0.2626749873161316,0.1490000039339065,28.0,0.1788888871669769,1.118163824081421,,7.944664001464844,0.1814626455307006,0.2365391105413437,0.3192149996757507,,1.5800000429153442,,1.0843080282211304,0.4560000002384186,9.480890274047852,0.3179999887943268,1.7000000476837158,,0.1114820018410682,,,1.9175904989242556,1.315000057220459,4.625,23.44899177551269,2.940000057220459,0.2639999985694885,0.1309999972581863,0.1369999945163726,0.0775384083390235,14.055384635925291,6.119999885559082,,,4.380000114440918,5.897063255310059,52.73561096191406,,10.600000381469728,,2.763378143310547,,0.5414754152297974,0.147398754954338,0.5832589268684387,0.1961649805307388,0.0820000022649765,7.150000095367432,1.2507362365722656,,15.241615295410156,0.2300000041723251,30.94650077819824,3.580798387527466,38.74629592895508,4.448836803436279,0.3750941753387451,0.4334964752197265,2.400000095367432,17.594404220581055,0.2118202000856399,23.23236846923828,19.878150939941406,13.503518104553224,0.2836188077926636,0.0454980470240116,0.1000000014901161,3.95124626159668,0.0934404283761978,0.9200000166893004,,5.19345760345459,0.1379598081111908,9.144577980041504,
2023-05-31,,4.779895782470703,2.988865852355957,0.800000011920929,0.050500001758337,1.76022469997406,9.112245559692385,5.886979579925537,0.6721985340118408,1.590000033378601,0.1449999958276748,2.200000047683716,7.624625205993652,13.450793266296388,3.528299331665039,23.83061790466309,0.5885444283485413,30.799999237060547,0.0900000035762786,4.827518939971924,0.6186968088150024,0.296999990940094,0.335999995470047,10.831856727600098,0.125,2.3564839363098145,53.54290390014648,14.899999618530272,0.6722545623779297,40.17342758178711,0.050000000745058,22.935401916503903,65.86164093017578,3.860095024108887,0.0395000018179416,23.0,3.954999685287476,2.2979509830474854,40.03424072265625,31.399999618530277,,,54.5,0.0049999998882412,4.199999809265137,66.86254119873047,11.300000190734863,19.109325408935547,34.22233963012695,0.7300000190734863,150.73585510253906,0.0344999991357326,1.0,0.2321537882089615,8.428783416748047,0.2654699981212616,0.1360000073909759,28.0,0.1750000119209289,1.152970552444458,,7.768115997314453,0.1944242566823959,0.2365112453699112,0.3149009943008423,,1.5800000429153442,,1.078052043914795,0.4000000059604645,11.535862922668455,0.2790000140666961,1.7200000286102295,,0.1169999986886978,,,2.086050748825073,1.3250000476837158,4.730000019073486,19.73267364501953,2.720000028610229,0.2520000040531158,0.1199999973177909,0.1360000073909759,0.0939009636640548,14.899999618530272,6.059999942779541,,,5.349999904632568,6.094289302825928,50.49153900146485,,10.600000381469728,,2.995270252227783,,0.4971224069595337,0.1541052609682083,0.5614954829216003,0.1960588246583938,0.0820000022649765,9.949999809265137,1.655386209487915,,16.403736114501953,0.3659999966621399,32.33512496948242,3.746917724609375,43.53135681152344,4.467451095581055,0.4159223437309265,0.5003791451454163,2.299999952316284,19.069231033325195,0.2153069376945495,23.3260498046875,14.555649757385254,13.320180892944336,0.2803199887275696,0.0459232591092586,0.0979999974370002,4.286694526672363,0.0905355438590049,0.8299999833106995,,5.596595764160156,0.1492723971605301,9.0256986618042,
2023-06-30,,5.099999904632568,3.060455560684204,0.7450000047683716,0.0509999990463256,1.7177529335021973,8.901224136352539,6.176503658294678,0.6646668910980225,1.5399999618530271,0.1459999978542328,1.6100000143051147,8.064507484436035,12.703527450561523,3.411661148071289,23.92671012878418,0.681167721748352,29.799999237060547,0.0844999998807907,4.88322114944458,0.6113314032554626,0.2910000085830688,0.328000009059906,11.834474563598633,0.1589999943971634,2.3564839363098145,56.802040100097656,14.100000381469728,0.6770909428596497,45.45454406738281,0.0549999997019767,28.259998321533203,162.37586975097656,3.7719650268554688,0.0434999987483024,22.0,3.973833084106445,2.615553855895996,41.16423797607422,31.0,,,50.0,0.0044999998062849,3.140000104904175,67.4181900024414,11.300000190734863,17.815462112426758,32.69710922241211,0.7179999947547913,155.38148498535156,0.0364999994635582,1.0,0.256297767162323,8.428783416748047,0.2487030029296875,0.1410000026226043,30.399999618530277,0.1711111068725586,1.1249631643295288,,7.856389999389648,0.2119224220514297,0.2267245799303054,0.310588002204895,,1.4700000286102295,,1.078052043914795,0.3989999890327453,11.53067398071289,0.270000010728836,1.690000057220459,,0.0844999998807907,,,2.000905752182007,1.3250000476837158,4.425000190734863,19.43668365478516,2.7699999809265137,0.2520000040531158,0.1110000014305114,0.1220000013709068,0.1089251115918159,14.248125076293944,5.900000095367432,,,4.119999885559082,6.114011764526367,60.060001373291016,,10.5,,3.539999961853028,,0.4979720711708069,0.1435763388872146,0.5702008605003357,0.1989705860614776,0.0844999998807907,10.0,1.7013691663742063,,16.13555335998535,0.270000010728836,31.640811920166016,4.083771228790283,41.22455978393555,4.281307220458984,0.4184329211711883,0.6143269538879395,2.380000114440918,18.9743595123291,0.2161786258220672,24.311628341674805,17.382749557495117,14.624698638916016,0.2716799974441528,0.0502033829689025,0.0895000025629997,5.06464958190918,0.0784318596124649,0.9350000023841858,,5.6906561851501465,0.1511619091033935,9.565229415893556,
2023-07-31,,5.25,3.221532106399536,0.8650000095367432,0.0719999969005584,1.76022469997406,8.287347793579102,6.466026782989502,0.8661381602287292,1.5099999904632568,0.135000005364418,1.9600000381469729,8.602141380310059,17.747575759887695,3.569999933242798,24.6954402923584,0.6753787994384766,48.0,0.0855000019073486,5.031761169433594,0.6444758772850037,0.2599999904632568,0.3300000131130218,13.159361839294434,0.1659999936819076,2.24863338470459,87.531005859375,11.199999809265137,0.9479272961616516,53.09090805053711,0.0535000003874301,31.20374870300293,156.0,3.73671293258667,0.0700000002980232,22.200000762939453,4.312833309173584,3.2133948802948,87.17132568359375,33.79999923706055,,,55.0,0.0049999998882412,3.140000104904175,69.08511352539062,10.300000190734863,18.450000762939453,33.17374420166016,0.7540000081062317,170.3068084716797,0.0384999997913837,1.0,0.2840000092983246,9.122919082641602,0.2500999867916107,0.1599999964237213,44.20000076293945,0.1750000119209289,1.10162353515625,,11.65217399597168,0.2333090901374817,0.2234623581171035,0.3450979888439178,,1.6200000047683716,100.73412322998048,1.0918149948120115,0.4099999964237213,12.29619598388672,0.3079999983310699,1.7050000429153442,,0.2680000066757202,,,2.04347825050354,1.375,4.800000190734863,16.476783752441406,2.7699999809265137,0.2680000066757202,0.1059999987483024,0.1340000033378601,0.0854498744010925,14.341249465942385,6.099999904632568,,,5.300000190734863,5.818172931671143,66.89610290527344,,10.5,,3.359999895095825,,0.4885763823986053,0.1521909087896347,0.6050223112106323,0.1970293968915939,0.0850000008940696,9.899999618530272,1.839318037033081,,18.41509056091309,0.3100000023841858,38.79999923706055,4.059999942779541,41.6405029296875,4.48606538772583,0.4519075751304626,1.5853608846664429,2.299999952316284,19.16410255432129,0.2344840764999389,26.98666763305664,18.052833557128903,16.393918991088867,0.2716799974441528,0.0511417612433433,0.0740000009536743,5.969618320465088,0.0890830978751182,0.7799999713897705,,5.596595764160156,0.1615542918443679,11.089787483215332,
2023-08-31,,5.099999904632568,3.042558193206787,0.7749999761581421,0.0729999989271164,1.7932584285736084,8.191429138183594,6.562534809112549,0.843543291091919,1.649999976158142,0.1449999958276748,3.0,8.406638145446777,15.972818374633787,4.46999979019165,24.98371315002441,0.7487056255340576,44.400001525878906,0.0839999988675117,4.88322114944458,0.7115384340286255,0.2549999952316284,0.3000000119209289,13.14145851135254,0.1469999998807907,2.3659534454345703,79.15038299560547,12.300000190734863,0.8850545883178711,47.81818008422852,0.050000000745058,31.00749969482422,147.0,3.974664211273194,0.0654999986290931,19.600000381469727,3.973833084106445,3.811235666275024,110.57844543457033,30.200000762939453,2.940000057220459,,65.0,0.0044999998062849,4.360000133514404,66.86254119873047,8.25,17.5,34.82765197753906,0.8220000267028809,165.61175537109375,0.0370000004768371,1.2999999523162842,0.2860000133514404,9.420405387878418,0.2800000011920929,0.1599999964237213,39.59999847412109,0.1759999990463256,1.09695565700531,,12.181818008422852,0.2449745535850525,0.2267245799303054,0.3243919909000397,,1.5499999523162842,101.4523696899414,1.0459400415420532,0.3790000081062317,12.29619598388672,0.2750000059604645,1.7100000381469729,,0.2000000029802322,0.6399999856948853,,2.026449203491211,1.3700000047683716,4.635000228881836,16.082128524780273,2.4600000381469727,0.2599999904632568,0.0970000028610229,0.1319999992847442,0.1023520454764366,13.96875,6.460000038146973,,,4.539999961853027,5.620946407318115,67.8726806640625,,10.0,,3.1600000858306885,0.1360000073909759,0.4848181009292602,0.141661986708641,0.6050223112106323,0.189750000834465,0.0815000012516975,9.800000190734863,1.830121397972107,,17.61054801940918,0.2460000067949295,39.09999847412109,4.050000190734863,43.4891357421875,4.392993450164795,0.4452126622200012,2.544834852218628,2.619999885559082,18.68974494934082,0.2414575964212417,25.99451065063477,16.3579158782959,16.712247848510742,0.2707200050354004,0.060525570064783,0.0879999995231628,6.223644733428955,0.0939245745539665,0.6100000143051147,0.233919009566307,5.6436262130737305,0.1606095284223556,11.070601463317873,
2023-09-29,,5.0,3.221532106399536,0.7300000190734863,0.0829999968409538,1.9631459712982176,8.690204620361328,6.562534809112549,0.8529578447341919,1.649999976158142,0.1260000020265579,2.0999999046325684,8.406638145446777,15.348430633544922,4.360000133514404,26.04071617126465,1.1488378047943115,44.59999847412109,0.0935000032186508,7.037038326263428,0.7461538314819336,0.2509999871253967,0.3000000119209289,13.982940673828123,0.152999997138977,2.522379875183105,77.75360870361328,11.899999618530272,1.1100000143051147,59.81818008422852,0.0520000010728836,31.00749969482422,152.0,4.808374404907227,0.050000000745058,18.899999618530277,4.086833477020264,4.409076690673828,106.17342376708984,31.0,2.619999885559082,,71.0,0.0049999998882412,4.0,70.7520523071289,8.25,19.600000381469727,36.10303115844727,0.977999985218048,162.30050659179688,0.0375000014901161,1.2999999523162842,0.3019999861717224,9.826970100402832,0.2759999930858612,0.1599999964237213,34.0,0.2000000029802322,1.1342989206314087,,12.717391967773438,0.2508072555065155,0.3712572455406189,0.2860000133514404,,1.559999942779541,107.73703002929688,1.0950000286102295,0.3409999907016754,11.96127986907959,0.2739999890327453,1.7699999809265137,,0.257999986410141,0.7300000190734863,,2.162681102752685,1.5549999475479126,4.550000190734863,16.1807918548584,2.5899999141693115,0.2460000067949295,0.1019999980926513,0.1289999932050705,0.1671437174081802,14.154999732971191,6.71999979019165,,,4.880000114440918,4.970099925994873,71.29073333740234,,9.5,,3.039999961853028,0.1494999974966049,0.5036095380783081,0.1435763388872146,0.6187500357627869,0.2057646960020065,0.0829999968409538,11.0,1.940000057220459,1.211340069770813,19.54446601867676,0.2460000067949295,39.400001525878906,4.5,45.106693267822266,4.467451095581055,0.5159005522727966,2.696765184402466,2.200000047683716,18.92692375183105,0.2911438047885895,29.863922119140625,18.88058280944824,17.587650299072266,0.2678399980068207,0.0628715232014656,0.0860000029206276,6.953970909118652,0.0929562821984291,0.5899999737739563,0.2263732403516769,5.126293182373047,0.1669999957084655,12.298535346984863,
2023-10-31,,4.800000190734863,3.239429473876953,0.75,0.0780000016093254,1.9348315000534055,8.74775505065918,7.431105613708496,0.8661381602287292,1.7000000476837158,0.1000000014901161,2.0999999046325684,8.211134910583496,14.67271327972412,4.289999961853027,26.136808395385746,1.178045630455017,42.79999923706055,0.0925000011920929,8.926486015319824,0.7461538314819336,0.2479999959468841,0.3000000119209289,14.609577178955078,0.1560000032186508,2.639700174331665,68.90739440917969,12.5,1.0399999618530271,64.0,0.0480000004172325,28.06374931335449,153.0,5.041037559509277,0.0584999993443489,18.299999237060547,3.785500049591065,5.090988636016846,93.57657623291016,29.799999237060547,2.400000095367432,,68.0,0.0044999998062849,4.0,70.93726348876953,8.25,18.799999237060547,36.88787841796875,1.1399999856948853,166.05654907226562,0.0375000014901161,1.2999999523162842,0.2899999916553497,9.519567489624023,0.2080000042915344,0.1599999964237213,46.0,0.1979999989271164,1.1109594106674194,,11.963768005371094,0.4044024348258972,0.433133453130722,0.238999992609024,,1.4800000190734863,104.77426147460938,1.0299999713897705,0.3379999995231628,13.205252647399902,0.2360000014305114,1.7300000190734863,,0.2560000121593475,0.7200000286102295,,2.026449203491211,1.559999942779541,4.534999847412109,15.786138534545898,2.5199999809265137,0.2560000121593475,0.1000000014901161,0.1260000020265579,0.1671437174081802,14.154999732971191,6.659999847412109,,,4.519999980926514,4.150000095367432,69.82585144042969,,9.699999809265137,,3.039999961853028,0.1509999930858612,0.4979720711708069,0.1435763388872146,0.6046874523162842,0.1873235255479812,0.0829999968409538,11.0,1.909999966621399,1.2365763187408447,19.072378158569336,0.3379999995231628,37.5,4.554999828338623,42.05644607543945,4.2254638671875,0.4851275384426117,2.335930585861206,2.200000047683716,19.16410255432129,0.2627314627170563,29.169410705566406,18.30904197692871,18.65523338317871,0.2668800055980682,0.0581796169281005,0.0780000016093254,6.922216892242432,0.0919879823923111,0.5550000071525574,0.2761753499507904,5.361444473266602,0.1659999936819076,11.972365379333496,
2023-11-29,,4.199999809265137,3.293121814727783,0.7200000286102295,0.0844999998807907,1.9631459712982176,8.4791841506958,7.334597587585449,0.8303629159927368,1.690000057220459,0.1199999973177909,2.0999999046325684,8.455513954162598,15.444961547851562,4.989999771118164,28.635177612304688,1.3289523124694824,44.400001525878906,0.0925000011920929,10.285714149475098,0.7692307829856873,0.2750000059604645,0.3899999856948852,14.86023235321045,0.1564999967813491,2.639700174331665,75.89125061035156,13.0,1.0099999904632568,56.909088134765625,0.0439999997615814,27.278749465942383,153.0,5.380338668823242,0.0520000010728836,18.299999237060547,3.785500049591065,5.813233375549316,87.27815246582031,37.79999923706055,2.400000095367432,,70.0,0.0040000001899898,3.0199999809265137,71.6781234741211,6.300000190734863,17.600000381469727,40.22348403930664,1.2999999523162842,180.3888092041016,0.0390000008046627,1.2999999523162842,0.4000000059604645,9.69805908203125,0.2680000066757202,0.1360000073909759,45.0,0.2060000002384185,1.1903135776519775,,12.528985977172852,0.2391418367624282,0.4508123695850372,0.2160000056028366,,1.440000057220459,115.54796600341795,0.9639999866485596,0.3050000071525574,12.53542137145996,0.2290000021457672,1.8200000524520876,,0.2479999959468841,0.8149999976158142,,2.094565153121948,1.524999976158142,4.090000152587891,15.983466148376465,2.3499999046325684,0.2520000040531158,0.0759999975562095,0.125,0.1455464959144592,14.713749885559082,6.400000095367432,,,4.300000190734863,3.9800000190734863,55.17707443237305,,9.800000190734863,,2.900000095367432,0.1749999970197677,0.5280383229255676,0.1359189301729202,0.637499988079071,0.18683822453022,0.0825000032782554,10.0,1.7999999523162842,1.261812448501587,19.35562896728516,0.2399999946355819,41.400001525878906,4.800000190734863,43.9512939453125,4.932810783386231,0.4896529614925384,1.8991304636001587,2.200000047683716,19.35384559631348,0.2533482015132904,28.87176513671875,17.95429039001465,19.25863647460937,0.2880000174045563,0.0666250512003898,0.0599999986588954,7.906569957733154,0.0953770130872726,0.5450000166893005,0.2807028293609619,6.584230422973633,0.1560000032186508,13.104368209838867,
2023-12-29,,4.260000228881836,3.346813678741455,0.7149999737739563,0.0825000032782554,1.9820224046707156,9.112245559692385,7.045074462890625,0.8661381602287292,1.7799999713897705,0.1599999964237213,2.720000028610229,8.553265571594238,15.831085205078123,4.880000114440918,28.058631896972656,1.3581600189208984,48.0,0.0989999994635582,10.726530075073242,0.7923076748847961,0.277999997138977,0.3899999856948852,16.041889190673828,0.1494999974966049,2.541933298110962,75.89125061035156,12.5,1.0099999904632568,59.6363639831543,0.0445000007748603,31.79250144958496,144.0,5.525752544403076,0.0489999987185001,18.899999618530277,3.9173331260681152,7.07276725769043,89.07770538330078,42.0,2.5899999141693115,,75.0,0.0044999998062849,3.0199999809265137,75.75285339355469,8.149999618530273,17.850000381469727,43.16666793823242,1.2799999713897705,179.69691467285156,0.0465000011026859,1.2999999523162842,0.4000000059604645,11.38381576538086,0.2360000014305114,0.1800000071525573,45.0,0.2119999974966049,1.1856456995010376,,12.717391967773438,0.4666181802749634,0.4623036682605743,0.2419999986886978,,1.5499999523162842,114.91950225830078,0.9959999918937684,0.5899999737739563,13.205252647399902,0.2630000114440918,1.899999976158142,,0.2399999946355819,0.8149999976158142,,2.2052536010742188,1.5149999856948853,3.9800000190734863,17.266088485717773,2.490000009536743,0.2820000052452087,0.0816000029444694,0.125,0.1568146049976349,14.434374809265137,6.340000152587891,,,4.28000020980835,4.46999979019165,60.54829406738281,,9.5,,3.059999942779541,0.1675000041723251,0.5599837303161621,0.1378332674503326,0.6328125,0.1931470483541488,0.0839999988675117,11.0,1.870000004768372,1.4132299423217771,24.265352249145508,0.2199999988079071,42.900001525878906,5.010000228881836,45.38398742675781,5.025882244110107,0.5199733972549438,2.089043617248535,2.4200000762939453,20.77692222595215,0.2739913761615753,29.863922119140625,18.584959030151367,20.331356048583984,0.3129599988460541,0.0633407160639762,0.0590000003576278,8.573389053344727,0.0871465131640434,0.5799999833106995,0.285230278968811,8.042167663574219,0.1669999957084655,13.756709098815918,
2024-01-31,,4.300000190734863,3.293121814727783,0.9100000262260436,0.0815000012516975,2.1235954761505127,12.181632995605469,7.189835548400879,0.9744054079055786,2.140000104904175,0.1439999938011169,2.0999999046325684,9.335278511047363,17.375581741333008,4.53000020980835,30.07654571533203,1.7475965023040771,48.79999923706055,0.096000000834465,11.363265991210938,0.8211538195610046,0.2770000100135803,0.3000000119209289,16.537120819091797,0.1430000066757202,2.541933298110962,73.09770202636719,12.699999809265137,1.0199999809265137,59.81818008422852,0.0469999983906745,30.811248779296875,152.0,6.2528252601623535,0.0515000000596046,18.299999237060547,4.030333518981934,6.200782299041748,98.07545471191406,42.400001525878906,2.2799999713897705,,65.0,0.0044999998062849,3.900000095367432,77.79021453857422,8.149999618530273,17.350000381469727,44.83447265625,1.375,196.69793701171875,0.0480000004172325,1.2999999523162842,0.4020000100135803,11.304486274719238,0.2399999946355819,0.1800000071525573,50.0,0.2060000002384185,1.1202952861785889,,12.717391967773438,0.3888485133647918,0.4667233824729919,0.2199999988079071,,1.6299999952316284,112.04651641845705,1.0149999856948853,0.6159999966621399,13.779394149780272,0.2469999939203262,1.8049999475479128,,0.277999997138977,0.9200000166893004,,2.2052536010742188,1.5099999904632568,4.0,17.95673370361328,2.509999990463257,0.270000010728836,0.0799999982118606,0.1220000013709068,0.1380344182252884,14.434374809265137,6.699999809265137,,0.6101521253585815,3.299999952316284,4.300000190734863,60.060001373291016,,9.600000381469728,,3.539999961853028,0.2169999927282333,0.6032039523124695,0.1330474019050598,0.637499988079071,0.1950882375240326,0.0815000012516975,11.0,1.899999976158142,1.556235432624817,24.35976791381836,0.3400000035762787,54.400001525878906,5.119999885559082,45.56885147094727,5.118954181671143,0.5249513983726501,2.259965419769287,2.359999895095825,20.587181091308597,0.2993261814117431,30.459217071533203,18.86087417602539,20.834192276000977,0.3004799783229828,0.0656866654753685,0.0595000013709068,9.271960258483888,0.0876306518912315,0.5299999713897705,0.2565563321113586,6.631260871887207,0.1879999935626983,14.811964988708496,
2024-02-29,,4.099999904632568,3.382608652114868,0.959999978542328,0.0974999964237213,2.1330337524414062,12.948980331420898,6.94856595993042,1.0497218370437622,1.9600000381469729,0.1280000060796737,2.0999999046325684,9.04202365875244,17.66517448425293,4.090000152587891,29.788272857666016,1.674577236175537,52.0,0.0890000015497207,12.58775520324707,0.8057692050933838,0.2630000114440918,0.3840000033378601,18.31164932250977,0.1379999965429306,2.73746657371521,85.66864776611328,12.199999809265137,1.0099999904632568,59.6363639831543,0.0570000000298023,29.241249084472656,166.0,6.786012172698975,0.0570000000298023,18.299999237060547,4.068000316619873,6.15233850479126,93.57657623291016,49.20000076293945,2.039999961853028,,69.5,0.0065000001341104,5.800000190734863,79.08671569824219,8.899999618530273,19.200000762939453,47.9738655090332,1.5700000524520874,181.8714599609375,0.0515000000596046,1.690000057220459,0.3819999992847442,11.601972579956056,0.1840000003576278,0.202000007033348,45.20000076293945,0.1949999928474426,1.1296310424804688,,14.036231994628906,0.5055029988288879,0.4406469762325287,0.2010000050067901,,1.590000033378601,111.41804504394533,0.9940000176429749,0.5,13.588013648986816,0.2329999953508377,1.75,,0.2759999930858612,0.8899999856948853,,2.2137680053710938,1.4299999475479126,3.910000085830689,19.73267364501953,2.180000066757202,0.270000010728836,0.0737999975681305,0.1169999986886978,0.1399124413728714,14.620624542236328,7.260000228881836,,0.6145416498184204,4.019999980926514,4.039999961853027,61.524879455566406,,9.0,,3.680000066757202,0.2619999945163727,0.6182370781898499,0.1311330497264862,0.6421874761581421,0.18683822453022,0.0785000026226043,10.100000381469728,1.8600000143051147,1.5141749382019043,25.87045288085937,0.3000000119209289,61.59999847412109,5.0,43.62778472900391,6.887320518493652,0.5584396719932556,2.10803484916687,2.359999895095825,19.828205108642575,0.2908812463283539,29.764705657958984,18.742624282836918,21.789581298828125,0.2966399788856506,0.0699093863368034,0.0610000006854534,9.557740211486816,0.0881148055195808,0.492000013589859,0.2791936695575714,7.054532527923584,0.1739999949932098,13.833455085754396,
2024-03-29,,4.0,3.507890462875366,0.8399999737739563,0.1000000014901161,2.538876533508301,14.291836738586426,7.575867176055908,1.1674035787582395,2.0199999809265137,0.1270000040531158,2.0999999046325684,9.188650131225586,16.69986343383789,4.090000152587891,29.40390968322754,1.684313178062439,53.0,0.1309999972581863,12.73469352722168,0.7923076748847961,0.257999986410141,0.3680000007152557,20.48262023925781,0.1319999992847442,2.639700174331665,66.0,13.0,1.2300000190734863,58.54545211791992,0.0405000001192092,22.76500129699707,163.0,8.579459190368652,0.0575000010430812,16.799999237060547,5.697083473205566,5.71634578704834,93.57657623291016,40.0,2.0299999713897705,33.20000076293945,71.5,0.0065000001341104,5.800000190734863,81.30929565429688,8.899999618530273,13.899999618530272,49.05303192138672,1.6100000143051147,201.64010620117188,0.0450000017881393,1.2999999523162842,0.4099999964237213,13.208399772644045,0.1899999976158142,0.2000000029802322,45.0,0.2199999988079071,1.2276568412780762,,13.094202995300291,0.4568969905376434,0.4596517980098724,0.2000000029802322,,1.6200000047683716,120.3063507080078,0.9860000014305116,0.4309999942779541,13.492323875427246,0.231000006198883,1.870000004768372,2.059999942779541,0.209999993443489,0.9449999928474426,,2.503260850906372,1.4850000143051147,3.869999885559082,19.73267364501953,2.140000104904175,0.270000010728836,0.0526000000536441,0.1099999994039535,0.1671437174081802,14.899999618530272,7.0,,0.7418396472930908,3.740000009536743,4.320000171661377,59.57170867919922,,8.25,,3.5199999809265137,0.2440000027418136,0.6201162338256836,0.132090225815773,0.6656249761581421,0.1742205768823623,0.0710000023245811,11.199999809265137,1.6100000143051147,1.9179550409317017,27.664386749267575,0.3000000119209289,58.79999923706055,5.610000133514404,45.56885147094727,6.375424861907959,0.6095771789550781,1.8136695623397827,2.359999895095825,18.0256404876709,0.2908812463283539,27.97882461547852,19.136791229248047,23.33161163330078,0.3148800134658813,0.0797623842954635,0.0680000036954879,9.14494800567627,0.0968294590711593,0.5450000166893005,0.3244683146476745,6.772350788116455,0.1609999984502792,14.639286994934082,
2024-04-30,,4.199999809265137,3.489993095397949,0.7799999713897705,0.0970000028610229,2.689887523651123,13.908163070678713,8.396183967590332,1.1344527006149292,2.1600000858306885,0.1099999994039535,2.0999999046325684,9.01269817352295,16.796396255493164,3.900000095367432,30.460912704467773,1.8936352729797363,50.0,0.1330000013113021,11.510204315185549,0.7846153378486633,0.248999997973442,0.3600000143051147,19.63311004638672,0.1260000020265579,2.639700174331665,72.5,13.100000381469728,1.0299999713897705,58.54545211791992,0.0399999991059303,21.39124870300293,160.0,8.0,0.066500000655651,16.0,5.650000095367432,5.571014881134033,92.6768035888672,36.79999923706055,2.039999961853028,,74.5,0.0070000002160668,5.800000190734863,81.86493682861328,8.899999618530273,14.0,55.1356086730957,1.590000033378601,216.36773681640625,0.0509999990463256,1.600000023841858,0.414000004529953,13.208399772644045,0.1879999935626983,0.1700000017881393,45.0,0.238999992609024,1.2136530876159668,,13.188405990600586,0.4568969905376434,0.4570000171661377,0.1854999959468841,,1.649999976158142,120.934814453125,0.9200000166893004,0.4300000071525574,13.253098487854004,0.2399999946355819,1.870000004768372,1.919999957084656,0.2619999945163727,0.9549999833106996,,2.4436593055725098,1.5049999952316284,4.130000114440918,19.14069175720215,2.1600000858306885,0.2660000026226043,0.0353999994695186,0.1150000020861625,0.1586926281452179,14.80687427520752,7.28000020980835,,0.6057625412940979,3.2799999713897705,4.090000152587891,45.899513244628906,,8.0,,3.700000047683716,0.2029999941587448,0.5919290781021118,0.1129467189311981,0.65625,0.1717941164970398,0.0724999979138374,9.199999809265137,1.4299999475479126,1.8843066692352293,31.818767547607425,0.2399999946355819,56.0,5.25,45.47642135620117,6.235816955566406,0.6254162192344666,1.7994260787963867,2.400000095367432,17.456409454345703,0.2955728769302368,29.268627166748047,18.62437438964844,23.800926208496094,0.3110399842262268,0.0872694328427314,0.0654999986290931,8.509881973266602,0.0939245745539665,0.6000000238418579,0.3501239418983459,6.349079132080078,0.1570000052452087,13.814268112182615,
2024-05-31,3.3020944595336914,4.21999979019165,3.961904525756836,0.7850000262260437,0.0949999988079071,2.7653932571411133,14.579591751098633,8.600000381469727,1.1549999713897705,1.7999999523162842,0.1120000034570694,2.0999999046325684,9.760000228881836,17.0,3.869999885559082,29.0,2.0250699520111084,53.0,0.1340000033378601,13.273469924926758,0.7365384101867676,0.2199999988079071,0.3440000116825104,19.0,0.1315000057220459,2.73746657371521,65.5,13.800000190734863,1.1399999856948853,58.18181610107422,0.032999999821186,22.176250457763672,149.0,8.100000381469727,0.0509999990463256,14.5,6.0,5.910120487213135,96.2759017944336,42.0,1.7200000286102295,,68.5,0.006000000052154,5.800000190734863,88.19999694824219,8.899999618530273,15.300000190734863,65.73106384277344,1.4900000095367432,225.0,0.0509999990463256,1.25,0.4000000059604645,13.81999969482422,0.1840000003576278,0.1899999976158142,40.0,0.2329999953508377,1.309999942779541,,13.188405990600586,0.5049999952316284,0.4629999995231628,0.1755000054836273,,1.6799999475479126,119.85745239257812,0.8880000114440918,0.4589999914169311,13.39663314819336,0.2360000014305114,1.8949999809265137,1.9600000381469729,0.2479999959468841,1.340000033378601,,2.7799999713897705,1.4850000143051147,5.099999904632568,19.649999618530277,2.140000104904175,0.2639999985694885,0.0318000018596649,0.1080000028014183,0.1586926281452179,15.600000381469728,6.860000133514404,,0.7286708354949951,3.7200000286102295,4.010000228881836,39.84468460083008,21.25,7.5,,3.759999990463257,0.2080000042915344,0.6144787669181824,0.1190000027418136,0.6675000190734863,0.169852927327156,0.0775000005960464,9.0,1.2699999809265137,1.8799999952316284,33.61213302612305,0.2980000078678131,56.400001525878906,5.429999828338623,46.20000076293945,5.816993713378906,0.6752712726593018,1.6474957466125488,2.359999895095825,18.549999237060547,0.3002645075321197,32.74117660522461,22.122604370117188,26.147497177124023,0.3350400030612945,0.0797623842954635,0.0684999972581863,8.633333206176758,0.101670928299427,0.5199999809265137,0.3499999940395355,6.900000095367432,0.1500000059604644,15.061389923095703,
2024-06-28,3.3160271644592285,4.139999866485596,6.190476417541504,0.7300000190734863,0.0930000022053718,3.0768539905548096,14.195919036865234,8.5,1.215000033378601,2.0799999237060547,0.1159999966621398,2.0999999046325684,9.699999809265137,18.399999618530277,3.880000114440918,26.899999618530277,2.8720946311950684,51.5,0.1430000066757202,14.399999618530272,0.7673076391220093,0.2060000002384185,0.3160000145435333,20.899999618530277,0.1354999989271164,2.933000087738037,62.0,13.399999618530272,1.1200000047683716,58.18181610107422,0.0350000001490116,23.600000381469727,120.0,7.349999904632568,0.06700000166893,12.800000190734863,5.900000095367432,6.346113204956055,96.5,41.0,1.7100000381469729,,73.0,0.0065000001341104,5.800000190734863,86.19999694824219,10.0,14.300000190734863,65.73106384277344,1.659999966621399,219.5,0.0494999997317791,1.100000023841858,0.4519999921321869,15.5600004196167,0.1800000071525573,0.1840000003576278,55.5,0.2349999994039535,1.399999976158142,,13.800000190734863,0.3899999856948852,0.395000010728836,0.1735000014305114,,1.6799999475479126,124.6999969482422,0.7900000214576721,0.488999992609024,14.100000381469728,0.2479999959468841,1.9700000286102293,,0.2199999988079071,1.590000033378601,,2.799999952316284,1.5199999809265137,5.960000038146973,20.0,2.0999999046325684,0.2639999985694885,0.0350000001490116,0.125,0.1909999996423721,15.899999618530272,6.380000114440918,,0.6847749948501587,3.5799999237060547,4.0,40.79999923706055,21.0,7.699999809265137,,3.819999933242798,0.2319999933242797,0.6639999747276306,0.1129999980330467,0.703125,0.172764703631401,0.0829999968409538,9.0,1.399999976158142,1.8799999952316284,36.82720565795898,0.2980000078678131,56.20000076293945,5.960000038146973,45.70000076293945,6.282352924346924,0.7353488206863403,1.6569913625717163,2.5999999046325684,17.799999237060547,0.3302909731864929,41.900001525878906,23.700000762939453,27.87394905090332,0.3720000088214874,0.0994683802127838,0.0680000036954879,8.483332633972168,0.1394344121217727,0.574999988079071,0.3600000143051147,7.0,0.1480000019073486,15.310813903808594,
2024-07-31,3.274229049682617,3.5,6.285714149475098,0.699999988079071,0.0825000032782554,2.9600000381469727,14.387755393981934,8.300000190734863,1.3200000524520874,1.909999966621399,0.1389999985694885,2.700000047683716,9.720000267028809,17.399999618530273,4.119999885559082,25.100000381469727,2.774735450744629,53.0,0.1379999965429306,14.149999618530272,0.7730768918991089,0.2000000029802322,0.2899999916553497,22.100000381469727,0.1330000013113021,2.9800000190734863,66.0,12.5,1.190000057220459,58.18181610107422,0.0299999993294477,22.600000381469727,95.0,7.550000190734863,0.0590000003576278,10.300000190734863,5.900000095367432,6.443000316619873,95.5,40.79999923706055,1.5399999618530271,,72.0,0.006000000052154,5.0,87.80000305175781,8.0,13.699999809265137,63.0,1.559999942779541,239.0,0.0480000004172325,1.2200000286102295,0.4259999990463257,16.260000228881836,0.1800000071525573,0.1710000038146972,58.0,0.2150000035762787,1.4800000190734863,,14.199999809265137,0.5049999952316284,0.4199999868869781,0.1199999973177909,,1.909999966621399,124.5,0.6779999732971191,0.4769999980926513,14.100000381469728,0.2319999933242797,2.0299999713897705,,0.2399999946355819,1.649999976158142,,2.8299999237060547,1.625,5.800000190734863,19.950000762939453,1.850000023841858,0.2520000040531158,0.0309999994933605,0.1150000020861625,0.1860000044107437,15.899999618530272,5.920000076293945,,0.6672166585922241,3.5799999237060547,3.799999952316284,38.79999923706055,20.81999969482422,7.5,,3.7200000286102295,0.2169999927282333,0.6499999761581421,0.1280000060796737,0.75,0.1688823401927948,0.0790000036358833,8.0,1.7200000286102295,1.7799999713897705,39.16543960571289,0.209999993443489,53.400001525878906,5.929999828338623,46.95000076293945,6.375424861907959,0.7584185600280762,1.6522434949874878,2.299999952316284,17.799999237060547,0.3434275388717651,45.400001525878906,24.549999237060547,29.0,0.3720000088214874,0.1013451442122459,0.0780000016093254,8.333333015441895,0.1433075964450836,0.5849999785423279,0.3880000114440918,6.25,0.1420000046491623,15.800000190734863,
2024-08-30,,4.0,6.857142925262451,0.6949999928474426,0.0804999992251396,2.859999895095825,14.5,8.25,1.399999976158142,1.7999999523162842,0.1140000000596046,2.700000047683716,9.380000114440918,16.100000381469727,4.150000095367432,25.0,2.862358808517456,52.0,0.1299999952316284,13.25,0.7799999713897705,0.1909999996423721,0.3199999928474426,21.5,0.1230000033974647,2.9600000381469727,60.5,12.800000190734863,1.1799999475479126,57.727272033691406,0.0299999993294477,19.0,99.5,7.0,0.0560000017285347,10.800000190734863,6.0,6.599999904632568,94.5,49.59999847412109,1.5950000286102295,,71.0,0.0054999999701976,5.0,84.0,8.0,13.949999809265137,63.400001525878906,1.4850000143051147,245.0,0.0465000011026859,1.2799999713897705,0.4399999976158142,14.65999984741211,0.1700000017881393,0.1599999964237213,58.0,0.209999993443489,1.4550000429153442,,14.399999618530272,0.4979999959468841,0.3833999931812286,0.1014999970793724,,1.6399999856948853,122.5999984741211,0.593999981880188,0.4440000057220459,13.449999809265137,0.2220000028610229,2.240000009536743,,0.3019999861717224,1.7599999904632568,4.3174262046813965,2.799999952316284,1.715000033378601,5.900000095367432,22.200000762939453,1.75,0.2399999946355819,0.0294000003486871,0.1070000007748603,0.1800000071525573,15.899999618530272,5.940000057220459,7.599999904632568,0.702333390712738,3.559999942779541,3.619999885559082,30.0,20.399999618530277,8.399999618530273,,3.700000047683716,0.2090000063180923,0.6399999856948853,0.1099999994039535,0.7387499809265137,0.1609999984502792,0.0750000029802322,6.25,1.4199999570846558,1.75,39.65257263183594,0.2360000014305114,54.59999847412109,5.760000228881836,44.5,6.328888893127441,0.7549999952316284,1.6000173091888428,2.200000047683716,17.5,0.348119169473648,46.70000076293945,24.049999237060547,28.75,0.356000006198883,0.0975916236639022,0.0644999966025352,7.599999904632568,0.1249099895358085,0.5699999928474426,0.3499999940395355,6.800000190734863,0.1379999965429306,15.300000190734863,
2024-09-30,3.9800000190734863,3.880000114440918,6.809524059295654,0.7149999737739563,0.0780000016093254,2.799999952316284,13.699999809265137,8.199999809265137,1.434999942779541,1.8799999952316284,0.1070000007748603,2.700000047683716,8.779999732971191,16.600000381469727,3.400000095367432,24.899999618530277,3.309999942779541,53.0,0.125,13.850000381469728,0.777999997138977,0.209999993443489,0.3100000023841858,21.0,0.1150000020861625,2.900000095367432,62.5,12.600000381469728,1.1399999856948853,50.0,0.0799999982118606,20.799999237060547,88.5,7.099999904632568,0.0509999990463256,7.900000095367432,6.199999809265137,5.400000095367432,80.0,41.0,1.399999976158142,,68.0,0.0049999998882412,5.400000095367432,77.4000015258789,10.100000381469728,12.850000381469728,66.4000015258789,1.5,243.3999938964844,0.0350000001490116,1.0099999904632568,0.4099999964237213,13.68000030517578,0.1599999964237213,0.163000002503395,51.0,0.202000007033348,1.4850000143051147,,14.0,0.4779999852180481,0.3695999979972839,0.0898000001907348,,1.659999966621399,125.0,0.578000009059906,0.4589999914169311,12.949999809265137,0.2169999927282333,2.390000104904175,,0.2840000092983246,1.6799999475479126,4.424873352050781,2.8299999237060547,1.7450000047683716,6.119999885559082,21.200000762939453,1.940000057220459,0.2300000041723251,0.0285999998450279,0.1129999980330467,0.277999997138977,17.0,5.920000076293945,,0.702333390712738,2.799999952316284,3.75,28.0,21.0,7.75,,3.5199999809265137,0.1749999970197677,0.621999979019165,0.1059999987483024,0.734000027179718,0.1459999978542328,0.0754999965429306,5.800000190734863,1.3899999856948853,1.809999942779541,38.48345565795898,0.1930000036954879,48.5,5.559999942779541,42.25,6.561568737030029,0.7289999723434448,1.5525391101837158,2.259999990463257,17.299999237060547,0.3790839612483978,36.20000076293945,23.0,27.649999618530277,0.3619999885559082,0.0965000018477439,0.0759999975562095,6.869999885559082,0.1400000005960464,0.5600000023841858,0.3759999871253967,7.400000095367432,0.1264999955892563,15.079999923706056,
2024-10-31,3.220000028610229,3.859999895095825,6.5714287757873535,0.675000011920929,0.0719999969005584,2.7300000190734863,13.399999618530272,8.100000381469727,1.4049999713897705,1.6299999952316284,0.1099999994039535,2.700000047683716,8.5,16.600000381469727,2.950000047683716,24.799999237060547,3.0899999141693115,53.0,0.1400000005960464,13.300000190734863,0.7519999742507935,0.1934999972581863,0.2319999933242797,20.299999237060547,0.1035000011324882,2.9800000190734863,65.0,12.399999618530272,1.2000000476837158,48.650001525878906,0.1289999932050705,18.700000762939453,75.0,6.699999809265137,0.0564999990165233,8.699999809265137,6.0,5.349999904632568,78.5,45.59999847412109,1.190000057220459,,68.0,0.0044999998062849,5.400000095367432,77.4000015258789,10.100000381469728,13.800000190734863,64.80000305175781,1.565000057220459,254.8999938964844,0.0399999991059303,1.2799999713897705,0.4300000071525574,12.739999771118164,0.1400000005960464,0.163000002503395,59.5,0.2049999982118606,1.4700000286102295,,15.0,0.4760000109672546,0.3318000137805938,0.0740000009536743,,1.830000042915344,121.0,0.5099999904632568,0.4359999895095825,12.600000381469728,0.1969999969005584,2.440000057220459,,0.2259999960660934,1.7000000476837158,4.949999809265137,2.9100000858306885,1.75,5.889999866485596,22.100000381469727,1.870000004768372,0.25,0.0275999996811151,0.1120000034570694,0.257999986410141,16.899999618530273,5.820000171661377,,0.9393709301948548,3.220000028610229,3.5799999237060547,32.0,19.86000061035156,8.25,,3.5799999237060547,0.1634999960660934,0.6039999723434448,0.1199999973177909,0.7099999785423279,0.1400000005960464,0.0700000002980232,5.800000190734863,1.440000057220459,1.7300000190734863,40.5,0.2960000038146972,45.09999847412109,5.429999828338623,43.09999847412109,7.213071823120117,0.7390000224113464,1.5193043947219849,2.5999999046325684,17.100000381469727,0.3650000095367431,39.09999847412109,23.700000762939453,28.25,0.3720000088214874,0.0900000035762786,0.0715000033378601,6.960000038146973,0.1400000005960464,0.5049999952316284,0.3860000073909759,7.400000095367432,0.1260000020265579,14.880000114440918,
2024-11-29,3.5199999809265137,3.819999933242798,6.0,0.6399999856948853,0.0729999989271164,2.4800000190734863,13.699999809265137,8.0,1.1799999475479126,1.5099999904632568,0.1070000007748603,2.700000047683716,8.720000267028809,15.100000381469728,2.930000066757202,23.0,2.5199999809265137,48.0,0.1500000059604644,11.0,0.7419999837875366,0.1749999970197677,0.25,17.979999542236328,0.0820000022649765,2.720000028610229,56.5,12.0,1.0299999713897705,41.0,0.125,23.399999618530277,67.0,5.949999809265137,0.0764999985694885,7.0,5.849999904632568,4.960000038146973,77.5,39.0,1.2100000381469729,,65.0,0.0054999999701976,5.400000095367432,74.0,7.5,12.949999809265137,62.79999923706055,1.4600000381469729,255.0,0.0450000017881393,1.0,0.4239999949932098,12.34000015258789,0.1379999965429306,0.2119999974966049,59.5,0.2000000029802322,1.4049999713897705,,13.899999618530272,0.4760000109672546,0.3070000112056732,0.0857999995350837,,1.7300000190734863,119.4000015258789,0.5,0.395000010728836,12.800000190734863,0.19200000166893,2.400000095367432,,0.2520000040531158,1.3700000047683716,4.304999828338623,2.799999952316284,1.715000033378601,5.599999904632568,18.399999618530277,1.659999966621399,0.25,0.0199999995529651,0.1040000021457672,0.2660000026226043,16.0,5.699999809265137,,1.053500056266785,3.039999961853028,3.75,28.799999237060547,19.520000457763672,7.150000095367432,,3.259999990463257,0.125,0.5759999752044678,0.1110000014305114,0.6179999709129333,0.1500000059604644,0.0689999982714653,5.949999809265137,1.2599999904632568,1.7400000095367432,37.20000076293945,0.2800000011920929,37.5,4.994999885559082,40.09999847412109,7.199999809265137,0.7129999995231628,1.5098087787628174,2.5999999046325684,15.449999809265137,0.3989999890327453,37.04999923706055,22.049999237060547,26.399999618530277,0.3740000128746032,0.0874999985098838,0.0759999975562095,4.28000020980835,0.1299999952316284,0.4480000138282776,0.3779999911785126,6.599999904632568,0.1234999969601631,14.460000038146973,
2024-12-30,3.940000057220459,3.680000066757202,6.095238208770752,0.6349999904632568,0.0684999972581863,2.75,13.600000381469728,7.599999904632568,1.1549999713897705,1.8200000524520876,0.1180000007152557,2.700000047683716,8.479999542236328,15.800000190734863,3.25,22.899999618530277,2.559999942779541,47.0,0.1449999958276748,10.899999618530272,0.7139999866485596,0.1539999991655349,0.2619999945163727,18.63999938964844,0.0799999982118606,3.180000066757202,57.5,12.399999618530272,1.0199999809265137,40.900001525878906,0.1150000020861625,27.0,52.5,6.0,0.0769999995827674,6.5,5.699999809265137,4.5,81.0,42.400001525878906,1.600000023841858,,65.0,0.0044999998062849,5.400000095367432,75.4000015258789,7.5,11.5,64.0,1.465000033378601,294.3999938964844,0.0445000007748603,0.8450000286102295,0.4120000004768371,13.199999809265137,0.1469999998807907,0.209999993443489,50.0,0.2189999967813491,1.4700000286102295,,13.699999809265137,0.4799999892711639,0.3149999976158142,0.0615999996662139,,1.7100000381469729,122.0,0.5099999904632568,0.3510000109672546,12.5,0.1899999976158142,2.4200000762939453,0.9399999976158142,0.2339999973773956,1.3700000047683716,4.485000133514404,2.8499999046325684,1.9299999475479128,5.800000190734863,22.0,1.5499999523162842,0.209999993443489,0.0208000000566244,0.1099999994039535,0.277999997138977,15.800000190734863,5.400000095367432,,1.0099999904632568,2.799999952316284,3.559999942779541,28.200000762939453,19.549999237060547,6.699999809265137,,3.299999952316284,0.1159999966621398,0.5680000185966492,0.1150000020861625,0.6600000262260437,0.1509999930858612,0.0694999992847442,4.0,1.2899999618530271,1.6399999856948853,40.29999923706055,0.2980000078678131,40.5,5.139999866485596,41.54999923706055,7.150000095367432,0.7089999914169312,1.6047652959823608,2.5799999237060547,15.0,0.3980000019073486,37.70000076293945,23.450000762939453,27.0,0.3759999871253967,0.0850000008940696,0.0745000019669532,4.789999961853027,0.1299999952316284,0.4280000030994415,0.3219999969005584,6.599999904632568,0.1174999997019767,14.539999961853027,
2025-01-31,4.079999923706055,3.5199999809265137,5.952381134033203,0.5899999737739563,0.0680000036954879,2.75,13.300000190734863,6.900000095367432,1.184999942779541,1.6399999856948853,0.1190000027418136,2.0,8.300000190734863,14.600000381469728,4.0,22.0,2.470000028610229,47.20000076293945,0.1439999938011169,10.800000190734863,0.7239999771118164,0.1714999973773956,0.1979999989271164,18.1200008392334,0.1040000021457672,2.799999952316284,57.0,11.600000381469728,1.090000033378601,41.84999847412109,0.1199999973177909,25.799999237060547,49.20000076293945,6.0,0.0710000023245811,7.150000095367432,5.900000095367432,4.420000076293945,82.5,37.20000076293945,1.309999942779541,31.0,65.0,0.0089999996125698,5.400000095367432,77.80000305175781,7.5,10.600000381469728,64.5999984741211,1.4800000190734863,297.6000061035156,0.0579999983310699,0.6299999952316284,0.4600000083446502,14.020000457763672,0.202000007033348,0.2000000029802322,46.0,0.2430000007152557,1.4600000381469729,,13.5,0.4000000059604645,0.3388000130653381,0.0975999981164932,,1.649999976158142,122.5,0.6299999952316284,0.4280000030994415,12.449999809265137,0.1899999976158142,2.490000009536743,0.8799999952316284,0.2119999974966049,1.4500000476837158,5.070000171661377,2.8499999046325684,1.8899999856948853,5.880000114440918,20.799999237060547,1.649999976158142,0.2179999947547912,0.1134999990463256,0.1019999980926513,0.2800000011920929,16.0,6.019999980926514,,1.0399999618530271,3.119999885559082,3.119999885559082,33.400001525878906,19.299999237060547,6.949999809265137,,3.319999933242798,0.1199999973177909,0.5619999766349792,0.1199999973177909,0.6259999871253967,0.1480000019073486,0.0689999982714653,4.099999904632568,1.1799999475479126,1.7400000095367432,39.70000076293945,0.2980000078678131,40.5,5.409999847412109,40.79999923706055,6.900000095367432,0.7289999723434448,1.6749999523162842,2.5,13.5,0.4129999876022339,41.59999847412109,24.0,27.450000762939453,0.3989999890327453,0.0855000019073486,0.0745000019669532,5.150000095367432,0.135000005364418,0.6600000262260437,0.3400000035762787,7.150000095367432,0.1180000007152557,14.5,
2025-02-28,3.680000066757202,4.079999923706055,6.476190567016602,0.5400000214576721,0.0719999969005584,2.720000028610229,15.600000381469728,7.449999809265137,1.3700000047683716,1.5499999523162842,0.1280000060796737,2.5799999237060547,8.819999694824219,14.100000381469728,4.400000095367432,20.100000381469727,2.430000066757202,47.0,0.1689999997615814,10.0,0.6980000138282776,0.1700000017881393,0.1979999989271164,17.81999969482422,0.0926000028848648,2.700000047683716,57.5,11.800000190734863,1.1299999952316284,41.150001525878906,0.1099999994039535,26.799999237060547,52.0,7.0,0.0659999996423721,6.849999904632568,5.800000190734863,4.860000133514404,79.5,37.20000076293945,1.2050000429153442,,60.0,0.0080000003799796,5.400000095367432,78.19999694824219,8.5,10.0,68.0,1.5299999713897705,320.29998779296875,0.0480000004172325,0.7900000214576721,0.4519999921321869,14.81999969482422,0.1430000066757202,0.1720000058412552,52.5,0.2329999953508377,1.4249999523162842,,13.300000190734863,0.6050000190734863,0.3668000102043152,0.0795999988913536,15.100000381469728,1.6799999475479126,118.6999969482422,0.5799999833106995,0.3930000066757202,12.850000381469728,0.1729999929666519,2.4100000858306885,0.8299999833106995,0.2119999974966049,1.440000057220459,4.639999866485596,2.75,1.8350000381469729,5.920000076293945,21.100000381469727,1.5299999713897705,0.2119999974966049,0.0505999997258186,0.1019999980926513,0.3240000009536743,16.399999618530273,6.019999980926514,,1.0199999809265137,3.0,2.819999933242798,32.20000076293945,18.899999618530277,6.0,,3.1600000858306885,0.1134999990463256,0.5659999847412109,0.1129999980330467,0.6299999952316284,0.1404999941587448,0.0710000023245811,4.099999904632568,1.2100000381469729,1.6100000143051147,39.70000076293945,0.2899999916553497,45.70000076293945,5.900000095367432,41.900001525878906,7.050000190734863,0.75,1.6749999523162842,2.4800000190734863,13.0,0.4040000140666961,46.04999923706055,28.5,28.600000381469727,0.3819999992847442,0.0860000029206276,0.0759999975562095,5.019999980926514,0.1309999972581863,0.4959999918937683,0.3779999911785126,7.050000190734863,0.1099999994039535,14.420000076293944,
2025-03-31,3.380000114440918,3.900000095367432,6.238095283508301,0.5049999952316284,0.0515000000596046,2.5999999046325684,15.399999618530272,5.949999809265137,1.3849999904632568,1.5199999809265137,0.123999997973442,2.5799999237060547,9.479999542236328,14.300000190734863,5.079999923706055,21.100000381469727,2.200000047683716,47.59999847412109,0.1599999964237213,10.5,0.671999990940094,0.1689999997615814,0.2680000066757202,18.63999938964844,0.0857999995350837,2.539999961853028,47.79999923706055,11.800000190734863,1.1299999952316284,40.150001525878906,0.1120000034570694,26.0,47.20000076293945,6.300000190734863,0.095499999821186,6.699999809265137,5.900000095367432,4.420000076293945,76.0,42.59999847412109,1.149999976158142,,61.5,0.0065000001341104,5.699999809265137,81.19999694824219,7.699999809265137,9.960000038146973,66.19999694824219,1.5099999904632568,317.29998779296875,0.0540000014007091,0.925000011920929,0.4460000097751617,12.84000015258789,0.1400000005960464,0.1620000004768371,18.299999237060547,0.238999992609024,1.4550000429153442,,13.399999618530272,0.5199999809265137,0.378600001335144,0.0696000009775161,,1.659999966621399,123.3000030517578,0.578000009059906,0.3400000035762787,12.600000381469728,0.209999993443489,2.380000114440918,1.0700000524520874,0.2759999930858612,1.159999966621399,4.179999828338623,2.5899999141693115,1.7899999618530271,6.389999866485596,20.5,1.5499999523162842,0.1959999948740005,0.0342000015079975,0.1049999967217445,0.3260000050067901,14.300000190734863,5.820000171661377,,1.0499999523162842,2.7799999713897705,3.119999885559082,31.0,19.229999542236328,6.199999809265137,,3.380000114440918,0.1190000027418136,0.5699999928474426,0.1319999992847442,0.6240000128746033,0.1354999989271164,0.0649999976158142,3.200000047683716,1.8799999952316284,1.7000000476837158,41.900001525878906,0.164000004529953,49.70000076293945,6.0,39.650001525878906,6.949999809265137,0.7390000224113464,1.5800000429153442,2.3399999141693115,12.600000381469728,0.4180000126361847,42.84999847412109,29.5,28.600000381469727,0.3449999988079071,0.1099999994039535,0.0790000036358833,4.050000190734863,0.1000000014901161,0.4040000140666961,0.414000004529953,6.650000095367432,0.1049999967217445,15.039999961853027,
2025-04-30,,3.859999895095825,6.171428680419922,0.5149999856948853,0.0529999993741512,2.5999999046325684,14.399999618530272,6.5,1.399999976158142,1.5099999904632568,0.1180000007152557,2.359999895095825,9.0,13.0,4.400000095367432,22.600000381469727,2.0350000858306885,47.0,0.1500000059604644,9.899999618530272,0.6779999732971191,0.1519999951124191,0.2479999959468841,18.479999542236328,0.0900000035762786,2.619999885559082,30.799999237060547,12.899999618530272,0.975000023841858,40.29999923706055,0.1110000014305114,26.600000381469727,41.59999847412109,6.659999847412109,0.0780000016093254,6.650000095367432,5.599999904632568,4.880000114440918,74.0,42.59999847412109,1.0399999618530271,,66.0,0.0065000001341104,5.0,82.80000305175781,7.0,9.399999618530272,66.0,1.4800000190734863,293.3999938964844,0.0544999986886978,0.949999988079071,0.4779999852180481,13.020000457763672,0.1420000046491623,0.181999996304512,36.400001525878906,0.2380000054836273,1.4550000429153442,,14.100000381469728,0.4399999976158142,0.3734999895095825,0.0465000011026859,,1.6100000143051147,118.0999984741211,0.6140000224113464,0.3389999866485595,12.899999618530272,0.1840000003576278,2.430000066757202,1.0299999713897705,0.1990000009536743,1.1200000047683716,4.5,2.6700000762939453,1.7649999856948853,6.21999979019165,20.0,1.4600000381469729,0.2039999961853027,0.0337999984622001,0.1180000007152557,0.328000009059906,15.800000190734863,5.199999809265137,,1.0800000429153442,3.0999999046325684,2.740000009536743,47.79999923706055,18.5,6.449999809265137,,3.0199999809265137,0.1099999994039535,0.5839999914169312,0.1270000040531158,0.6439999938011169,0.1599999964237213,0.0636000037193298,3.299999952316284,2.4200000762939453,1.5700000524520874,42.20000076293945,0.1669999957084655,46.20000076293945,5.949999809265137,40.29999923706055,6.949999809265137,0.7160000205039978,1.5499999523162842,2.640000104904175,12.800000190734863,0.4000000059604645,43.79999923706055,28.25,28.15999984741211,0.3519999980926513,0.1140000000596046,0.0780000016093254,4.019999980926514,0.123999997973442,0.4020000100135803,0.4280000030994415,6.800000190734863,0.1035000011324882,15.0600004196167,
