Date,AAISA.SN,AAPLCL.SN,ABBVCL.SN,ABC.SN,ACWXCL.SN,ADBECL.SN,AGG-CL.SN,AGUAS-A.SN,ALMENDRAL.SN,AMDCL.SN,AMZNCL.SN,ANDINA-A.SN,ANDINA-B.SN,ANTARCHILE.SN,AZUL-AZUL.SN,BACCL.SN,BANVIDA.SN,BCI.SN,BESALCO.SN,BLUMAR.SN,BSANTANDER.SN,CAMANCHACA.SN,CENCOMALLS.SN,CFI-CGGCUF.SN,CFI-ETFUSD.SN,CFI-FTXDFE.SN,CFI-MAGSIE.SN,CFIACESA-E.SN,CFIACESC-E.SN,CFIADI6A.SN,CFIADI6FID.SN,CFIAFIIA-E.SN,CFIAMDDA-E.SN,CFIAMDDC-E.SN,CFIAMDVADA.SN,CFIAMDVAMA.SN,CFIAMDVASC.SN,CFIAMDVATA.SN,CFIAMSLPA.SN,CFIANM7A-E.SN,CFIARRAA-E.SN,CFIBALT1.SN,CFIBCCHIGA.SN,CFIBCCHIGI.SN,CFIBCHDCPA.SN,CFIBCHDLPA.SN,CFIBCHMPGB.SN,CFIBCHMPUS.SN,CFIBMPEM-E.SN,CFIBMPEU-E.SN,CFIBPDCCHA.SN,CFIBPDCCHF.SN,CFIBRGLO.SN,CFIBTGDAPA.SN,CFIBTGDAPF.SN,CFIBTGDAPG.SN,CFIBTGDEA.SN,CFIBTGFGIA.SN,CFIBTGGBDA.SN,CFIBTGGBDI.SN,CFIBTGPLAT.SN,CFIBTGRCA.SN,CFIBTGRE.SN,CFIBVCAP.SN,CFIC2VGLOB.SN,CFICGGCPA.SN,CFICOMDPA.SN,CFICOMDPB.SN,CFIDHS2-A.SN,CFIEARFCHA.SN,CFIETFCC.SN,CFIETFCD.SN,CFIETFGE.SN,CFIETFLP.SN,CFIFALCDCG.SN,CFIFALCDCW.SN,CFIFALCFIA.SN,CFIFALCFIG.SN,CFIFALCFIW.SN,CFIFALCGLA.SN,CFIFTCLPP.SN,CFIFTRLPP.SN,CFIFTRLPPI.SN,CFIFTUFP.SN,CFIFYNDE3A.SN,CFIFYNDETA.SN,CFIFYNDI2A.SN,CFIFYNGIIS.SN,CFIFYNRF2A.SN,CFIFYNSADA.SN,CFIFYNSADB.SN,CFIGC.SN,CFIHMCRGPB.SN,CFIHMCRGPC.SN,CFIHMCUSBP.SN,CFIHYUF-A.SN,CFIIMSCLB.SN,CFIIMSCLI.SN,CFILTLIQ-A.SN,CFILVCOR-A.SN,CFILVCOR-I.SN,CFILVCOR-M.SN,CFILVCOR-O.SN,CFILVDPU-E.SN,CFILVFA-L.SN,CFILVPARI1.SN,CFIMBD3A-E.SN,CFIMBD4C-E.SN,CFIMBIAR-A.SN,CFIMBIDA-A.SN,CFIMBIDA-B.SN,CFIMBIDA-D.SN,CFIMBIDC-A.SN,CFIMBIDT-A.SN,CFIMBIDT-B.SN,CFIMBILA-A.SN,CFIMBIRF-A.SN,CFIMBIRFUS.SN,CFIMCUMI.SN,CFIMCUMR.SN,CFIMDCHA.SN,CFIMDCHD.SN,CFIMDCHI.SN,CFIMERPA.SN,CFIMRCLP.SN,CFIMRCLPR.SN,CFINASDAQ.SN,CFINHRFLA.SN,CFINVCHXA.SN,CFINVRFLI.SN,CFINVSDPR.SN,CFIPADIA.SN,CFIPADIF-E.SN,CFIPCP7C-E.SN,CFIPIONERO.SN,CFIPIONR.SN,CFIPK13C-E.SN,CFIQAC.SN,CFIQDIA.SN,CFIQEAA.SN,CFIQGD-A.SN,CFIQGE-A.SN,CFIQRGA-E.SN,CFIQRGH.SN,CFIQRL-A.SN,CFISAHRA-E.SN,CFISP500.SN,CFISUDPCAA.SN,CFISURI3.SN,CFITDPFI-E.SN,CFITOABA-E.SN,CFITODPA-E.SN,CFITODPX-E.SN,CFITTTAA-E.SN,CFIVNTDP-E.SN,CFIWEG-1.SN,CFMCCDCIGB.SN,CFMCCMPLZB.SN,CFMCGACHA.SN,CFMCGACHB.SN,CFMCGACHD.SN,CFMCGDCHA.SN,CFMCHAB.SN,CFMDIVO.SN,CFMIMTDEUB.SN,CFMITADPF2.SN,CFMITAFDF4.SN,CFMITNIPSA.SN,CFMSECGLDK.SN,CFMTOEEQUB.SN,CGET.SN,CHILE.SN,CNECCL.SN,CNECUS.SN,COLBUN.SN,CONCHATORO.SN,CRISTALES.SN,CRMCL.SN,CTC.SN,CUPRUM.SN,DAVIVIENUS.SN,DISCL.SN,ECH.SN,ECL.SN,EEMCL.SN,EMB-CL.SN,EMBONOR-A.SN,EMBONOR-B.SN,ENAEX.SN,ENELAM.SN,ENELCHILE.SN,ENELGXCH.SN,ENLASA.SN,ENTEL.SN,EWGCL.SN,EWJCL.SN,EXITOCL.SN,EXITOUS.SN,FALABELLA.SN,FORUS.SN,FOSFOROS.SN,FROWARD.SN,FXICL.SN,GASCO.SN,GDX.SN,GILDCL.SN,GOOG.SN,GOOGCL.SN,GOOGLCL.SN,HABITAT.SN,HDCL.SN,HEWJ-CL.SN,HIPERMARC.SN,HIPICO.SN,HITES.SN,HODL.SN,HWM.SN,HYGCL.SN,IAM.SN,IAU.SN,IAUCL.SN,IBITCL.SN,ICLNCL.SN,IDUCL.SN,IEVCL.SN,IGSB.SN,IGSBCL.SN,ILC.SN,ILFCL.SN,INDA.SN,INDYCL.SN,INTCCL.SN,ITAUCL.SN,IUSG-CL.SN,IVV.SN,IVVCL.SN,IVWCL.SN,IXUS.SN,IYH-CL.SN,IYW.SN,IYWCL.SN,JPM.SN,LIPIGAS.SN,LLYCL.SN,LQD.SN,LQDCL.SN,MACL.SN,MALLPLAZA.SN,MANQUEHUE.SN,MARINSA.SN,MDLZCL.SN,META.SN,METACL.SN,MINERA.SN,MO.SN,MOLYMET.SN,MRK.SN,MS.SN,MSFT.SN,MSFTCL.SN,NAVIERA.SN,NEAR.SN,NFLXCL.SN,NITRATOS.SN,NORTEGRAN.SN,NTGCLGAS.SN,NUAM.SN,NVDA.SN,NVDACL.SN,ORO-BLANCO.SN,OXIQUIM.SN,PARAUCO.SN,PASUR.SN,PAZ.SN,PEHUENCHE.SN,PLANVITAL.SN,PROVIDA.SN,PUCOBRE.SN,QUINENCO.SN,RIPLEY.SN,RTX.SN,RTXCL.SN,SALFACORP.SN,SCHWAGER.SN,SCOTIABKCL.SN,SECURITY.SN,SGOV.SN,SGOVCL.SN,SHV.SN,SHYCL.SN,SHYG.SN,SLV.SN,SMH.SN,SMU.SN,SOCOVESA.SN,SOQUICOM.SN,SPCLXIGPA.SN,SQM-A.SN,SQM-B.SN,SUSBCL.SN,TECBCL.SN,TLH.SN,TRICOT.SN,TSLA.SN,TSLACL.SN,TXNCL.SN,UNHCL.SN,USB.SN,USMV-CL.SN,USXFCL.SN,VSPT.SN,WALMARTCL.SN,WFCCL.SN,ZOFRI.SN
2022-04-29,,134094.09375,,,,,,125.1076202392578,16.964582443237305,,105316.25,1056.855712890625,1239.052734375,6259.61181640625,583.0,,211.0234832763672,17100.486328125,234.6064453125,206.7235870361328,34.71596908569336,41.295143127441406,703.5790405273438,,,,,,,,,,,1069.8359375,,,,,,,,1436.199462890625,,,,,,2274.049072265625,1289.3634033203125,1176.708251953125,,,,,,,,6805.86083984375,,,,18798.365234375,14194.1064453125,,,,,,,1120.767822265625,1129.6712646484375,994.7777709960938,1717.4481201171875,,,,,,,1076.3829345703125,,106.32484436035156,,,,,,,,,,,,,,,,,,32840.296875,,,11840.43359375,1331.0723876953125,13285.2001953125,,,,29276.45703125,13669.4658203125,,,,,12451.7275390625,693436.8125,,45911.48828125,,,,,,573.688232421875,,12769.453125,880.0802001953125,13461.7197265625,,,1022.1854248046876,,,,,,,,,,,,,,,,1091.7203369140625,,,,,72.49512481689453,,,,,,,,,,,,1254.203125,,,,2883.832763671875,,,,70.71697235107422,,,60.90961837768555,1135.097412109375,3043.095947265625,,,,,108416.5703125,,387.8599853515625,33297.90625,,,768.1341552734375,7303.24560546875,89.29315948486328,19.966938018798828,98.18170928955078,,2352.136962890625,20803.9140625,,,,2350.54736328125,846.0332641601562,,,,1096.2001953125,,,120.09186553955078,,77282.40625,288.94287109375,,,,,118.2846908569336,,,55967.9921875,277.6749267578125,,,,,,,,,2791.738525390625,17820.375,,,36609.20703125,7461.1484375,,412.0951232910156,342042.84375,,,,91.01287841796876,76618.5078125,,,,,86361.8125,,744.9014892578125,49.224082946777344,,,,155565.734375,12305.47265625,,,,,275.6077880859375,,24.99715042114257,,,2.238055467605591,6.964191913604736,,,,,6.471298694610596,,687.6956787109375,,230.97804260253903,,,419.1461791992188,,1558.8160400390625,111.3056869506836,,,215.19927978515625,,,83.95947265625,,,97.68401336669922,,,,114.48728942871094,61.57450866699219,91.68084716796876,213.7805328369141,,54683.43359375,60400.01953125,,,,201.78477478027344,,,,,,,,,34535.88671875,,247.8563232421875
2022-05-31,,136520.203125,,,,,,144.07395935058594,24.19325828552246,,101550.0,1092.702392578125,1318.5919189453125,6698.650390625,583.0,,228.0035552978516,19828.529296875,291.9223022460937,,34.85980987548828,49.98686218261719,709.2971801757812,,,,,,,,,,,,,,,,,,,1436.199462890625,,,,,,2144.373291015625,1255.5650634765625,1183.759033203125,,,,1328.75,,,,,,,,20453.931640625,15089.8583984375,,,,,,,,1133.126220703125,1000.8866577148438,1658.5513916015625,,,,,,,,,107.0453643798828,,,,,,,8431.7685546875,,,1058.300048828125,,,,,,,,33229.17578125,,,11997.435546875,1383.56787109375,13381.7548828125,,,,,13765.9873046875,,,,12230.6943359375,12579.4794921875,724869.125,,44324.71875,,,,,1171.78076171875,576.2325439453125,,12869.2705078125,833.1911010742188,13603.9404296875,,,1035.041259765625,,,,,,,,,,,,,,,,1006.1892700195312,,,,,72.87128448486328,,,,,,,,,,,,1284.9000244140625,,,,3145.800048828125,,,,71.20696258544922,,,61.48231887817383,1198.9168701171875,2889.50146484375,,,18.528076171875,,,,395.4500122070313,32893.765625,,,886.3866577148438,7484.59375,89.1642837524414,18.97236442565918,92.27278137207033,,2643.069091796875,,,,,2367.231689453125,1019.1554565429688,,,,1102.752685546875,,,,,,339.4642333984375,,,,,119.31974029541016,,,55984.58203125,334.8576354980469,,,,16396.28125,,,,,2573.010009765625,,,,,8876.193359375,,409.4518127441406,329000.09375,,,,88.08985900878906,72483.7890625,,1457.6207275390625,,,85496.984375,,753.0431518554688,50.63417053222656,,,190.59539794921875,155565.734375,12998.7890625,,4010.021484375,,,254.03936767578125,,23.99726676940918,,,3.992604732513428,8.7072114944458,,,,,8.373106956481934,,767.5300903320312,,293.5367126464844,714.5542602539062,,406.37646484375,3730.206787109375,1997.287109375,132.51951599121094,,,251.1017608642578,0.4628690183162689,,98.45867919921876,,,,,,,,79.05099487304688,110.59717559814452,259.969970703125,,75941.234375,83955.1953125,,,,244.7177276611328,,,,,,,,,34977.62890625,,301.5614929199219
2022-06-30,157.075927734375,136520.203125,,,,,,123.14762878417967,23.505014419555664,,101800.0,1130.43603515625,1309.0789794921875,7093.27099609375,,,,17406.33984375,224.562255859375,207.1113739013672,31.34844398498535,47.52701187133789,675.4902954101562,,,,,435.1219482421875,447.235595703125,,,,1109.9075927734375,1090.124267578125,,,,,,,,1587.1123046875,,,,,,2050.470947265625,1343.015625,,,,,1336.9200439453125,,,,,,,,22459.216796875,,,,,,,,1144.78466796875,1148.722900390625,1006.31689453125,1693.8800048828125,,,,,1197.3314208984375,,1071.699951171875,,108.17481231689452,101.6082000732422,,,,,,8630.3486328125,,,1150.5,,,,,,,,33630.91015625,,,,1372.82568359375,13481.8515625,,,,,13809.4072265625,,,,12302.447265625,12674.8115234375,,,48770.76953125,,,,,1228.3697509765625,578.5908203125,,13249.0146484375,858.8331298828125,13666.2001953125,,,1045.453369140625,,,,,,,,,,,,,,,,1006.1892700195312,,,,,74.14910888671875,,,,,,,,,,,,1245.5,,,,2889.89990234375,,,,69.34664916992188,,,63.49174118041992,1157.4161376953125,2860.23193359375,,,18.528076171875,,,,357.0,34662.5703125,,716.773193359375,876.4501953125,7658.560546875,87.09442138671875,18.64881896972656,84.14252471923828,,2462.801513671875,,,,,2110.0947265625,895.7252197265625,,,,,,,,,,237.667724609375,,,,15060741.0,90.8512191772461,,,54769.92578125,264.8193664550781,34.41999816894531,34.41999816894531,,16508.6796875,,,,,2304.870849609375,,,,36908.26953125,7362.5244140625,,374.3987426757813,334072.0,,,,80.4680404663086,73918.28125,,1502.715576171875,,,84764.0625,,669.2169189453125,,,,,,,,,,70.54512023925781,252.12478637695312,,23.99726676940918,,,2.700079679489136,6.948225021362305,,,,,6.298309803009033,,687.0523071289062,5098.619140625,246.72496032714844,,,420.3348083496094,,1683.8271484375,128.09336853027344,,,210.518310546875,0.4628690183162689,,97.35614013671876,,,,,,,,71.99272918701172,,268.6080017089844,,64183.06640625,74982.328125,,,,250.7798767089844,,,,,,,,,,,266.7001342773437
2022-07-29,131.1681365966797,,,,,,,151.58876037597656,18.540740966796875,,110004.0,1120.4525146484375,1307.0006103515625,7609.36669921875,583.0,36352.4921875,215.65966796875,17617.583984375,247.2262725830078,220.9701385498047,30.197731018066406,52.176719665527344,786.236083984375,,,,,,,,,,,1098.4693603515625,,,,,,,,,,,,,,2126.77294921875,1288.438720703125,,,,,1337.06005859375,,,,6604.17822265625,,,,22435.70703125,15361.240234375,,,,,,,1167.769287109375,1171.0321044921875,1011.068115234375,1767.854736328125,,,,,1207.7030029296875,,,,108.87586212158205,102.54318237304688,,,,,,8682.5126953125,,,1157.5999755859375,,,,,,,,34182.7734375,12594.5595703125,,,1388.0125732421875,13589.18359375,,,,,13913.5087890625,,,,,12836.453125,658629.3125,,,,,,,,580.5879516601562,,12958.62890625,915.8574829101562,13794.23046875,,,1054.959228515625,,,,,,,,,,,,,,,,1096.316650390625,,,,,74.90927124023438,,997.9610595703124,,,,,,,,,,1330.300048828125,,,,3042.39990234375,,,,71.00764465332031,,,76.51799774169922,1117.8515625,2984.896240234375,,,,,,23.45662307739257,408.0,34584.8046875,,,873.4365234375,7848.52490234375,91.19415283203124,23.18744468688965,90.38739013671876,,2558.0,,,,,1972.693115234375,963.7216796875,,,,1006.69482421875,,,,95172.6953125,,244.70944213867188,,,,,84.58497619628906,,,55032.70703125,327.3979797363281,,,,18984.25390625,,,,,2238.022216796875,,,,,8348.767578125,,407.7455139160156,358493.40625,,,40217.26171875,87.95018768310547,79170.578125,,,,102.9021453857422,85012.2421875,,723.81787109375,49.83235549926758,,,159.23587036132812,162836.328125,,,,,76.54022979736328,272.4823303222656,,,,,3.1609225273132324,8.287883758544922,,,,,7.747920513153076,,730.7432861328125,,221.2888641357422,,,418.7962951660156,3588.103759765625,1833.500732421875,118.81700134277344,,,223.53700256347656,0.4628690183162689,,101.3585205078125,,,,,,18.65999984741211,,76.22955322265625,79.63704681396484,271.27734375,,69822.3046875,87723.453125,,,,,,,,426593.78125,,,,5.73396635055542,,,286.49188232421875
2022-08-31,133.12318420410156,141906.859375,,,,,,163.75755310058594,17.688983917236328,,123144.0,1172.650146484375,1496.705810546875,7641.46044921875,,,208.89588928222656,18528.189453125,329.9942932128906,230.4592742919922,30.46002769470215,49.236907958984375,1027.1463623046875,,,,,,,,,,,1129.7607421875,,,,,,,,1551.7760009765625,,,,,,2034.8189697265625,1271.62744140625,1057.4759521484375,,,,1326.77001953125,,,,8167.18359375,,,,21234.169921875,16082.7685546875,,,,,,,,1158.396728515625,1019.5042114257812,1703.2012939453125,,,,,,,,,109.94689178466795,103.51753997802734,,,,,,8739.6298828125,,,1110.4000244140625,,,,,,,,33530.07421875,12523.638671875,,,1402.2630615234375,13717.796875,,,,34804.91015625,14058.8486328125,,,,,12774.6748046875,,,48082.0,,,,,1234.9359130859375,582.6585083007812,,12970.916015625,890.3051147460938,13812.7998046875,,,1063.312744140625,,,,6120.93408203125,,,,,,,,,,,,1081.6285400390625,,,,,75.69812774658203,,,,,,,,,,,,1369.800048828125,,,,3222.10009765625,,,,70.61731719970703,,,87.37488555908203,1005.7990112304688,2970.359619140625,,446.5,18.528076171875,,106521.3125,,495.0,34242.81640625,,,972.543212890625,7703.84228515625,97.0937728881836,26.44087600708008,109.5754165649414,,2446.49169921875,21048.9375,,,,2072.800048828125,1114.95703125,,,,866.4010620117188,23.22337913513184,,,106566.671875,,270.7171325683594,,,,,106.36763763427734,,,57023.88671875,375.4632873535156,,,,18984.25390625,40417.59375,,,,2906.7568359375,,,,,8576.0322265625,,393.0299377441406,346323.15625,58690.63671875,,,84.24900817871094,75195.6953125,,1471.868408203125,,,87465.0,,945.4689331054688,62.633750915527344,,,155.95164489746094,,11697.1103515625,,4099.71484375,,,259.76812744140625,,23.99726676940918,,,3.05895733833313,8.437844276428223,,,,,7.68693733215332,4885.22265625,909.8761596679688,4698.7275390625,298.68798828125,790.2431640625,,489.3083190917969,3428.23779296875,1733.892822265625,144.88800048828125,,,286.8964538574219,0.4292058050632477,,108.62322998046876,,,,,,,,80.85528564453125,113.54669952392578,259.2801208496094,,70266.546875,87824.421875,,,,302.24786376953125,,,,,,,28854.638671875,,,,306.1734619140625
2022-09-30,135.3921356201172,,,,,,,156.75152587890625,18.24821662902832,,113463.0,1166.388916015625,1366.1322021484375,7148.5595703125,583.0,,,17264.904296875,310.6742858886719,216.54054260253903,28.61549949645996,53.51663589477539,816.8643798828125,,,,,,481.1647338867188,,,,1121.3109130859375,,,,,,,,,,,,,,,1988.9158935546875,1211.6962890625,1045.928466796875,,,,1300.4000244140625,,,,,,,,19600.7734375,,,,,,,,,1147.439697265625,1026.1949462890625,1664.7265625,,,,,,,,,,104.5017318725586,,,,,,8961.591796875,,,1168.5999755859375,,,,,,,,33527.1796875,,,,1422.6337890625,13780.427734375,,,,,14194.5859375,,,,12314.0673828125,12647.92578125,715644.25,,51557.640625,,,,,,,,13289.6884765625,867.8920288085938,13847.9599609375,,,1078.0936279296875,,,,,,,,,,,,,,,,981.718994140625,,,,,,,,,,,,,,,,,1263.5999755859375,,,,2979.0,,,,70.73358154296875,,,84.9755630493164,1016.1556396484376,,,,18.528076171875,,,,455.0,32004.439453125,,725.4089965820312,948.4336547851562,8900.24609375,101.99346923828124,25.15568351745605,100.35529327392578,,2354.383056640625,21048.9375,,,,1894.177978515625,1096.6484375,,,27956.681640625,820.6630859375,,,,94983.125,108062.0234375,291.7880554199219,,,,,87.18658447265625,,,60659.23828125,339.59869384765625,,,,,,,,,2519.233154296875,,,,,7859.93408203125,,360.1566467285156,341815.5625,,,41149.4375,,71933.484375,,1636.9993896484375,,92.26323699951172,89849.4375,,735.1032104492188,55.0579833984375,,,,,11997.0361328125,,,77.4319839477539,,233.61119079589844,229035.71875,,,,3.386845588684082,8.897727012634277,,,,,8.685667991638184,,806.602294921875,4748.71435546875,,816.2567138671875,,656.33935546875,3552.577880859375,1571.7215576171875,136.57461547851562,,,263.32086181640625,0.4207900166511535,,112.00638580322266,,,,,,,,79.6390609741211,107.02825927734376,267.5581970214844,,69804.3828125,88312.53125,,,,,,,,,,,,,,,306.2322082519531
2022-10-28,134.52223205566406,139324.109375,,,,,,165.97613525390625,17.559932708740234,,92938.0,1147.3988037109375,1371.370361328125,7149.45947265625,583.0,32242.90625,,18450.990234375,325.23712158203125,202.98175048828125,28.59857940673828,52.996673583984375,834.4957275390625,,,,,,,,,,1162.77392578125,,,,,,,,,,,,,,,2069.11474609375,1139.6514892578125,,,,1087.8199462890625,,,,,,,,,18548.474609375,,,,,,,,1145.66796875,1158.4954833984375,1035.8914794921875,1709.84521484375,,,,,,,,,111.29055786132812,,,,,,,,,,1132.199951171875,,,,,,,,33944.859375,,,,1437.2490234375,13902.43359375,,,,32667.267578125,14295.490234375,,,,12385.111328125,12758.296875,,,50043.19921875,,,,,,584.130859375,,,840.2568969726562,13977.5595703125,,,1090.6171875,,,,6299.60498046875,,,,,,,,,,,,981.718994140625,,,,,77.35839080810547,,,,,,,,,,,,1276.699951171875,,,,2970.300048828125,,,,71.66374206542969,,,92.68334197998048,987.4403076171876,3104.201171875,,,,,98113.71875,,554.010009765625,32004.439453125,,,886.3866577148438,8897.5458984375,93.4740219116211,29.83810806274414,105.66939544677734,,2528.384765625,,,,,1833.1541748046875,,,,,767.5541381835938,,,,87398.4453125,99513.78125,308.7289733886719,,,,,83.08368682861328,,,60951.2265625,372.9850158691406,31.440000534057617,31.440000534057617,,18684.5390625,,,,,2441.546630859375,,,,37228.19921875,7889.95068359375,,377.4760437011719,356491.59375,,,,74.29276275634766,73014.484375,,1638.4371337890625,,92.44379425048828,86598.984375,,774.7492065429688,,,,100.2688446044922,95013.9296875,10979.287109375,,,,73.91297149658203,223.1072998046875,210093.609375,23.99726676940918,,,3.143928289413452,8.843740463256836,,,,,7.975859642028809,5118.00927734375,767.5972900390625,,,889.2340087890625,,672.5635986328125,,1877.654296875,136.93682861328125,,,239.1881866455078,0.4235953092575073,,124.49021911621094,,,,,,,,81.8034439086914,105.61248779296876,263.35919189453125,,74398.09375,89787.953125,,,,243.1971740722656,,,,,,,,,35440.84765625,,306.98126220703125
2022-11-30,130.04710388183594,134700.65625,,,,,,171.8144989013672,17.138357162475586,,87478.0,1155.594482421875,1422.4852294921875,7095.5703125,,,,16924.51953125,314.53240966796875,,29.292388916015625,58.79630661010742,977.8565673828124,,,,,,,,,,,1149.917724609375,,,,,,,,,,,,,,2017.69873046875,1241.638671875,,,,,,,,,,,,,18381.37109375,,,,,,,33018.05859375,1229.3990478515625,1182.087890625,1047.33349609375,1707.66357421875,,,,,,,,,113.23790740966795,,,,,,,9069.125,,,1094.300048828125,,,,,,,,35194.4765625,,,12728.99609375,1438.1458740234375,,,,,,14428.498046875,,,,12688.5478515625,13066.1171875,714175.3125,,,,905.8233642578124,,,1336.669189453125,585.3270874023438,,13086.322265625,827.1717529296875,,,,1100.4813232421875,,,,6684.75146484375,,,,,,,,,,,,941.2615966796876,,,,,78.0267333984375,,,,1106.1304931640625,,,,,,,,1285.800048828125,,,,2992.0,,,,69.96952819824219,,,78.97727966308594,977.2509155273438,3056.34228515625,,446.0,26.46868133544922,,84869.75,,453.5499877929688,32004.439453125,,,906.24169921875,9129.740234375,117.99243927001952,36.39889907836914,141.60317993164062,,2337.427490234375,,,,,1579.962646484375,920.0416259765624,,,,714.02880859375,,,,92556.6640625,,292.3276062011719,,,3.369999885559082,,82.05796813964844,,,57395.45703125,385.4178161621094,,,,18684.5390625,40935.3125,,,,2333.910400390625,18441.744140625,,,26023.634765625,7611.22900390625,,391.8364868164063,342912.53125,,,,77.5450210571289,72780.421875,,1800.603271484375,,96.7045669555664,86861.109375,,958.3142700195312,47.611236572265625,,,111.5745849609375,,10727.349609375,,,100.9941864013672,,,,,,,3.289878368377685,9.616543769836426,,,,,7.65294599533081,5118.00927734375,905.507080078125,4748.71435546875,274.3600769042969,879.9549560546875,27.96780014038086,755.480712890625,3549.1142578125,2016.8507080078125,118.90534210205078,,,229.10745239257807,0.5563779473304749,,130.79351806640625,,,,,,20.040000915527344,,93.91205596923828,95.57428741455078,272.8070068359375,,77308.7734375,88388.140625,,,,219.7606811523437,,,,,,,,5.327622413635254,,,362.3341064453125
2022-12-30,118.46924591064452,110050.3984375,,,,,,168.00828552246094,19.57504653930664,,,1344.095703125,1728.674560546875,7198.5498046875,,,,17117.521484375,328.5745544433594,214.04283142089844,28.72549629211425,55.6465072631836,1149.3892822265625,,,,,,,,,,1187.5274658203125,1140.4415283203125,,,,,,,,1519.1265869140625,,,,,,1896.961669921875,,1164.40380859375,,,,,,,,,,,,19916.91796875,15449.7939453125,,,,,,33256.6796875,,1190.6759033203125,1055.4786376953125,1607.51025390625,,,,,,,1006.7999877929688,,114.42578125,107.89720153808594,,,,,,,,,1056.800048828125,,,,,,,,35618.68359375,13127.349609375,,,1465.8289794921875,14174.8037109375,,,,,14555.8681640625,,,,,13153.8759765625,,,,,914.9464721679688,,1089.15625,,,,13367.6494140625,767.3370361328125,,,,1119.7802734375,,,,6885.20947265625,,,,,,,,,,,,893.679931640625,,,,,79.21912384033203,,,,,,,,,,,,1244.4000244140625,,,,2962.10009765625,,,,73.08389282226562,,,87.28004455566406,995.37109375,3130.099853515625,,,,,,,490.0,31094.458984375,,,1186.791015625,,113.49272918701172,35.041805267333984,149.6459503173828,,2609.014404296875,,,,,1639.5838623046875,1098.50732421875,,,,766.8658447265625,,,87.34407043457031,,88751.375,340.3291320800781,,,3.369999885559082,,79.7081298828125,,,57949.0703125,408.5711364746094,,,,18714.9609375,,,,,2721.102783203125,,,,,8018.59130859375,,379.2316589355469,325563.4375,58953.03125,,,,64021.59375,,1976.679443359375,,,84948.4140625,,1013.8966064453124,57.37126159667969,,,118.31224822998048,,10328.4052734375,38.21208953857422,,,,,202683.3125,,,,3.2089061737060547,9.097676277160645,,,,,6.708199501037598,5241.83251953125,1038.884521484375,4948.65966796875,322.9293518066406,1082.622802734375,,791.7685546875,3728.164794921875,2147.815185546875,122.73957061767578,,,235.62130737304688,0.5442217588424683,,135.7731170654297,,,,,,,,102.4189910888672,88.2988052368164,339.9215087890625,,58100.98828125,68593.3828125,,,,176.8818359375,,,,,,,,,,,339.89605712890625
2023-01-31,120.8547592163086,116344.078125,,,,,,163.61729431152344,20.236303329467773,,81349.0,1337.4857177734375,1669.519287109375,6898.60986328125,,,301.5214233398437,16843.80859375,371.5466918945313,228.2123413085937,28.319366455078125,56.99641799926758,1029.96875,,,,,,,,,515.629638671875,,1160.564208984375,,,,,,,,,,,,,,1872.5279541015625,1243.32177734375,,,,,,,,,8030.82275390625,,,,21039.9375,,,,,,,33652.78125,,1205.4827880859375,1064.01171875,1592.041015625,,,,,,,,,115.70128631591795,,,,,732.1572875976562,,,,,1014.9000244140624,,,,,,,,35841.55859375,13281.25,,,1478.276123046875,14284.21875,,,,34693.375,14641.5126953125,,,,12904.6923828125,13300.724609375,689272.8125,,44200.890625,,,,,1309.994384765625,592.9562377929688,,13451.31640625,760.610107421875,,,,1129.9949951171875,,,,6911.369140625,,,,1029.5731201171875,,,,,,,,893.679931640625,,,,,80.18233489990234,,,,,,,,,,,,1288.800048828125,,,,3014.89990234375,,,10.731499671936035,72.2533950805664,,,92.6288070678711,946.0676879882812,3100.925537109375,,,30.6651554107666,,84869.75,27.07455825805664,507.010009765625,31763.89453125,,,1083.1837158203125,9636.873046875,105.39324951171876,34.08185577392578,158.4789276123047,,2720.3203125,,,,,1838.3212890625,1160.0311279296875,,,,830.4625854492188,23.686607360839844,,,78903.84375,,368.0145568847656,,,,,91.31745910644533,,,53836.4453125,403.4826049804688,,,,,,,,,3073.339111328125,19834.05078125,,,,7765.59765625,,399.0562438964844,314368.21875,58953.03125,,,,66570.1484375,,2588.62646484375,,100.8890380859375,81309.1796875,,1033.82958984375,60.431060791015625,,,,,10987.3037109375,,3499.959716796875,,89.57122039794922,240.6317596435547,195398.5,,,,3.126934051513672,8.997701644897461,,,,,8.041841506958008,,984.2468872070312,,324.2193298339844,1197.6793212890625,,991.10400390625,4041.057861328125,2072.978271484375,146.51358032226562,,,268.1595764160156,0.5610533952713013,,145.71658325195312,,,,,,,,108.89071655273438,97.81592559814452,295.541748046875,,62308.6953125,77438.53125,,,,185.0107269287109,,,,,,,,,,,394.755615234375
2023-02-28,145.10464477539062,118756.3828125,,,,,,169.809326171875,21.75810432434082,,,1364.9619140625,1720.2386474609375,6698.25048828125,583.0,,339.7328796386719,18177.279296875,398.25433349609375,,29.6900634765625,,1013.0559692382812,,,,,368.7823486328125,,,,,1216.5059814453125,1153.1488037109375,,,,,,,,,,,,,,1900.812255859375,1156.3240966796875,1259.802490234375,,,,1367.949951171875,,,,,,,,21303.849609375,,,,,,,32902.34765625,1227.1263427734375,1216.736083984375,1071.6719970703125,1618.616455078125,,,,,1288.3751220703125,,,,,,,,,,,9215.294921875,,,1028.199951171875,846.5399780273438,,,,,,,35602.0703125,,,,1462.94140625,14421.7822265625,,,,34785.95703125,14779.302734375,,,,12965.7392578125,13396.845703125,679174.0625,,44835.12109375,,,,,1309.350341796875,597.9057006835938,,,797.264404296875,,,,1141.4134521484375,,,,7146.44970703125,,,,,,,,,,,,893.679931640625,,,,,80.97636413574219,,,,,,,,,,,,1300.9000244140625,,,,3040.800048828125,,,,71.42289733886719,,,94.978271484375,1007.4644165039062,3055.72021484375,,,26.333702087402344,,84869.75,,505.0,31763.89453125,,,1198.7042236328125,,103.04340362548828,33.80986022949219,154.35733032226562,,2902.862548828125,,,,,1810.597412109375,1378.2457275390625,,,,855.3666381835938,,,,,,375.6048278808594,,,,,99.06634521484376,,,54096.7890625,403.98974609375,,,,18714.9609375,,,,,3081.876220703125,,,,,7628.38134765625,,393.6611633300781,312952.40625,,,,,67265.65625,,2699.073486328125,,,81559.3671875,,987.063720703125,71.76707458496094,,,,,10998.3017578125,,,,,,,,,,3.101942539215088,9.697522163391112,,,,,8.537708282470703,5241.83251953125,974.6444091796876,,372.2778015136719,1197.6793212890625,,1275.0587158203125,4280.85693359375,2195.71044921875,150.18878173828125,,,310.2879638671875,,,143.344970703125,,,,,,,,120.000244140625,109.6729965209961,299.9307556152344,,56823.40234375,73982.8671875,,,101.15687561035156,239.1591339111328,,,,,,,,,,,422.8175659179688
2023-03-31,143.04196166992188,118756.3828125,,,,,,193.222412109375,22.54617691040039,,81349.0,1386.3416748046875,1732.918701171875,6648.66015625,583.0,,,17451.50390625,397.2709655761719,236.9620513916016,29.825443267822266,55.49651336669922,1098.908203125,,,,,,,,,,1228.347900390625,1158.0911865234375,,,,,,,,1494.2254638671875,,,,,,1839.4141845703125,1116.552001953125,1242.7823486328125,,,,,,,,,,,,20443.17578125,16954.59765625,1000.1599731445312,,,,,34202.6875,,1224.1395263671875,1080.98095703125,1568.4405517578125,,,,,,,,,118.10626220703124,111.50919342041016,,,,,,,,,992.0,,,,,,,,36200.63671875,,,,1478.276123046875,14545.048828125,,,,34648.93359375,14895.875,,,,,13553.4140625,,,43807.55078125,,947.3034057617188,,,,602.988525390625,,,822.1290893554688,,,,1148.8804931640625,,,,,,,,,,,,,,,,814.0140991210938,,,,,81.90995025634766,,,,1332.9063720703125,,,,,,,,1240.0999755859375,,,,2964.699951171875,,,,71.50829315185547,,,104.97598266601562,950.236328125,2993.090576171875,,,26.333702087402344,,,,584.0,31763.89453125,,,983.7279663085938,,104.69329071044922,39.3133659362793,170.52041625976562,800.0432739257812,2791.556640625,,,,,1816.460205078125,1453.524169921875,,420.9453125,,842.310791015625,,,,,,406.3494262695313,,,,,93.20105743408205,,,54427.23046875,464.158447265625,37.61000061035156,37.61000061035156,,18714.9609375,,,,,3759.888916015625,,,,,8400.2236328125,,401.4041442871094,312156.6875,,,,,72868.59375,,2500.241943359375,,100.51958465576172,81841.4609375,,1000.5759887695312,,,,,,,,,,,,220687.65625,36.59803771972656,,,3.17691707611084,8.697778701782227,,,,,7.643948554992676,,1085.072021484375,5199.22216796875,375.7581481933594,1403.9281005859375,26.36307716369629,1311.5328369140625,4181.20654296875,2301.230224609375,149.58804321289062,,,301.3960266113281,0.5816253423690796,,125.3332977294922,,,99.86473846435548,,,,,128.4734344482422,99.4086685180664,310.5182800292969,,50975.7109375,63793.84375,,,,,,,,,,,,,36346.921875,,442.62841796875
2023-04-28,165.12155151367188,,,,,,,216.36715698242188,21.93021011352539,,,1410.5609130859375,1709.4185791015625,6814.626953125,583.0,,345.9584655761719,18237.162109375,396.8627014160156,223.0325164794922,35.04168701171875,55.49651336669922,1103.7159423828125,,,,,,,,,531.8960571289062,,1188.20166015625,,,,,,,,,,,,,,1903.4071044921875,1141.9078369140625,1318.9261474609375,,,,1370.0,,,,8216.78125,,,,20883.16796875,16970.740234375,,,,,,34278.7578125,,1221.6717529296875,1089.7078857421875,1630.714111328125,,,,,,,976.7000122070312,,119.26492309570312,112.6508560180664,,,,,,9585.3203125,,,1022.4000244140624,,,,,,,,36086.65234375,13388.6533203125,,,1487.44140625,14644.0400390625,,,,34462.86328125,14984.3173828125,,,,,13459.470703125,,,44594.359375,,956.5430908203124,,,,610.4666748046875,,13650.5380859375,828.696533203125,,,,1158.806396484375,,,,,,,,,,,1459.52001953125,,,,,824.8253784179688,,,,,,,,,,,,,,,,,1239.0,,,,2985.39990234375,,,,79.61318969726562,,,112.98414611816406,901.2432861328124,2952.9873046875,,,26.333702087402344,,84869.75,,624.97998046875,29695.685546875,,,925.0653076171876,10898.767578125,109.99295806884766,41.70698165893555,178.6019287109375,,2990.126220703125,,,,,1720.072509765625,1351.7587890625,,,,842.151611328125,,,,,,448.4486999511719,,,,,88.1097412109375,,,54297.67578125,500.9472351074219,,,,,,39018.44140625,,,4353.8974609375,17382.291015625,,,,7804.30908203125,,402.77587890625,327923.21875,,,,,72216.0703125,130.86021423339844,2404.157958984375,,101.53611755371094,79290.359375,,995.1135864257812,67.27874755859375,,,,,11813.17578125,,3500.062255859375,,84.59351348876953,295.5936584472656,237192.28125,36.98801803588867,,,3.9176645278930655,8.280884742736816,,,,,7.149081230163574,,1098.5155029296875,5199.22216796875,383.0911560058594,1503.21142578125,,1416.830810546875,4203.38671875,2480.8388671875,144.21658325195312,,,296.33551025390625,0.5806902647018433,,134.77247619628906,,,99.8927230834961,,,,,127.90838623046876,92.9787139892578,334.7127380371094,,43361.4375,54644.73046875,,,,,,,,,,,,,36346.921875,,453.7448425292969
2023-05-31,219.77325439453125,139487.390625,,,,,,234.1021728515625,22.52136611938477,,98212.0,1468.9215087890625,1824.3841552734373,6957.638671875,,25646.837890625,331.0865783691406,17832.724609375,476.8587036132813,234.30458068847656,31.95511817932129,50.72914505004883,1107.6610107421875,,,,,,,,,,,1229.8056640625,,,,,,,,1455.7308349609375,,,,,,1954.57373046875,1124.3011474609375,1261.5081787109375,,,,,,,,,,,,23919.087890625,17584.3984375,,,,,,34797.98828125,,1219.89501953125,1099.6954345703125,1618.0213623046875,,,,,,,970.9000244140624,,120.63780212402344,114.02872467041016,,,,,,9684.978515625,,,1019.2999877929688,,,,,,,,35681.37109375,,,,1526.51708984375,14820.0,,,,36394.328125,15200.5498046875,,,,13017.224609375,13439.419921875,,,,,968.5601196289062,,1116.3363037109375,1323.282958984375,617.2615356445312,,13668.15234375,928.4940795898438,,,,1172.7191162109375,,,,,,,,,,,,,,,,842.8209228515625,,,,,83.87445831298828,,,,,,,,,,,,1227.300048828125,,,,2919.89990234375,,,,75.86178588867188,,,117.98680877685548,891.0328369140625,2982.8154296875,,,28.831298828125,,71185.2109375,,695.0,29695.685546875,,,1003.167236328125,11110.912109375,104.43331146240234,40.34697341918945,214.8151397705078,800.0509643554688,2787.58935546875,,,,,1773.731689453125,1353.2242431640625,,429.93792724609375,,940.4907836914062,,,,,82795.46875,650.6173706054688,,,,,96.62000274658205,,,53278.12109375,566.339111328125,,,,,63452.80859375,37540.4609375,,,4966.4384765625,,,,,8033.1005859375,,416.49322509765625,337870.53125,,,,104.02183532714844,83489.15625,,2343.265380859375,,99.0257568359375,78404.859375,,982.2721557617188,80.98986053466797,57.62557220458984,,,212288.0,12248.1376953125,,3509.962158203125,,,327.5932006835937,,33.98817825317383,,,3.370689868927002,8.099365234375,,,,,6.649505138397217,,1119.329345703125,5424.71044921875,458.48779296875,1606.8175048828125,40.93348693847656,2204.38134765625,4203.38671875,2662.352294921875,150.0,,,383.92376708984375,0.5881710052490234,263.5658264160156,170.3977813720703,,,100.15422821044922,52987.84765625,,,147.6177978515625,126.9306869506836,105.86000061035156,288.0885009765625,,44751.16015625,52197.83984375,,,,236.3531188964844,,,,,,,,5.2963948249816895,36790.06640625,,518.9812622070312
2023-06-30,196.681640625,149084.953125,,,,,,246.5166778564453,21.755205154418945,,103950.0,1457.80322265625,1851.7056884765625,7199.5224609375,,21675.51171875,301.3157653808594,18348.0078125,451.72412109375,238.90447998046875,34.44253158569336,55.1590690612793,1264.397216796875,,,,,,,,,,1268.7774658203125,1187.8084716796875,,,,,,,,1455.334228515625,,,,,,2067.895751953125,1155.6861572265625,1310.2974853515625,,,,,,,,,,,,22971.482421875,18070.0390625,996.4299926757812,,,,,34673.27734375,,1237.2684326171875,1110.69091796875,1695.367431640625,,,,,,,,,123.20793914794922,,,,,,,9699.7177734375,,,1007.5999755859376,,,,,,,,36325.0,,,,1518.4200439453125,,,,,37145.265625,,,,,,,,,,,977.715576171875,,,,623.5194091796875,,,961.3712768554688,,,,1181.0390625,,,,8000.0,,,,,,,,,,,,891.761474609375,,,,,84.94764709472656,,,,,,,,,,,,1277.0999755859375,,,,3047.89990234375,,,,77.51981353759766,,,126.97504425048828,904.0302734375,,,,28.822906494140625,,,,768.2100219726562,30800.955078125,,,1049.6102294921875,11107.9130859375,106.98313903808594,47.23768997192383,236.63131713867188,,2957.412353515625,,46938.31640625,,,1912.847900390625,1448.734619140625,,,,988.0693969726562,,,,98570.9296875,82795.46875,617.5430908203125,,,,,94.25,,,53717.09375,585.7723999023438,,,,18812.265625,,,,,5379.3828125,,,,26406.9921875,8195.0,,439.8788757324219,342818.5625,55439.515625,,,,87008.953125,136.66905212402344,2290.71337890625,,,78667.125,,1186.8721923828125,92.7857437133789,,,286.37579345703125,225732.3125,12849.095703125,,,,,332.5443420410156,267024.8125,33.98817825317383,,,3.499677896499634,8.497334480285645,,,,,7.07947301864624,,1265.627685546875,5199.72216796875,509.9582824707031,1807.3944091796875,98.34764099121094,1906.1990966796875,4532.74560546875,2469.561279296875,156.22000122070312,,,383.1956787109375,0.6639131903648376,,170.40615844726562,,,,,,,,130.63668823242188,114.23999786376952,272.5696716308594,,49656.9375,58396.58203125,,,,252.58206176757807,,,,,,,,,,,542.0066528320312
2023-07-31,199.01451110839844,158801.640625,,,,,,260.7046813964844,23.107810974121094,,109410.0,1563.820556640625,2031.67626953125,7499.5029296875,,21675.51171875,362.1259460449219,21299.625,488.8064575195313,230.10467529296875,40.66107177734375,50.30915451049805,1339.7005615234375,,,,,,,,,,,1215.24951171875,,,,,,,,,,,,,,2236.1796875,,,,,,,,,,8711.716796875,,,,24721.408203125,18797.2734375,,,,,,33926.4296875,,1241.907958984375,1121.455322265625,1837.5654296875,,,,,,,,,124.52120971679688,116.53797912597656,,,,,,9606.556640625,,,1043.0,,,,,,,,,,,,1531.5799560546875,,,,,41288.87890625,,,,,,,,,,,,,,,629.9688110351562,,14400.595703125,1057.8702392578125,,,,1185.72998046875,,,,,,,,,,,,,,,,964.1631469726562,,,,,85.82170104980469,,,,,,,,,,,,1427.800048828125,,,,3390.0,,,,86.51392364501953,,,132.42396545410156,1103.1373291015625,2967.951171875,,,31.055551528930664,,,,859.0,30800.955078125,,,1192.7471923828125,11867.837890625,113.39273071289062,52.4873275756836,234.3533477783203,,3092.0234375,,46938.31640625,,,2305.354248046875,1582.75732421875,,411.6101684570313,,1004.8650512695312,,,,98077.0625,,605.2837524414062,,,,,108.25,,,54009.546875,616.169921875,37.290000915527344,37.290000915527344,,18812.265625,,,,,5462.71240234375,20024.119140625,,,30074.3828125,9338.48828125,,452.9648132324219,377739.625,58551.04296875,,,113.130126953125,94459.171875,,2333.22705078125,,,78926.6328125,,1293.724365234375,95.96797943115234,63.76208114624024,,,266435.9375,12999.0849609375,,3699.9599609375,,,330.4336853027344,277444.71875,31.99828338623047,,,3.634665489196777,9.09128761291504,134.8343963623047,,,,7.997405052185059,,1320.6123046875,,536.5353393554688,1730.9674072265625,87.26659393310547,1860.02001953125,4870.41748046875,2680.71337890625,182.5200042724609,,,442.5910034179688,0.6760693788528442,,202.72457885742188,,,101.16390228271484,,,,158.50958251953125,146.8504638671875,128.4499969482422,260.0106201171875,,52115.9453125,61513.19921875,,,,260.2069702148437,,,,,,,,5.2963948249816895,36790.06640625,,544.5237426757812
2023-08-31,206.7338409423828,151176.890625,,,,,,258.0355529785156,22.09572029113769,,114109.0,1564.5394287109375,1949.60595703125,7325.5146484375,,21873.8125,,20730.7890625,469.0105285644531,222.5648651123047,37.03888320922852,49.9991569519043,1252.1385498046875,,,,,,,,,,,,,,,,,,,,,,,,,2223.787353515625,1226.010986328125,1400.75244140625,,,,,,,,,,,,24756.23828125,18604.15625,,,,,,34075.33984375,,1255.234130859375,1130.3604736328125,1820.8070068359373,,,,,,,,101.12999725341795,125.82452392578124,117.8114013671875,100.93000030517578,,,,,,,,1070.4000244140625,,,,,,,,,,,,1522.9599609375,,,,,39641.046875,,,,,,,,,,,998.3270874023438,,,,636.3331909179688,,14480.98828125,1021.3953857421876,,,,1196.0699462890625,,,,,,,,,,,,,,,,968.70947265625,,,,,86.08061981201172,,,,,,,,,,,,1341.9000244140625,,,,3183.0,,,27.30500030517578,86.14341735839844,,,133.73370361328125,1045.5107421875,3019.726318359375,,310.010009765625,28.948808670043945,,74332.71875,,840.0,32276.064453125,,,1233.962646484375,,101.31350708007812,52.08839416503906,231.3043365478516,,2929.628173828125,,,,,2086.842529296875,1551.947509765625,576.8462524414062,,,1007.7675170898438,,,,112050.15625,,614.5682373046875,,,,,109.63999938964844,,,58192.0546875,618.8618774414062,,,,,,,,,5025.509765625,20665.37890625,,,,8928.73828125,,434.441162109375,378757.25,61364.2109375,,,111.2845230102539,94652.296875,,2349.451904296875,,99.57471466064452,83503.2109375,,1258.2667236328125,93.29647064208984,,,,,12886.0927734375,,3683.860107421875,,,,279719.90625,,,,3.749654769897461,8.594326972961426,140.80145263671875,,,,6.849490642547607,,1242.0628662109375,,528.8780517578125,1761.8729248046875,85.63944244384766,1798.0706787109375,4670.33642578125,2461.023193359375,187.5,,,417.7791137695313,,,183.132064819336,,,101.40096282958984,,37.503665924072266,,,146.8504638671875,105.16000366210938,259.9806213378906,,48751.671875,52798.45703125,,,,262.9268798828125,,,,,,,,,,,580.0479736328125
2023-09-29,204.19235229492188,153877.125,,,,,,237.62257385253903,19.91073989868164,,113141.0,1537.2279052734375,1812.680419921875,7299.5166015625,583.0,,310.9514465332031,21258.705078125,403.7052612304688,214.9950256347656,37.35662078857422,49.9991569519043,1182.0887451171875,,,,,,,,,,1292.4420166015625,1262.4874267578125,,,,,,,,,,,,,,2240.26123046875,1267.336669921875,,,,,,,,,,,,,23076.826171875,,,,,,,34307.8984375,,1251.7791748046875,1137.21044921875,1817.3363037109373,,,,,,,,102.18000030517578,126.95870208740234,118.91570281982422,,,,,,,,,1099.9000244140625,,,,,,,,,,,,1538.4200439453125,,,,,38338.03125,,,,,,,,,,,1006.276123046875,,,,642.0086059570312,,14524.740234375,1071.9219970703125,,,,1206.0,,,,,,,,,,,,,,,,971.0675659179688,,,,,86.78404998779297,,,,,,,,,,,,1313.0999755859375,,,,3066.10009765625,,,,83.81846618652344,,,120.9762191772461,961.3756713867188,,,310.010009765625,28.53753089904785,,74332.71875,,816.989990234375,33134.8671875,,,1219.349365234375,11542.1259765625,101.99346923828124,48.96037292480469,240.94200134277344,,2741.740966796875,,53429.2734375,,,1973.26416015625,,,,,1040.94189453125,,,,122510.2734375,,622.1434936523438,,,,,95.0,,,58465.79296875,597.2463989257812,,,,,,,,,5274.7578125,20665.37890625,,,,8168.1279296875,,424.0494384765625,380548.65625,62944.26171875,,,103.60284423828124,92839.7578125,141.64599609375,2561.56005859375,,96.65996551513672,85472.5390625,,1169.91015625,,,,305.5935363769531,276328.65625,11999.1552734375,,,99.7980728149414,,,284571.5,34.29816055297852,,,3.546673536300659,8.298349380493164,128.7682647705078,,,,6.907486438751221,5441.123046875,1254.532470703125,,,2201.504638671875,99.99297332763672,1866.5709228515625,4531.71826171875,2414.47802734375,165.4600067138672,,,387.3054809570313,0.7340448498725891,,174.27598571777344,,,102.07669830322266,,,,,146.71847534179688,100.0,254.0010681152344,,47363.734375,52850.453125,,,,259.0115966796875,,,,,,,,,37269.66015625,,514.5525512695312
2023-10-31,190.12875366210932,160030.90625,,,,,,231.44190979003903,20.09045791625977,,117606.0,1388.37060546875,1650.3642578125,7249.3193359375,,,320.3843994140625,19991.927734375,385.0536804199219,,35.422969818115234,,1137.43212890625,,,,,,,,,,1302.62744140625,,,,,,,,,1706.3443603515625,,,,,,2172.31591796875,1247.2611083984375,,,,,,,,,,,,,23429.544921875,17283.587890625,,,,,,33908.18359375,,1247.7320556640625,1145.7242431640625,1764.284912109375,,,,,,,,103.3000030517578,128.28192138671875,,,,,769.3363037109375,,9599.6943359375,,,1113.5,,,,,,,,,,,,1570.0,,,,,,,,,,,,,,,,,,,,648.0776977539062,,14643.31640625,1030.3646240234375,,,,1213.0,,,,,,,,,,,,,,,,948.8155517578124,,,,,88.28779602050781,,,,,,,,,,,,1230.199951171875,,,,2856.300048828125,,,,85.17082214355469,,,129.91445922851562,969.0703735351562,3019.726318359375,,,34.44648361206055,,78390.15625,,798.1400146484375,33269.0546875,,,1119.6190185546875,,91.99411010742188,48.05369567871094,239.69786071777344,,2765.031982421875,,,,,1810.9949951171875,,,,25186.591796875,,,,,111545.3046875,119624.53125,597.9515991210938,,,,,91.91000366210938,,,58465.79296875,573.4935913085938,,,,,,,,,4818.02001953125,20964.57421875,,,,7489.658203125,,410.8648071289063,368794.34375,61959.9453125,,,102.80474853515624,92170.859375,,2562.625244140625,,,83991.921875,,1037.18359375,,,,,266565.4375,11994.1552734375,,,,,,312368.78125,,,,2.951728105545044,7.4454169273376465,164.72308349609375,,,,5.785569190979004,5819.474609375,1200.824462890625,5674.796875,453.3702392578125,2314.203369140625,116.4372787475586,1803.4892578125,4545.6357421875,2223.890380859375,151.0399932861328,,,342.53863525390625,0.7415254712104797,,175.7240447998047,,,,,,,,145.77796936035156,92.1999969482422,256.3309020996094,,41523.6640625,43298.734375,,,,,,,,,,,,,,,528.9544067382812
2023-11-30,182.3145904541016,169024.078125,,,,,,236.77130126953125,20.38368034362793,,,1537.7705078125,1904.266357421875,7448.50634765625,583.0,22077.31640625,,21880.884765625,,212.9950714111328,38.8545150756836,,1283.751220703125,,,,,459.1552734375,,,,,1311.5186767578125,,,,,,,,,1607.13818359375,,,,,,2303.45068359375,1269.1583251953125,,,,,,,,,9219.427734375,,,,21175.07421875,18029.1875,1181.469970703125,,,,,34131.6875,,1263.7235107421875,1154.23779296875,1868.107177734375,,,,,,,,104.33000183105467,129.36634826660156,,103.76000213623048,,,,,,,,1103.9000244140625,,,,,,,,,,,,1565.4000244140625,,,,,38244.2734375,,,,,,,,,,,1023.6719970703124,,,,654.3883056640625,,14927.5185546875,1115.372802734375,,,,1224.5999755859375,,,,,,,,,,,,,,,,990.901611328125,,,,,88.6669692993164,,,,,,,,,,,,1308.699951171875,,,,3043.699951171875,,,,90.75625610351562,,,137.97288513183594,1011.6979370117188,,,,35.25224685668945,,82708.5625,,827.3499755859375,33269.0546875,,,1138.407470703125,11514.3779296875,101.5334930419922,49.8761100769043,266.3329467773437,,2663.79833984375,,53881.01171875,,,2023.147216796875,1382.4931640625,,,,993.1893310546876,,,,122470.3671875,,615.2135009765625,,,,,84.22000122070312,,,,600.0813598632812,,,,,,,,,5339.02783203125,22025.4375,,,34636.48828125,8195.0,,450.8529052734375,388761.28125,63017.60546875,,,,101808.890625,,2568.573974609375,,100.70783996582033,85332.0078125,,1158.60205078125,80.83271789550781,,,,294679.46875,12093.1484375,,,,68.66545867919922,374.8156127929688,329771.59375,34.958126068115234,,,2.810741424560547,7.099443435668945,173.04330444335938,3637.99609375,,,6.349527359008789,5819.474609375,1230.1822509765625,5649.6982421875,437.56097412109375,2247.422607421875,113.65565490722656,1843.926025390625,4334.15869140625,2212.5986328125,153.0,,,394.9214782714844,0.7013167142868042,,202.50662231445312,,,102.95455169677734,,,,162.1995391845703,152.77349853515625,84.44000244140625,238.1322326660156,,41084.0390625,44299.30078125,,,,241.683334350586,,,,,,,,5.3496198654174805,37269.66015625,,545.5489501953125
2023-12-29,181.3757476806641,171999.59375,,,,,,258.4308776855469,21.1214656829834,,137389.0,1578.73779296875,1985.8778076171875,7049.53271484375,583.0,,357.8031921386719,22280.724609375,440.4147644042969,,39.03607940673828,44.37925338745117,1302.12890625,,,,,,,,,,1322.6451416015625,,,,,,,,,1700.014892578125,,,,,,2464.855224609375,1332.4091796875,1515.7525634765625,,,,,,,,,,,,22860.02734375,19059.482421875,1184.9300537109375,,,,,33251.31640625,1292.4300537109375,1287.9080810546875,1162.947265625,1975.9951171875,,,,,,,,105.3000030517578,130.43089294433594,,,,,,,9945.69140625,,,1152.800048828125,,,,,,,,,,,,1579.050048828125,,,,,40868.47265625,,,,,,,,,,,1028.711669921875,,,,659.9735107421875,,15255.845703125,1186.4290771484375,,,,,,,,8438.1201171875,,,,,,,,,,,,1048.655029296875,,,,,89.41303253173828,,,,,,,,,,,,1393.4000244140625,,,,3248.60009765625,,,,95.86002349853516,,,139.79188537597656,1013.7803344726562,2864.101318359375,,,48.30587768554688,,81136.203125,,920.0,33898.4140625,,,1139.52978515625,11917.3564453125,97.4937515258789,51.671329498291016,278.5377197265625,,2955.119873046875,,,,,2186.11181640625,1586.5570068359375,,395.1021423339844,,1007.43310546875,,,,124413.9296875,,691.30029296875,,,,,79.9800033569336,,,,674.9564208984375,,,,,,,,,6024.40673828125,22722.8671875,,,36207.9453125,8175.94189453125,,473.0772399902344,418869.875,67330.421875,,,,108698.546875,164.2540283203125,2835.064208984375,,106.01080322265624,85979.5390625,,1192.813720703125,80.88182067871094,,,,300523.4375,12603.1123046875,,,,,,321245.375,,,,3.1187584400177,9.028558731079102,217.8215484619141,4338.7529296875,,,7.098718643188477,5919.8583984375,1404.3702392578125,,458.3831787109375,2298.792236328125,121.8373794555664,2339.00537109375,4240.75,2630.220458984375,175.07000732421875,,,427.8475646972656,0.711798369884491,,222.25747680664065,,,,,,,,153.5326385498047,99.4499969482422,256.4408569335937,,50891.74609375,52649.7421875,,,,252.91490173339844,,,,,,,,,,,563.5066528320312
2024-01-31,189.66407775878903,174473.578125,,,,,,256.0699462890625,21.61332321166992,,150532.0,1718.0994873046875,2148.19384765625,6949.53955078125,,22077.31640625,379.6245727539063,23000.060546875,489.78948974609375,,39.03607940673828,,1432.3416748046875,,,,,,,,,,1332.173583984375,1293.65283203125,,,,,,,,1788.950927734375,,,,,,2652.946533203125,1345.4661865234375,1611.725830078125,,,,,,,,9204.6064453125,,,,25479.353515625,,,,,,,33534.6171875,1286.5999755859375,1295.0155029296875,1173.4180908203125,2115.714111328125,,,,,,,,106.38999938964844,131.62477111816406,,,,,,,9999.46484375,,,1210.2110595703125,,,,,,,,,,,,1605.7900390625,,,,,39040.20703125,,,,,,,,,,,1029.3251953125,,,,665.9733276367188,,15483.166015625,1284.79150390625,,,,1224.0,,,,,,,,,,,,,,,,1142.7791748046875,,,,,90.43865203857422,,,,,,,,,,,,1335.9000244140625,,,,3118.5,,,,96.5639877319336,,,131.95236206054688,973.7899780273438,2864.101318359375,,347.0,41.51679611206055,,88451.3984375,,879.489990234375,33898.4140625,,,1245.1151123046875,,94.22503662109376,51.2487907409668,279.55059814453125,,2784.83837890625,,59580.96484375,,,2195.94921875,1538.2672119140625,,,,1051.8116455078125,,,,142674.234375,,699.983642578125,,,,,83.30000305175781,,,,671.0311889648438,,,,13363.9716796875,,41117.91015625,,,6900.3330078125,24392.30859375,,45628.9296875,39800.703125,8309.25390625,,487.3375854492188,449351.84375,73785.3125,,52503.453125,127.07684326171876,118281.96875,171.26239013671875,3174.458740234375,,,85979.5390625,,1230.5714111328125,86.25430297851562,,,393.6609191894531,367239.03125,13999.0146484375,,3749.95947265625,,,399.25,377973.8125,,,,3.007766962051392,8.499584197998047,225.9986572265625,4166.74560546875,,,6.49974250793457,,1469.643798828125,5649.6982421875,,2294.346435546875,119.60236358642578,2265.608642578125,,2901.0458984375,184.97000122070312,,,445.4649963378906,0.6279452443122864,,239.940185546875,,,104.14733123779295,,,,,142.3355712890625,83.45999908447266,279.2491760253906,,40137.80078125,40299.8046875,,,,274.8653869628906,,,,469064.1875,,,,,46086.29296875,,581.0558471679688
2024-02-29,187.7105407714844,179269.453125,,,,,,257.8860168457031,21.282264709472656,,171248.0,1835.8470458984373,2210.762939453125,7249.51953125,583.0,22309.146484375,,25036.619140625,532.2477416992188,209.9900054931641,42.64918518066406,44.31925201416016,1459.123046875,,,,,,,,,,1340.8787841796875,1320.5059814453125,,,,,,,,,,,,,,2868.32470703125,1486.3934326171875,,,,,,,,,,,,,26689.47265625,19565.380859375,,,,,,33909.49609375,1292.5799560546875,1307.8482666015625,1181.344482421875,2274.571044921875,,,,,,,,107.3000030517578,132.6395721435547,,,,,,,9881.091796875,,,1245.6903076171875,,,,,,,,,,,,1590.0,,,,,41532.65234375,,,,,,,,,,,1047.77587890625,,,,671.2182006835938,,15648.048828125,1387.9376220703125,,,,1249.4000244140625,,,,,,,,,,,,,,,,1231.2078857421875,,,,,91.05260467529295,,,,,,,,,,,,1435.0,,,,3351.39990234375,,,,103.74260711669922,,,132.74229431152344,979.5838012695312,2889.739501953125,,,44.6640510559082,,108529.375,,825.0,38828.3828125,,,1273.9725341796875,12053.3486328125,98.49480438232422,53.211082458496094,301.7095947265625,,2884.880126953125,,66011.5859375,,,2434.53369140625,1586.946533203125,576.8462524414062,,,1221.768310546875,,,,141676.515625,135567.640625,706.2715454101562,,,,,80.0,,,70599.4140625,666.4624633789062,,,,13363.9716796875,,,48.52642059326172,,7928.35400390625,24392.30859375,,,39919.265625,9052.6162109375,,503.1966247558594,487049.09375,79442.8984375,,,,127798.5859375,,3260.237548828125,,,101184.78125,,1370.3895263671875,106.9683074951172,,,,460982.3125,14298.9931640625,,3574.861328125,,,,397616.96875,34.958126068115234,,,3.0287654399871826,9.399539947509766,221.9144592285156,3800.843994140625,,,6.869727611541748,,1524.0384521484375,,534.1097412109375,2270.001220703125,127.85112762451172,2328.35791015625,3917.463134765625,3029.4814453125,198.0,,,494.33203125,0.6403326392173767,,233.5289001464844,,,104.41514587402344,,,,,154.70925903320312,90.5,292.6181945800781,,45035.7734375,47999.765625,19083.427734375,45008.84375,,301.3174133300781,,,,,,,26760.95703125,,53870.91015625,,610.2711181640625
2024-03-28,188.7157592773437,167205.359375,,,,,,259.7021179199219,21.755205154418945,,165561.0,1845.70458984375,2250.75244140625,7712.18896484375,,22309.146484375,398.0152893066406,26167.005859375,537.4227905273438,207.6199951171875,44.30141067504883,,1385.243408203125,,,,,,,,,,1350.427001953125,1332.8544921875,,,,,,,,1932.7926025390625,,,,,,2978.904296875,1497.7119140625,1852.297607421875,,,,,,,,,,,,26445.1796875,20387.423828125,,,,,,34732.8125,,1324.333251953125,1186.4332275390625,2379.484130859375,,,,,,,,108.18000030517578,133.55487060546875,,107.75,,,,,,,,,,,,,,,,,,,,1603.1099853515625,,,,,42778.98828125,,,,,,,,,,,1054.15576171875,,,,675.8060913085938,,16005.87890625,1433.5810546875,,,,,,,,8669.2802734375,,,,,,,,,,,,1296.0556640625,,,,,,,,,,,,,,,,,1479.0,,,,3446.0,,,63.5,100.96379089355467,,,126.94263458251952,1159.2620849609375,2788.682861328125,,,46.64232635498047,,116634.0390625,,779.760009765625,39162.38671875,,,1277.0609130859375,12629.3173828125,95.50496673583984,54.00883865356445,294.1452941894531,,2990.148193359375,,67853.6484375,,,2556.757080078125,1580.4234619140625,,474.9425048828125,,1206.943115234375,,,151.07785034179688,146166.265625,,774.6195068359375,,,,,82.5,,,,675.9676513671875,,,,13363.9716796875,,,,,7662.044921875,24969.1796875,,,42451.42578125,9635.794921875,,520.8419189453125,504046.75,82937.234375,,,134.85772705078125,132446.8125,193.60940551757807,3341.0224609375,,104.80909729003906,100648.21875,,1289.5076904296875,110.13088989257812,53.77524566650391,,,496499.59375,15725.892578125,,,,,,414147.8125,34.958126068115234,,,3.165754795074463,9.299545288085938,221.0000762939453,4370.47412109375,,,6.87572717666626,5974.9228515625,1429.391845703125,5850.6875,537.4390258789062,2202.02197265625,152.3133087158203,2494.089599609375,,3167.28125,214.97000122070312,,,509.0755004882813,0.6632016897201538,,233.3651733398437,,,104.5932846069336,,,,,161.2661895751953,84.45999908447266,304.9772644042969,,44754.77734375,47697.765625,,,,327.30401611328125,,,,,,,,,,,683.1459350585938
2024-04-30,183.11117553710932,164381.390625,,,,,,248.80552673339844,22.69162368774414,,163679.0,1894.6302490234373,2461.944580078125,7499.5029296875,583.0,,389.4948120117188,27112.94140625,540.777099609375,207.8999938964844,41.157958984375,40.37931823730469,1374.1614990234375,,,,,,,,,,,,,,,,,,,1933.6920166015625,,,,,,2779.833740234375,1449.4508056640625,,,,,,,,,11962.2041015625,,,,25163.47265625,20663.740234375,,,,,,34358.1171875,,1330.65087890625,1191.7176513671875,2252.953857421875,,,,,,,,109.16000366210938,134.57960510253906,,,,,,,10254.900390625,,,1228.785400390625,,,,,,,,,,,,1592.469970703125,,,,,42274.3984375,,,,,,,,,,,,,,,680.890869140625,,15906.580078125,1343.5897216796875,,,,1272.56005859375,,,,,,,,,,,,,,,,1221.715576171875,,,,,91.9951171875,,,1275.6500244140625,,,,,,,,,1427.199951171875,,,,3344.5,,,,98.64810180664062,,,123.28285217285156,1250.61572265625,2841.555419921875,,,43.378177642822266,,104776.203125,,788.0,38205.30078125,,,1263.356201171875,13847.251953125,89.99525451660156,52.26661682128906,298.0253601074219,,3244.59375,,67853.6484375,,,2553.776123046875,1580.2286376953125,,,,1082.3341064453125,34.39126968383789,,,164279.90625,147549.09375,787.2481079101562,,,4.932000160217285,,87.0,,,69953.71875,682.0899047851562,,,,,,,,,7995.83544921875,24784.732421875,,,42451.42578125,10100.0,,507.5554809570313,481933.40625,78190.3984375,,54919.9921875,129.52728271484375,123673.984375,189.41766357421875,3336.23681640625,,,98539.09375,,1377.6085205078125,112.5,,,,412256.0625,15882.8818359375,,3753.0,,,,381658.09375,,,,3.288745403289795,9.299545288085938,214.88682556152344,4034.943359375,,,6.832729339599609,,1429.0950927734375,5900.68505859375,587.7680053710938,2247.247802734375,151.91555786132812,2792.738037109375,4366.45703125,3070.793701171875,214.22999572753903,,,522.1903686523438,0.7537249326705933,,252.04872131347656,,83287.8671875,,,,,214.4310913085937,168.90487670898438,88.88999938964844,341.0645751953125,,43070.78515625,43849.78515625,,,,285.2502746582031,,,,,,,,,,,744.036865234375
2024-05-31,199.2700042724609,173459.96875,,,,,,260.2933044433594,22.39999961853028,,160596.0,2077.28173828125,2629.915283203125,8345.427734375,,22309.146484375,413.1517333984375,25223.818359375,568.9473876953125,206.33999633789065,41.11064910888672,,1417.257568359375,,,,,,,,,,1365.54345703125,1348.3260498046875,,,,,,,,1829.317138671875,,,,,,2755.1201171875,1455.4000244140625,1713.02001953125,,,,,,,,11585.44140625,,,,24272.41796875,21043.98046875,,,,,,34443.94140625,,1341.8055419921875,1199.4483642578125,2220.4287109375,,,,,,,,110.05999755859376,135.53469848632812,,109.7699966430664,,,,,,,,,,,,,,,,,,,,1635.0,,,37091.26953125,,43191.71875,,,,,,,,,,,1067.4063720703125,,,,685.4662475585938,,16075.302734375,1342.3939208984375,,,,,,,,,,,,,,,,,,,,1203.0306396484375,,,,,,,,,,,,,,,,,1419.300048828125,,,,3324.60009765625,,,,100.96379089355467,,,119.99454498291016,1141.4918212890625,2773.31982421875,,250.0,47.96814727783203,,94486.34375,,850.0,38092.01171875,,,1372.4158935546875,14621.61328125,90.79651641845705,51.78755187988281,308.93280029296875,900.0,2905.38623046875,,61869.3828125,,,2763.444091796875,1695.354736328125,,487.3585510253906,,1166.0426025390625,,,,161634.9375,,898.8690795898438,,38469.3046875,4.932000160217285,,100.91999816894533,,,66089.015625,719.7092895507812,44.22999954223633,44.22999954223633,,,,,,,8500.0,24784.732421875,,,42568.16015625,10390.0,,,475564.0,79026.3203125,,53622.09375,135.9058380126953,125712.5234375,,3498.869873046875,,103.25041961669922,90959.1015625,,1498.988037109375,109.3000030517578,65.46498107910156,,,,15500.0,,3969.800048828125,,,415.5337524414063,373293.78125,35.49809265136719,,,3.249000072479248,9.288999557495115,253.5518341064453,4024.4345703125,,,6.670000076293945,,1493.4000244140625,5980.0,595.0,2248.55859375,199.7366180419922,3105.677490234375,4752.03466796875,3174.388916015625,244.0,,,545.22998046875,1.0883866548538208,,254.24972534179688,,,,,,28.309999465942383,245.90182495117188,178.13592529296875,82.58999633789062,294.6400146484375,,41997.0,43002.0,,43164.234375,,351.0013732910156,,,,,,,,4.705999851226807,,,792.8001098632812
2024-06-28,182.5800018310547,202771.078125,,,,493200.0,,245.9388885498047,20.8799991607666,151750.0,187263.0,2036.732421875,2474.864501953125,8097.73583984375,,35667.453125,452.6776428222656,25640.181640625,554.1052856445312,,41.82027053833008,38.119998931884766,1346.7537841796875,,,,,530.8958740234375,530.5596313476562,,,,1376.8800048828125,1355.9493408203125,,,,,,,,1928.769775390625,,,,,,2985.25,,1706.969970703125,,,,,,,,,,,,22771.783203125,21134.2109375,,,,,,34515.0625,,1352.5,1205.0999755859375,2344.60009765625,,,,,,,,110.8499984741211,136.36000061035156,128.1699981689453,110.54000091552734,,,,,,,,,,,,,,,,,,,,1621.9200439453125,,,,,41903.3203125,,,,,,,,,,,1072.5,,,,689.3592529296875,,16649.5234375,1487.0,,,,1289.550048828125,970.7534790039062,987.7835693359376,,8820.0,,,,,,,,,,,,1301.0999755859375,,,,,93.47161102294922,,,,,,,,,,,,1370.0,,,,3240.0,,,70.0,97.26795959472656,,,121.78446197509766,1086.8385009765625,,,,44.939571380615234,,93587.375,,841.5,39731.57421875,,,1345.3922119140625,14963.603515625,87.59663391113281,52.26988983154297,315.7760009765625,900.0,2740.206787109375,,62745.63671875,,,2882.6865234375,1849.0272216796875,,,,1157.6580810546875,,,184.701416015625,173605.484375,,888.2794189453125,,,,,102.0,,,66402.234375,681.2306518554688,,,,,,,,,8034.89990234375,,,,42568.16015625,10350.0,,546.3114624023438,513792.84375,86845.0625,66.63029479980469,55489.6171875,151.68130493164062,144947.890625,,3556.486572265625,861365.5625,104.74126434326172,94200.28125,420578.46875,1351.8524169921875,103.68000030517578,65.46498107910156,,510.7556762695313,467511.3125,15100.0,,3629.10009765625,126.42474365234376,,450.3372192382813,428213.5,,,,2.990000009536743,8.800000190734863,240.471923828125,3748.956298828125,,118516.9609375,5.802999973297119,7308.115234375,1421.0,,,2256.611328125,183.15164184570312,2844.855712890625,4746.1494140625,2967.57275390625,257.0,,,550.0,0.8921040892601013,,243.3920135498047,,,106.12445068359376,,,,264.2506408691406,163.01052856445312,73.12000274658203,288.0,,37600.0,38027.0,,44970.83203125,109.74577331542967,403.1772155761719,,188505.0,,,39.13838958740234,,,,61185.93359375,,738.837158203125
2024-07-31,180.0,208399.609375,,9.543999671936035,,,,267.8533020019531,19.3700008392334,136430.0,,2145.9033203125,2796.2998046875,7599.75244140625,,,437.5614013671875,26668.5,559.0526123046875,,44.37490463256836,,1390.22802734375,,,,,,,,36336.57421875,,1385.2264404296875,1364.1072998046875,,,,,,,,1927.5196533203125,,,,,,3019.5,,1753.219970703125,,,,,,,,,,,,22585.34375,21923.919921875,,,,,,35031.6875,,1367.4000244140625,1211.0999755859375,2378.199951171875,,,,,,,,111.76000213623048,137.30999755859375,,,,,,,10240.505859375,,,1240.00146484375,,,,,,,,,,,,1630.1700439453125,,,37684.0703125,,,,,,,,,,,,,1078.0,,,,693.8917846679688,,17009.55078125,1453.699951171875,,,,1295.010009765625,977.3438110351562,,,,8606.9697265625,,,,,,,,,,,1310.0999755859375,,,,,94.2632293701172,100.45999908447266,,,,,,,,,,,1379.4000244140625,,,,3252.5,,,,103.93712615966795,,,122.4944305419922,1167.187744140625,2743.99072265625,,,46.350399017333984,,,,856.0,39791.56640625,,,1309.9720458984375,14792.6083984375,88.14661407470703,52.958946228027344,317.7242431640625,,2604.130615234375,,63837.9453125,,,3100.30419921875,1943.213623046875,,,,1167.8182373046875,,,,165624.421875,,829.9468383789062,,,,,,,,70655.6640625,670.0892944335938,,,,,,,,,7377.7998046875,,,,,10511.0,,549.747314453125,515307.875,85481.5625,66.63029479980469,,145.11947631835938,137102.671875,,3313.31884765625,,,98704.09375,412828.1875,1440.765380859375,102.0999984741211,,,,467511.3125,13978.0,,3629.10009765625,,91.19903564453124,,,,,,2.821000099182129,8.125,242.76220703125,3716.300048828125,114.72117614746094,108642.9609375,4.760000228881836,7451.41162109375,1500.0,,,2294.0654296875,183.15164184570312,2815.814453125,,3157.07421875,271.0,,,556.6099853515625,0.8636431097984314,,244.9483795166016,,,,,,,231.3462371826172,154.11904907226562,66.76000213623047,295.989990234375,,34965.0,35710.0,,,,,,213260.0,,,,,,,,,740.2281494140625
2024-08-30,171.8000030517578,208791.53125,,9.05799961090088,,,,265.0780944824219,19.88999938964844,,159100.0,2119.989990234375,2728.038330078125,6990.77197265625,,36740.45703125,433.93658447265625,27102.291015625,541.845703125,195.0800018310547,44.46951675415039,37.84000015258789,1463.4725341796875,,,,,,,,36710.51171875,,1393.9986572265625,1371.265380859375,,,,,,,,1882.854248046875,,,,,,2949.360107421875,1492.75,,,,,,,,,10225.4794921875,,,,20917.923828125,22200.060546875,,,,,,34454.53125,,1384.4000244140625,1216.5,2351.0,,,,,,,,,138.11000061035156,,111.83999633789062,,,,,10510.4541015625,,,,,,,,,,,,,,,1621.0,,,,,,,,,,,,,,,,1061.0,,,,695.02392578125,,16787.345703125,1419.0,,,,1300.6199951171875,981.915771484375,,,,,974.7159423828124,,,,,,,,,,1291.0999755859375,,,,,,,,,,,,,,,,,1349.800048828125,,,,3239.60009765625,,,,107.0771942138672,,,121.99445343017578,1121.7257080078125,2694.21044921875,,,46.350399017333984,,,,874.0,38609.453125,,1160.626708984375,1178.328125,14577.7666015625,97.896240234375,48.73601150512695,316.1969909667969,,2752.988525390625,,,,,3209.609619140625,1910.5953369140625,,,,1279.3819580078125,,,,,148458.421875,820.3326416015625,,,,,98.0,,,71026.5234375,711.9181518554688,47.66999816894531,47.66999816894531,,,,,,,7500.0,,,,,10700.0,,558.9426879882812,510630.28125,84189.7890625,66.63029479980469,,,135757.859375,,3296.107421875,857497.0625,,99063.1796875,,1490.205322265625,98.0500030517578,88.41999816894531,,,,13544.0,50.5980110168457,,,,,379326.0,37.01801300048828,,636477.0,2.500999927520752,7.599999904632568,269.4967956542969,3611.199951171875,118.28028106689452,109039.9609375,4.651000022888184,,1506.699951171875,,473.8599853515625,2238.820556640625,157.8774871826172,2844.763916015625,,3078.1953125,273.25,,,534.5800170898438,1.0805352926254272,,233.9156494140625,,84877.546875,,,,,,143.49867248535156,54.88999938964844,293.3800048828125,,33934.0,35600.0,,,110.42630767822266,462.8854064941406,,186450.0,,541823.3125,,,26945.0625,,67240.0,,765.7805786132812
2024-09-30,161.77000427246094,208095.296875,,8.821000099182129,,,,266.0350646972656,20.0,151277.0,159100.0,2009.20458984375,2849.347412109375,6989.77197265625,,35600.0,441.6296691894531,27102.291015625,514.5263061523438,,44.23297882080078,,1474.8135986328125,,,,,,,,37064.015625,,1401.9200439453125,,,,,,,,,1902.579833984375,,,,,,2989.969970703125,1565.300048828125,1750.3199462890625,,,,,,,,,,,,19584.146484375,22438.880859375,,,,,,34835.77734375,,1400.300048828125,1222.9000244140625,2363.5,,,,,,,,113.41999816894533,139.02999877929688,,112.73999786376952,,,,,10370.5478515625,,,1211.24560546875,,,,,,,,,,,,1635.6600341796875,,13096.8720703125,38391.3515625,,,,,,,,,,,,,,,,,685.2163696289062,17420.677734375,17039.193359375,1435.199951171875,,,,1280.8800048828125,,,,8320.2900390625,8268.9599609375,,,,,,,,,,,1295.699951171875,,,,,95.2378921508789,,,1310.25,,,,,,,,,1356.0,,,,3258.0,,,,106.24354553222656,,,121.79446411132812,1098.3985595703125,,,,47.50727844238281,,,,870.510009765625,40593.08203125,,,1153.2347412109375,,91.7864761352539,48.72616958618164,327.96453857421875,,3096.12890625,,,,,3308.978515625,1822.060302734375,,,,1233.8095703125,,,,165624.421875,147677.671875,797.2772216796875,,,4.099999904632568,,98.0,,,71362.96875,684.6490478515625,,,,,,,,,7499.7998046875,,,,21600.0,10448.0,,572.3578491210938,513503.71875,85588.4140625,66.63029479980469,,,135386.25,,3494.20751953125,857497.0625,111.00692749023438,102252.1171875,,1521.68505859375,90.05000305175781,88.41999816894531,,,,12919.0,,3450.0,,,,385000.0,,49.446388244628906,631300.0,2.5999999046325684,7.298999786376953,276.3502502441406,3618.60009765625,120.81027221679688,108631.9765625,4.232999801635742,7499.17724609375,1584.0,,,2294.0654296875,156.7686309814453,2777.153564453125,4746.1494140625,3009.89794921875,266.8999938964844,,,539.0900268554688,1.0942751169204712,,234.1090545654297,98.06048583984376,,,55898.6875,,,246.8874664306641,145.0988311767578,65.16000366210938,280.0,,34587.0,37305.0,,,110.78423309326172,423.2045593261719,,232170.0,,564075.6875,39.62615585327149,,,4.4710001945495605,67240.0,,798.18310546875
2024-10-30,176.39999389648438,215961.609375,,8.26200008392334,,,,262.8196716308594,20.14999961853028,151277.0,180792.0,2077.810302734375,2730.942626953125,6751.27978515625,,40237.0,460.91058349609375,27305.630859375,572.3511962890625,193.0,45.169677734375,35.2599983215332,1499.8585205078125,,,,,,,,,,1411.6800537109375,1388.5400390625,,,,,,,,2024.865478515625,,,,,,3213.340087890625,1610.800048828125,,,,,,,,,10679.826171875,,,,19084.599609375,22487.16015625,1424.5899658203125,,,,,35218.25,1375.030029296875,1389.0999755859375,1228.0,2520.0,,,,,,,,114.23999786376952,139.86000061035156,,113.20999908447266,,,,,,,,,,,,,,,,,,,,1619.9000244140625,,12570.0390625,,,,,,,,,,,,,,,,,,,17538.447265625,17162.572265625,1570.0999755859375,,,,1291.0999755859375,,,,,,,,1207.1500244140625,,,,,,,,1411.800048828125,,,,,96.42406463623048,102.75,,,1343.8653564453125,,,,,,,,1361.5999755859375,,,,3292.300048828125,,,,103.74260711669922,,,118.99459075927734,1099.986328125,2843.151611328125,,250.0,44.05545425415039,,,26.36562156677246,895.0,42701.609375,,,1144.9346923828125,14496.767578125,90.04654693603516,50.22240829467773,347.3193359375,,3076.46484375,,,,,3429.214599609375,1790.0,,,,1235.0701904296875,40.646026611328125,,166.8039093017578,,156677.75,797.7238159179688,,,4.099999904632568,,82.38999938964844,,,72966.328125,701.1954956054688,52.54999923706055,52.54999923706055,37068.0,,,42248.44140625,,,7537.7998046875,23354.27734375,,,,10400.0,,582.8152465820312,553928.8125,,69.08824920654297,,,149877.015625,,3475.78955078125,773577.375,,102613.1171875,492998.53125,1549.316162109375,91.41999816894533,,,,543726.375,13299.0,,3350.0,,,,420026.0,37.01801300048828,,,2.5390000343322754,6.699999809265137,339.3985900878906,3900.0,139.54721069335938,135110.96875,4.579999923706055,8100.10009765625,1578.9000244140625,,478.0,2495.514892578125,156.7686309814453,2747.562744140625,4615.25048828125,2996.430908203125,275.0,,,574.0,1.0658141374588013,212.3260498046875,241.7527618408203,,,,,,,249.8344268798828,147.75234985351562,78.51000213623047,287.1000061035156,,34600.0,37001.0,,47138.06640625,111.13501739501952,413.5862731933594,258.6000061035156,252051.0,,533957.8125,,,,4.5,67240.0,,794.5817260742188
2024-11-29,190.38999938964844,220000.0,,8.305000305175781,,,,281.8249206542969,19.700000762939453,143452.0,201820.0,2038.2646484375,2740.4580078125,6889.67529296875,,44700.0,458.7896728515625,26889.267578125,569.469970703125,,43.90182495117188,,1544.9000244140625,,,,,,,,,,1420.0,1396.6800537109375,,,,,,,,,,,,,,3380.1201171875,1572.469970703125,1707.300048828125,,,,,,,,,,,,16637.412109375,22410.0,,,,,,35361.6875,1393.9000244140625,1403.4000244140625,1232.199951171875,2618.39990234375,,,,,,,,115.0500030517578,140.67999267578125,,,,,,,10725.8515625,,,,,,,,,,,,,,,1648.800048828125,,12448.482421875,39085.3203125,,,,,,,,,,,,,,,,,703.4461059570312,17759.994140625,17362.916015625,1628.4000244140625,,,,1299.3699951171875,,,,8470.259765625,,,,,,,,,,,,1482.9000244140625,,,,,97.2265853881836,103.4499969482422,,,,,,,,,,,1367.4000244140625,,,,3295.60009765625,,,85.0,102.9552764892578,,,122.9744110107422,1070.8094482421875,,324519.625,,49.2849235534668,,115000.0,,880.0,41430.0,,1160.626708984375,1147.1544189453125,,90.4865264892578,52.7620735168457,366.830810546875,,2859.568359375,,,,,3279.167724609375,1749.800048828125,,444.811279296875,20252.626953125,1293.2552490234375,,,,,164717.046875,807.6176147460938,,,6.0,,70.05000305175781,,,73336.765625,716.2908935546875,,,53199.0,,,,,,7347.10009765625,,,,,10375.0,,602.8030395507812,586256.5,,69.08824920654297,,159.59925842285156,155505.875,,3639.5673828125,727463.6875,,102976.71875,,1623.328125,88.94999694824219,88.41999816894531,,,560985.875,13501.0,53.90877914428711,3350.0,,129.8231658935547,,413907.0,37.01888275146485,49.83705139160156,,2.365999937057495,6.0,416.2060852050781,3935.0,138.97731018066406,135233.96875,4.093999862670898,8100.10009765625,1572.0,,,2346.46337890625,156.36715698242188,2752.876220703125,4515.58154296875,3029.13671875,270.0,,,555.0,1.0759999752044678,,244.9667816162109,,,108.60177612304688,,,,238.21585083007807,157.85000610351562,72.0,283.0599975585937,,35019.0,37200.0,,,,,,335222.0,,,,,,,67240.0,,808.0399780273438
2024-12-30,214.94000244140625,248200.0,,9.097999572753906,,519800.0,,286.6097106933594,19.700000762939453,143452.0,221628.0,2263.458984375,2878.432373046875,6956.7998046875,,,470.75,26724.66015625,570.0,185.0,44.75336456298828,32.790000915527344,1556.0,,,,,,,,,,1429.0,1400.0,,,,,,,,2132.68994140625,,,,,,3377.340087890625,,,,,,,,,,,,,,16878.412109375,22448.98046875,1521.77001953125,,,,,34536.40234375,,1409.9000244140625,1237.5999755859375,2590.5,,,,,,,,115.79000091552734,141.3800048828125,,,,,,,11083.3701171875,,,1315.86767578125,,,,,,,,,,,,1666.219970703125,,12350.0810546875,39423.90625,,43240.1484375,,,,,,,,,,,1102.0,,,,701.4271850585938,17823.25,17423.869140625,1682.199951171875,,,,,,,,8701.009765625,,,,1223.6300048828125,,,,,,,,1477.4000244140625,,,,,97.85698699951172,,,,,,,,,,,,1395.0999755859375,,,,3342.300048828125,,,85.0,104.71519470214844,,,122.9000015258789,1086.1331787109375,2707.977294921875,,,52.31999969482422,,,,907.0,42000.0,85472.0625,1219.0999755859375,1198.5,14731.0,87.24665069580078,56.60110855102539,374.094970703125,,2952.800048828125,,,,,3492.810546875,1715.9000244140625,450.0,,,1324.3604736328125,,,,192853.0,188781.03125,855.0,,,9.0,,62.209999084472656,,,74081.234375,730.4221801757812,,,51505.0,,,,,,7613.60009765625,,,,,10165.0,,598.3767700195312,587969.6875,102077.3359375,70.2699966430664,,161.52828979492188,158818.328125,,4165.57080078125,784925.625,,107070.8671875,531337.4375,1630.0999755859375,,85.0,,,588324.3125,13907.0,,3400.0,,129.8231658935547,,426081.0,,50.3206901550293,,2.25,5.693999767303467,414.7300109863281,4000.0,135.9573974609375,134904.984375,4.289999961853027,,1588.9000244140625,,445.0,2446.679443359375,164.17999267578125,3000.0,,3277.0,271.8999938964844,,,559.0,1.0609999895095823,,243.1249237060547,,,,,,,,159.89999389648438,82.13999938964844,283.0599975585937,,35009.0,36600.0,,,,412.5989379882813,,420969.0,,,,,,,90258.0,,799.5700073242188
2025-01-31,205.66000366210932,234500.0,,11.470000267028809,,,,306.4424743652344,19.56999969482422,,231372.0,2450.800048828125,3280.0,7599.2998046875,,,473.9700012207031,29053.384765625,621.0,185.0,47.97031021118164,35.5099983215332,1640.0,,,,,,,,38275.46875,,1437.3499755859375,1414.0,,,,,,,,2131.60009765625,,,,,,3458.239990234375,1608.6199951171875,1870.5400390625,,,1056.5400390625,,,,,,,,,16972.310546875,22963.16015625,1533.8900146484375,,,,,34591.7265625,1378.25,1423.4000244140625,1242.5999755859375,2662.5,,,,,,,,116.72000122070312,142.38999938964844,,115.4800033569336,,,,8380.3203125,10681.599609375,,,,,,,,,,,,,,,1659.5,,12177.73046875,,38429.0390625,46547.4609375,,,,,,,,,,,1113.550048828125,,,,,18009.19140625,17601.982421875,1709.199951171875,,,,,,,,8830.919921875,,,,,,,,,,,,1506.0,,,,,98.70911407470705,104.88999938964844,,,,,,,,,,,1496.0,,,,3593.199951171875,,,,112.57925415039062,,,132.0,1118.019775390625,,,,60.95000076293945,,,,979.989990234375,42718.0,,,1275.5,15000.0,88.26000213623047,58.29999923706055,385.2900085449219,,3098.89990234375,,,,,3720.0,1802.0,410.1499938964844,,31650.0,1320.27783203125,,,201.4232177734375,,188781.03125,942.239990234375,,,12.6899995803833,,75.0,,,77928.328125,765.0,,,59212.0,,,,,,8738.099609375,,,,21000.0,11020.0,,610.8978271484375,599473.875,103819.4296875,69.05999755859375,,161.9180908203125,158968.25,,4237.74462890625,813158.5625,,104800.9296875,555159.125,1759.9000244140625,92.98999786376952,90.0,,,687978.875,14512.0,,3800.0,,137.8800048828125,,411578.0,,,,2.1480000019073486,6.0,425.8500061035156,3920.699951171875,,122605.984375,4.447999954223633,8563.400390625,1684.800048828125,6117.10009765625,510.0,2600.0,182.63999938964844,3404.0,4746.1494140625,3510.0,285.70001220703125,,,595.0,1.069000005722046,,248.2821350097656,,,,,,,,177.89999389648438,88.0199966430664,320.04998779296875,,36989.0,38750.0,,,100.7081527709961,412.6953430175781,,385600.0,,536646.0,,,,4.000999927520752,90258.0,,884.969970703125
2025-02-28,214.3300018310547,221600.0,,12.920000076293944,,,,308.8861694335937,19.5,,202630.0,2450.0,3200.0,7760.60009765625,,43802.0,467.0299987792969,31372.427734375,680.010009765625,184.759994506836,49.19085693359375,40.54999923706055,1785.0,,,,,,,,38682.9296875,,1441.9599609375,,,,,,,,,2044.3199462890625,,,,,,3243.18994140625,1554.6800537109375,1876.260009765625,,,,,,,,,,,,17189.349609375,23571.0,,,,,,35766.19921875,1382.5999755859375,1435.4000244140625,1246.699951171875,2547.199951171875,,,,,,,,117.45999908447266,143.1300048828125,,116.44000244140624,,,944.239990234375,,10806.1103515625,,,,,,,,,,,,,,,1669.0,,11751.46875,40131.53125,,47401.03125,,,,,,,,,,,,,,,,18148.087890625,18052.8359375,1587.0,,,,1278.489990234375,,,,9006.0703125,,,,,,,,,,,,1421.199951171875,,,,,99.24874114990234,105.81999969482422,,1346.3800048828125,,,,,,,,,1518.800048828125,,,,3644.800048828125,,,,115.13577270507812,,,137.99000549316406,1219.5582275390625,2707.478515625,,,63.61000061035156,,,,1015.0,42013.0,,1239.9000244140625,1285.4000244140625,15211.0,87.1500015258789,63.45000076293945,438.8299865722656,,3043.0,,,,,3760.0,1900.0,,,,1415.0,,78261.8515625,170.13998413085938,172770.0,188781.03125,1059.0999755859375,,,12.899999618530272,,70.0,,,78278.703125,823.0,54.65999984741211,54.65999984741211,46007.0,,,,,,9640.400390625,,,,,11400.0,,587.181640625,563745.125,95808.1953125,71.08999633789062,,152.89266967773438,148823.453125,,4252.96484375,880520.0,109.1152572631836,101191.125,536674.1875,1900.0,93.27999877929688,,,,660713.25,15541.0,,,,,,383279.0,,50.57414245605469,,2.1589999198913574,5.89900016784668,424.989990234375,4000.0,,121056.984375,4.400000095367432,,1730.199951171875,,510.2799987792969,2818.699951171875,193.3999938964844,3950.0,4700.7763671875,3550.0,311.0,,,640.0,1.5269999504089355,212.3260498046875,241.3751678466797,100.34175872802734,,,,,,,181.9900054931641,81.0,331.25,,34220.0,36741.0,,,101.05462646484376,443.4474487304688,,278110.0,,450817.5,,,,,89417.0,,930.6900024414062
2025-03-31,225.3000030517578,,,12.699999809265137,53207.0,519800.0,,334.51593017578125,19.0,,180202.0,2729.699951171875,3550.0,7699.0,,39395.0,464.9400024414063,33977.11328125,734.6199951171875,188.4900054931641,51.10209655761719,,1866.0,,,,,,,,39230.3984375,,1456.0,,,,,,,,,1999.8900146484373,,,,,2628.56005859375,3049.68994140625,1563.1300048828125,,,,,,,,,12800.0,,,,17040.990234375,24039.8203125,,,,,,35465.8515625,,1442.5999755859375,1252.4000244140625,2425.699951171875,,,,,,,,118.1999969482422,143.9600067138672,,117.47000122070312,,,,,,,,1279.9539794921875,,,,,,,,,,,,1646.4000244140625,,11602.931640625,40508.25,,49578.3515625,,,,,,,,,,,,,,,,18435.568359375,18179.599609375,1449.5999755859375,,,,,,,,9484.259765625,9450.1103515625,,,,,,,,,,,1332.199951171875,,,,,100.01000213623048,106.30999755859376,,,,,,,,,,,1558.0999755859375,,,,3761.89990234375,,,,125.5,,,133.5,1215.0,2855.122802734375,,250.0,71.18000030517578,,,,977.0,41035.0,,,1405.0,15682.0,92.4000015258789,62.43999862670898,434.3999938964844,,2910.0,,,,,3960.0,2100.10009765625,,,,1420.0,,,,172770.0,151161.0,1100.0,,,13.100000381469728,,71.16000366210938,,,78636.0390625,840.0,58.91999816894531,58.91999816894531,45018.0,,,,,,10698.0,,,,,12899.0,,556.8800048828125,527344.0,,70.41999816894531,,137.22999572753906,131495.0,,4492.89990234375,786004.0,,101587.3125,520858.1875,1964.9000244140625,91.5999984741211,98.5,,571.2000122070312,555076.0,15749.0,,,,,388.8200073242188,363040.0,,50.75366973876953,,2.134999990463257,6.199999809265137,417.7999877929688,4250.0,104.5999984741211,100468.0,4.498000144958496,,1890.0,,483.8900146484375,2819.60009765625,217.1499938964844,4399.0,4841.072265625,3699.0,363.6900024414063,,,669.7999877929688,1.4989999532699585,,260.788330078125,100.65397644042967,,109.80640411376952,,,,206.3600006103516,176.0,81.06999969482422,335.0,,36374.0,37800.0,,46832.0,,460.0,271.8299865722656,254100.0,,,40.619998931884766,,,,82880.0,,912.8699951171876
