Date,AALLON.HE,ACG1V.HE,ADMCM.HE,ADMIN.HE,AFAGR.HE,AIFORIA.HE,ALBAV.HE,ALBBV.HE,ALEX.HE,ALISA.HE,ALMA.HE,ANORA.HE,APETIT.HE,ARVOSK.HE,ASPO.HE,BEER.HE,BETOLAR.HE,BITTI.HE,BOREO.HE,BRETEC.HE,BULL-NOKIA-X3-H.HE,BULL-OMXH15-X3-H.HE,BULL-VEHNA-X2-H.HE,CAPMAN.HE,CTY1S.HE,DETEC.HE,DIGIA.HE,DIGIGR.HE,DOV1V.HE,DWF.HE,EAGLE.HE,EEZY.HE,ELEAV.HE,ELISA.HE,ENENTO.HE,EQV1V.HE,ERIBR.HE,ESENSE.HE,ETTE.HE,EVLI.HE,EXL1V.HE,FARON.HE,FIA1S.HE,FODELIA.HE,FONDIA.HE,FORTUM.HE,FSECURE.HE,GLA1V.HE,GRK.HE,HARVIA.HE,HEEROS.HE,HIAB.HE,HONBS.HE,HUH1V.HE,IFA1V.HE,ILKKA1.HE,INVEST.HE,KALMAR.HE,KCR.HE,KEMIRA.HE,KEMPOWR.HE,KESKOA.HE,KESKOB.HE,KHG.HE,KOSKI.HE,KSL.HE,LAMOR.HE,LAT1V.HE,LEADD.HE,LINDEX.HE,LOIHDE.HE,MARAS.HE,MEKKO.HE,MUSTI.HE,NANOFH.HE,NDA-FI.HE,NESTE.HE,NETUM.HE,NLG1V.HE,NOKIA.HE,NORRH.HE,OMASP.HE,ORIOLA.HE,ORNAV.HE,ORNBV.HE,ORTHEX.HE,OUT1V.HE,OVARO.HE,PIHLIS.HE,PIIPPO.HE,PNA1V.HE,PON1V.HE,PUUILO.HE,QTCOM.HE,RAIKV.HE,RAIVV.HE,RAUTE.HE,REBL.HE,REG1V.HE,RELAIS.HE,REMEDY.HE,ROBIT.HE,SAMPO.HE,SANOMA.HE,SIILI.HE,SITOWS.HE,SPINN.HE,SPRING.HE,SSH1V.HE,TALLINK.HE,TEKOVA.HE,TIETO.HE,TITAN.HE,TLT1V.HE,TNOM.HE,TOKMAN.HE,TRH1V.HE,TTALO.HE,UNITED.HE,UPM.HE,VAIAS.HE,VALMT.HE,VIAFIN.HE,VIK1V.HE,VINCIT.HE,WETTERI.HE,WITTED.HE,WRT1V.HE,^OMXH25
2022-04-29,9.659150123596191,5.75942325592041,58.41025924682617,3.587288856506348,0.5220000147819519,4.513500213623047,28.632951736450195,27.744647979736328,6.588451862335205,,8.61577320098877,7.120898246765137,10.491958618164062,,6.228282928466797,,4.800000190734863,5.286071300506592,40.10128784179688,2.059999942779541,,,,2.3071649074554443,5.297972202301025,20.81734848022461,6.309433460235596,0.025000000372529,0.5730130672454834,4.297477722167969,0.1014999970793724,5.270368099212647,6.233463764190674,49.59781646728516,20.577205657958984,20.397232055664062,1.526328206062317,7.421332836151123,14.06598949432373,15.253755569458008,5.809091091156006,2.7100000381469727,,6.572637557983398,5.608256340026856,13.024945259094238,,1.833043098449707,,30.45697593688965,4.0,,4.441011428833008,32.91048049926758,1.0642188787460327,4.343136310577393,4.797720432281494,,23.45825386047364,11.140816688537598,11.979999542236328,18.943038940429688,20.33731842041016,,,,4.400000095367432,8.723215103149414,11.949999809265137,2.009999990463257,12.649574279785156,2.4615612030029297,12.2633056640625,21.93272399902344,4.335000038146973,7.525611400604248,36.92153549194336,4.035988807678223,1.01478374004364,4.465483665466309,3.4528305530548096,18.081485748291016,,35.16016387939453,34.11253356933594,6.5015363693237305,4.070178031921387,3.031822681427002,11.011967658996582,2.99399995803833,0.540296733379364,27.56790542602539,5.731816291809082,84.12000274658203,2.3870716094970703,2.0567212104797363,11.754182815551758,5.949999809265137,43.858985900878906,17.00010871887207,31.36422348022461,2.583484172821045,7.105223178863525,10.61103057861328,13.980533599853516,6.0153632164001465,8.0,6.065878868103027,2.5,0.5346478819847107,,20.343868255615234,10.915630340576172,4.610000133514404,9.395638465881348,11.01435089111328,5.958272933959961,9.553857803344728,12.274133682250977,29.055503845214844,41.49685287475586,22.58381462097168,12.869747161865234,10.853645324707031,5.153742790222168,0.3580000102519989,,7.132544040679932,4882.68017578125
2022-05-31,9.425837516784668,5.798076629638672,47.57609939575195,3.404067277908325,0.3199999928474426,5.0,26.75391387939453,25.74424934387207,6.70550537109375,,8.782642364501953,6.879141330718994,9.498602867126465,,6.359866619110107,,4.739500045776367,5.922357559204102,40.199337005615234,1.875,,,,2.256917953491211,5.863089561462402,21.00574111938477,6.647765159606934,0.023199999704957,0.545992910861969,4.2141852378845215,0.1049999967217445,4.803136348724365,5.943535804748535,46.87599182128906,21.587696075439453,19.9188289642334,1.5142364501953125,7.091064929962158,15.941454887390137,14.413960456848145,6.048831462860107,2.789999961853028,,5.672013759613037,5.793514728546143,14.089879035949709,,1.7355806827545166,,30.67969512939453,3.5999999046325684,,4.975406646728516,32.66454315185547,1.046181321144104,4.216637134552002,4.579642295837402,,25.02213859558105,11.336895942687988,13.170000076293944,18.26650047302246,19.736421585083008,,,,4.639999866485596,9.081704139709473,9.760000228881836,2.5,11.488046646118164,2.835105657577514,12.630470275878906,17.792264938354492,3.7899999618530273,7.441556453704834,38.27472686767578,3.9777777194976807,0.8776760101318359,4.309436798095703,3.3388922214508057,19.643741607666016,,34.47700119018555,34.804988861083984,6.056986808776856,4.6039862632751465,2.926617383956909,10.95421314239502,3.291417121887207,0.5668686628341675,25.742525100708008,4.729903697967529,80.5,2.369389533996582,1.840466380119324,11.663765907287598,6.199999809265137,46.31370544433594,15.58723258972168,29.47241401672364,2.6623692512512207,6.763469696044922,11.034063339233398,12.912253379821776,5.440150260925293,7.5,5.5703558921813965,2.369999885559082,0.500774621963501,,19.98695945739746,10.584854125976562,4.690000057220459,9.9683256149292,10.978819847106934,5.337072372436523,9.393138885498049,12.23106575012207,29.01152992248535,41.02422332763672,23.103084564208984,12.963345527648926,10.809162139892578,5.013266563415527,0.421999990940094,5.28000020980835,7.306734561920166,4859.16015625
2022-06-30,9.14586067199707,5.662788391113281,47.48188781738281,3.280633449554444,0.3880000114440918,4.245500087738037,26.843393325805664,25.918197631835938,6.437953948974609,,8.65090274810791,6.638970851898193,8.501031875610352,,6.754616737365723,,4.379000186920166,5.011978626251221,39.61105346679688,1.565000057220459,,,,2.349037170410156,5.180030822753906,18.462448120117188,6.217992782592773,0.0211999993771314,0.5338804721832275,4.422415733337402,0.0900000035762786,4.653622627258301,5.55696439743042,47.694313049316406,19.06147575378418,17.483341217041016,1.4091777801513672,7.382477760314941,14.769288063049316,14.415637016296388,5.495584487915039,2.4549999237060547,,5.921122550964356,5.641939640045166,11.726547241210938,,1.5369073152542114,,25.1116943359375,3.7200000286102295,,4.533148288726807,34.431663513183594,1.0551999807357788,4.014238834381104,4.445440769195557,,20.23771476745605,10.3921537399292,11.637999534606934,17.69024658203125,19.28311920166016,,,,4.547500133514404,9.167057991027832,9.619999885559082,2.3499999046325684,9.346905708312988,2.691434621810913,11.327035903930664,16.63996696472168,3.515000104904175,6.59551477432251,37.8535385131836,3.91956639289856,0.7265776991844177,4.087105751037598,3.3388922214508057,19.04287338256836,,38.62153244018555,38.813941955566406,5.538345813751221,3.391958475112915,2.859668731689453,11.050471305847168,3.2715892791748047,0.59416663646698,23.63631629943848,4.26271915435791,70.4000015258789,2.0422723293304443,1.785252571105957,10.307513236999512,5.650000095367432,40.77140808105469,15.496078491210938,24.14547348022461,2.248222827911377,6.673460960388184,11.721487045288086,13.00514793395996,5.235413074493408,6.800000190734863,5.416574001312256,2.2699999809265137,0.476056307554245,,20.02095031738281,10.295424461364746,3.799999952316284,8.679780006408691,9.975092887878418,5.232081413269043,9.125273704528809,11.628125190734863,25.51150321960449,38.661075592041016,20.60354804992676,12.963345527648926,10.720197677612305,4.890348434448242,0.5099999904632568,4.735000133514404,6.88422966003418,4494.8798828125
2022-07-29,9.14586067199707,6.377884387969971,55.96079635620117,3.316795825958252,0.3589999973773956,3.775500059127808,26.39600372314453,25.2224063873291,6.605173587799072,,8.993425369262695,7.11931037902832,8.674522399902344,,6.605489253997803,,4.14900016784668,5.11965799331665,42.1602783203125,1.820000052452088,,,,2.5123391151428223,5.555742740631104,16.060443878173828,6.766639232635498,0.0238000005483627,0.5534467101097107,4.35250997543335,0.0725999996066093,4.803136348724365,5.60528564453125,48.067901611328125,21.6795597076416,19.57090377807617,1.4567514657974243,5.498003005981445,16.082115173339844,15.002318382263184,6.177922248840332,2.319999933242798,,5.882798194885254,5.709306240081787,8.941339492797852,2.828052520751953,1.5931357145309448,,19.28385353088379,3.440000057220459,,4.514720916748047,34.62295150756836,0.8450619578361511,4.014238834381104,4.411889553070068,,23.77157592773437,11.05168914794922,13.732000350952148,18.975250244140625,20.662317276000977,,,,4.700500011444092,9.798680305480955,10.0,2.5,10.252772331237791,3.256540298461914,12.428529739379885,19.745311737060547,3.5,7.5523200035095215,44.87938690185547,3.880758762359619,0.5782775282859802,4.71306037902832,3.3537538051605225,20.15216636657715,,42.49279022216797,42.46755599975586,5.945849418640137,3.675624370574951,2.850104570388794,10.203397750854492,3.4200000762939453,0.5845833420753479,24.61921501159668,4.434229373931885,78.45999908447266,2.166046619415283,1.992305040359497,9.04167938232422,5.449999809265137,48.08763122558594,14.447813987731934,26.236421585083008,2.2334320545196533,6.7731122970581055,12.162145614624023,13.934086799621582,5.313408374786377,7.474999904632568,5.211529731750488,2.2699999809265137,0.4833802878856659,,22.51932144165039,11.28775405883789,3.799999952316284,10.004117965698242,11.387417793273926,5.1620869636535645,8.187745094299316,11.75732707977295,27.164783477783203,42.631160736083984,23.83358192443848,12.916545867919922,10.942608833312988,5.75076961517334,0.7049999833106995,5.360000133514404,7.920107841491699,4795.5498046875
2022-08-31,9.379173278808594,6.513172626495361,54.64185333251953,2.506762742996216,0.3810000121593475,3.507499933242798,27.2907829284668,26.17912101745605,5.953016757965088,,8.519163131713867,6.964915752410889,8.891386032104492,,6.754616737365723,,3.9695000648498535,4.679152011871338,39.21886444091797,1.8600000143051147,,,,2.315539121627808,5.643674373626709,16.672719955444336,6.135695457458496,0.0243999995291233,0.5786033868789673,3.8671350479125977,0.0693999975919723,3.906052589416504,6.3784284591674805,47.37409973144531,22.73597717285156,19.78835868835449,1.4817277193069458,5.731134414672852,14.06598949432373,15.672815322875977,5.901298522949219,2.0999999046325684,,4.4935383796691895,5.456682205200195,8.392487525939941,2.332793712615967,1.7318322658538818,,15.00576877593994,3.740000009536743,,4.201454162597656,31.80830192565918,0.8432582020759583,3.8287062644958496,4.443647384643555,,21.37619972229004,10.695184707641602,18.440000534057617,17.561748504638672,17.97244644165039,,,,4.561999797821045,9.132916450500488,6.539999961853027,2.3499999046325684,10.376299858093262,3.275696277618408,9.023077011108398,19.276580810546875,3.670000076293945,7.280518054962158,44.13557434082031,3.841951131820679,0.7293758392333984,4.632646083831787,3.4825539588928223,17.10161018371582,,40.98983001708984,41.15553283691406,4.769645690917969,3.449551105499268,2.8692328929901123,9.818363189697266,3.039999961853028,0.6401666402816772,24.61921501159668,4.248426914215088,50.720001220703125,1.962703347206116,1.9969061613082888,8.589593887329102,5.599999904632568,43.30283737182617,9.935720443725586,22.900861740112305,2.376411199569702,7.248870372772217,11.985882759094238,13.934086799621582,5.157418251037598,6.835000038146973,5.177356243133545,2.0299999713897705,0.4577464759349823,,21.686532974243164,12.11469554901123,3.859999895095825,9.735671043395996,10.579106330871582,5.092092990875244,7.902021884918213,12.144930839538574,29.802993774414062,41.49685287475586,22.266969680786133,13.197340965270996,11.12053680419922,4.662074089050293,0.6850000023841858,5.179999828338623,7.629173278808594,4701.919921875
2022-09-30,8.604576110839844,5.701442241668701,44.23163604736328,2.111871719360352,0.3030000030994415,3.470000028610229,30.42251205444336,27.22280502319336,4.799201965332031,,6.97341775894165,5.832687854766846,8.761268615722656,,6.465133190155029,,3.5,3.636621236801148,35.591121673583984,1.7100000381469729,,,,2.13308048248291,5.211815357208252,16.437231063842773,5.395023345947266,0.0226000007241964,0.5152458548545837,2.875065803527832,0.0898000001907348,3.43882155418396,5.7985711097717285,41.22774124145508,19.24520301818848,20.005815505981445,1.573686957359314,5.362010002136231,11.815431594848633,13.661330223083496,4.924550533294678,1.9539999961853027,,4.551024913787842,4.985116958618164,11.280095100402832,2.286202907562256,1.6643582582473757,,13.01056671142578,3.5,,3.639417886734009,30.188146591186523,0.7720096707344055,3.626307964324951,4.11640214920044,,18.652942657470703,10.115862846374512,17.59000015258789,15.99258041381836,16.611665725708008,,,,3.930000066757202,8.5098295211792,5.460000038146973,2.095000028610229,9.346905708312988,2.6148102283477783,7.985835552215576,17.401655197143555,3.1449999809265137,6.912879467010498,40.522216796875,3.7061245441436768,0.6642469763755798,4.085916042327881,2.972307682037353,16.140220642089844,,39.532413482666016,39.25128555297852,3.648153305053711,3.0429630279541016,2.802284240722656,8.9231595993042,3.0999999046325684,0.5711666941642761,23.12146759033203,4.3073835372924805,39.25,1.7682011127471924,1.7355599403381348,7.5950093269348145,5.150000095367432,36.55235290527344,8.039730072021484,18.20120620727539,2.16440749168396,7.033493995666504,10.80492115020752,12.726466178894045,3.894874572753906,4.668000221252441,4.856074810028076,1.7450000047683716,0.4073943495750427,,20.3573055267334,10.87428379058838,3.299999952316284,7.874440670013428,9.930682182312012,5.092092990875244,7.38415002822876,10.594514846801758,28.650978088378903,35.3526725769043,18.33284568786621,12.635751724243164,10.987091064453123,3.61727786064148,0.7749999761581421,4.889999866485596,6.20617151260376,4382.3798828125
2022-10-31,8.455256462097168,6.4551920890808105,42.77138519287109,2.0250821113586426,0.4009999930858612,3.274499893188477,31.22781562805176,27.831621170043945,4.983143329620361,,7.359854221343994,6.021392345428467,8.848012924194336,,7.017784118652344,,2.900000095367432,3.758984088897705,32.64970016479492,1.4950000047683716,,,,2.13308048248291,5.134451866149902,14.129423141479492,5.440743446350098,0.0226000007241964,0.562764048576355,3.0867667198181152,0.0873999968171119,3.694190263748169,5.7985711097717285,43.50483322143555,19.291133880615234,18.005231857299805,1.4090101718902588,5.866486549377441,12.284297943115234,13.242271423339844,4.813469886779785,2.049999952316284,,4.119875431060791,5.776672840118408,11.669203758239746,2.664984941482544,1.623124122619629,,13.614738464355469,3.569999933242798,,3.768409967422485,33.59886932373047,0.8793334364891052,4.115437984466553,4.426424026489258,,23.18866920471192,12.16596508026123,20.450000762939453,16.895524978637695,17.09322738647461,,,,3.950500011444092,8.492757797241211,7.179999828338623,2.0899999141693115,9.758663177490234,2.8159494400024414,8.380537986755371,18.573484420776367,2.650000095367432,7.601024627685547,40.10614013671875,3.744932174682617,0.6999996900558472,4.185305595397949,3.0317537784576416,18.39578628540039,,42.26507186889648,42.41288757324219,4.2735514640808105,3.4925312995910645,2.7544636726379395,8.990540504455566,2.940000057220459,0.574999988079071,23.542709350585938,4.692934989929199,43.2599983215332,1.7947241067886353,1.801816701889038,8.770428657531738,4.820000171661377,36.11126708984375,9.297647476196287,18.918102264404297,2.198919773101806,7.438530445098877,10.671675682067873,13.934086799621582,3.987493753433228,3.946000099182129,4.388125419616699,1.7599999904632568,0.4165492951869964,,21.12748908996582,10.95697784423828,3.5799999237060547,8.053404808044434,10.872231483459473,4.409646987915039,5.6866607666015625,11.326655387878418,29.82058334350586,37.1959228515625,20.26910781860352,13.103741645812988,10.54227066040039,3.7928738594055176,0.7200000286102295,4.255000114440918,6.506014823913574,4606.52978515625
2022-11-30,9.052536010742188,7.266922950744629,43.52506256103516,2.748326063156128,0.3370000123977661,3.309999942779541,32.92789077758789,30.87570571899414,5.66874361038208,0.3785000145435333,8.694816589355469,6.338759422302246,8.761268615722656,,7.171416282653809,,2.900000095367432,3.631726980209351,40.131744384765625,1.4199999570846558,,,,2.2317943572998047,5.260675430297852,17.7559757232666,5.376734733581543,0.0218000002205371,0.5581053495407104,3.619241714477539,0.0920000001788139,3.01218581199646,6.233463764190674,44.26089096069336,20.255687713623047,20.5277042388916,1.4795860052108765,5.895868301391602,13.362689971923828,12.823212623596191,5.035630226135254,3.539999961853028,,4.570186614990234,5.742989540100098,12.463808059692385,2.8327114582061768,1.7318322658538818,,17.653654098510742,4.800000190734863,,4.376514911651611,32.424991607666016,0.927133083343506,4.287631988525391,4.228354454040527,,25.529396057128903,12.64859676361084,24.450000762939453,17.364364624023438,17.778690338134766,1.1759999990463257,,,4.622000217437744,9.26948356628418,8.100000381469727,1.868000030517578,9.882189750671388,2.3466246128082275,8.35300064086914,14.90175437927246,3.039999961853028,7.864970684051514,44.62871551513672,3.754633903503418,0.645429790019989,4.320884704589844,3.462738275527954,16.93521499633789,,45.72643280029297,46.23050308227539,5.42011308670044,4.104562282562256,2.8214123249053955,8.345608711242676,3.059999942779541,0.6018333435058594,24.291582107543945,5.107017993927002,45.16999816894531,1.8654521703720093,1.9324897527694704,8.589593887329102,4.78000020980835,38.94953918457031,9.798991203308104,23.89655113220215,2.455296039581299,7.801777362823486,10.131793022155762,13.516064643859863,4.772318363189697,7.355000019073486,3.814225912094116,1.820000052452088,0.4499647915363312,,22.68535423278809,12.073349952697754,3.75,8.545557022094727,11.653894424438477,4.82961368560791,5.677577018737793,11.58505916595459,30.75275039672852,38.09391784667969,21.580480575561523,12.916545867919922,10.809162139892578,3.9377408027648926,0.8100000023841858,3.849999904632568,7.767615795135498,4925.6201171875
2022-12-30,9.752473831176758,7.092980861663818,43.80769729614258,2.565104484558105,0.3529999852180481,3.2300000190734863,33.64371871948242,31.484521865844727,5.250694751739502,0.3630000054836273,8.255683898925781,6.313026905059815,8.848012924194336,,7.387639999389648,,3.049999952316284,3.891135931015015,36.28619384765625,1.4049999713897705,,,,2.3219244480133057,5.192835330963135,15.919149398803713,5.221284866333008,0.0186000000685453,0.5431976914405823,3.911755561828613,0.0802000015974044,2.955352067947388,5.895214080810547,43.994049072265625,19.65858268737793,22.13686752319336,1.372971534729004,5.572673320770264,13.69089698791504,12.69749355316162,5.03831672668457,3.4049999713897705,,4.071969032287598,5.574573040008545,12.730040550231934,2.637030601501465,1.6905981302261353,,16.762435913085938,6.139999866485596,,3.99875283241272,29.57809829711914,0.94877827167511,4.0293402671813965,4.133625507354736,,26.194271087646484,13.049272537231444,21.21999931335449,17.894088745117188,18.11631965637207,1.1779999732971191,5.635951042175293,,4.498000144958496,9.081704139709473,8.100000381469727,1.972000002861023,10.829232215881348,2.3466246128082275,8.040910720825195,15.243536949157717,3.200000047683716,7.879110813140869,38.91218566894531,3.638211250305176,0.5645159482955933,4.018154621124268,3.096153736114502,17.212541580200195,,46.54622268676758,46.68606948852539,4.429900646209717,4.066739559173584,2.6970789432525635,8.201221466064453,3.4800000190734863,0.5922499895095825,23.683120727539062,5.3784708976745605,44.5,2.3163435459136963,2.2913806438446045,7.46842622756958,3.799999952316284,37.01261138916016,9.297647476196287,21.75581932067871,2.588414669036865,7.846781253814697,8.836073875427246,14.955920219421388,5.01117753982544,5.440000057220459,3.4345695972442627,2.299999952316284,0.4604929685592651,,23.21048164367676,12.858943939208984,3.539999961853028,8.142887115478516,10.028388023376465,4.420919895172119,5.677577018737793,11.714261054992676,30.717573165893555,37.29045104980469,22.143754959106445,12.916545867919922,11.165020942687988,3.65239691734314,0.7099999785423279,3.900000095367432,7.418742179870605,4825.43994140625
2023-01-31,10.405750274658203,7.595480918884277,40.88718032836914,2.892974853515625,0.4510000050067901,3.494999885559082,33.64371871948242,31.6584701538086,6.053348064422607,0.3785000145435333,8.431336402893066,6.313026905059815,9.10824966430664,,7.504761695861816,,3.0850000381469727,4.033076763153076,37.86385726928711,2.150000095367432,,,,2.399178981781006,5.749061107635498,18.839229583740234,5.788219451904297,0.025399999693036,0.5469246506690979,4.090238571166992,0.089599996805191,3.1258533000946045,7.296535968780518,46.59135055541992,19.750444412231445,20.397232055664062,1.3266719579696655,6.30720853805542,14.347309112548828,15.211847305297852,5.001133441925049,3.400000095367432,,4.158199787139893,5.793514728546143,11.316957473754885,2.725552797317505,1.7430778741836548,,18.962034225463867,5.860000133514404,,4.127744674682617,31.72250747680664,1.046181321144104,3.78826904296875,4.96035099029541,,27.150598526000977,13.568329811096191,22.989999771118164,18.68547439575196,18.77525520324707,1.1820000410079956,5.698771953582764,,4.401999950408936,9.849893569946287,8.960000038146973,2.055000066757202,10.705705642700195,2.3657805919647217,8.444790840148926,15.175180435180664,2.900000095367432,8.430570602416992,39.64484405517578,3.4441733360290527,0.757392168045044,4.059388160705566,3.62621545791626,17.323469161987305,,44.90663146972656,44.81825637817383,5.296928882598877,4.509430408477783,2.7640275955200195,8.432241439819336,3.3399999141693115,0.6804166436195374,24.572410583496094,5.815558910369873,53.63999938964844,2.1925694942474365,2.2407679557800293,9.023594856262209,4.599999904632568,35.9962043762207,9.662261009216309,21.20818901062012,3.189912796020508,7.742308139801025,8.791085243225098,15.141706466674805,4.894185543060303,6.800000190734863,4.061444282531738,2.0999999046325684,0.4943661987781524,,24.45327377319336,14.05801010131836,4.190000057220459,8.133938789367676,10.50804615020752,5.11614465713501,6.504231929779053,11.80039405822754,29.240175247192383,37.29045104980469,25.320980072021484,13.103741645812988,12.010180473327637,3.907010793685913,0.800000011920929,3.880000114440918,8.222094535827637,4938.43994140625
2023-02-28,10.125775337219238,7.344230651855469,40.27481842041016,3.027980327606201,0.515999972820282,4.300000190734863,35.43328094482422,34.70255661010742,5.969738960266113,0.3549999892711639,8.431336402893066,5.53247594833374,9.802210807800291,,7.432686805725098,,2.9200000762939453,4.160333633422852,37.76525115966797,2.299999952316284,,,,2.592315196990967,5.778119087219238,18.36824989318848,5.413311004638672,0.0245999991893768,0.5590371489524841,4.224101543426514,0.0988000035285949,3.1353254318237305,6.571714401245117,47.78326797485352,17.582489013671875,18.266176223754883,1.3111554384231567,5.69019889831543,13.409576416015623,16.427122116088867,4.5735273361206055,3.759999990463257,,4.340240478515625,6.820852279663086,11.845327377319336,3.098278284072876,1.8836486339569087,,20.403148651123047,5.599999904632568,,4.0079665184021,30.862897872924805,1.1544069051742554,3.97768235206604,4.839786529541016,,29.354705810546875,16.50965118408203,25.799999237060547,18.113916397094727,18.072389602661133,1.0779999494552612,5.7256951332092285,,4.5,9.337766647338867,11.100000381469728,1.9600000381469729,11.693924903869627,2.3178904056549072,8.453970909118652,17.333297729492188,2.2300000190734863,9.40622901916504,41.32723617553711,3.7158265113830566,0.8749996423721313,4.085508823394775,3.4478769302368164,19.22775650024414,,41.08091354370117,40.59063720703125,4.737861633300781,4.882494449615479,2.7640275955200195,7.7873101234436035,3.0799999237060547,0.621999979019165,24.99365234375,5.953585624694824,70.22000122070312,2.289820432662964,2.388005256652832,8.354510307312012,4.199999809265137,33.46477127075195,10.482640266418455,22.00474166870117,2.208780527114868,7.399956226348877,7.927273273468018,14.955920219421388,4.762568950653076,6.125,4.18505334854126,1.9800000190734863,0.5053520798683167,,26.308712005615234,15.505156517028809,3.7699999809265137,7.355443477630615,11.95590114593506,4.777445793151856,6.585988521575928,13.566147804260254,30.17234230041504,39.08644104003906,27.52127456665039,12.495354652404783,12.54396629333496,3.994809627532959,0.7850000262260437,3.6050000190734863,8.633197784423828,5027.02001953125
2023-03-31,10.19157886505127,6.28125,41.92201614379883,3.2160236835479736,0.6039999723434448,4.275000095367432,36.603816986083984,33.51405715942383,5.747540473937988,0.340499997138977,8.123944282531738,4.751925468444824,11.71060562133789,,7.711976051330566,,2.789999961853028,4.277801990509033,38.35688018798828,2.940000057220459,,,,2.473123073577881,5.332262992858887,18.45863914489746,5.344963550567627,0.0211999993771314,0.5639367699623108,4.75955057144165,0.0829999968409538,3.069019556045532,6.716678142547607,49.41992568969727,15.047082901000977,17.42206573486328,1.8002642393112185,5.572673320770264,14.534855842590332,16.15103530883789,4.331836223602295,3.5450000762939453,,4.1869425773620605,7.167277812957764,11.562710762023926,3.0466089248657227,1.8930199146270752,,20.78238868713379,4.920000076293945,,4.054035186767578,31.611591339111328,1.1039016246795654,4.115437984466553,4.512540817260742,,29.2911376953125,15.06107234954834,24.799999237060547,17.791337966918945,17.640708923339844,1.0199999809265137,5.833388328552246,,4.25,9.032137870788574,10.949999809265137,2.069999933242798,13.711538314819336,2.3499999046325684,8.958822250366211,15.731799125671388,1.590000033378601,8.379395484924316,41.55849838256836,3.700000047683716,0.7997308969497681,4.2123799324035645,3.2001845836639404,18.49990463256836,,40.20335388183594,38.97930908203125,4.775763988494873,4.5291595458984375,2.8214123249053955,7.190507411956787,3.0999999046325684,0.6119999885559082,26.35098457336425,6.183631896972656,67.04000091552734,2.210251569747925,2.3097853660583496,8.770428657531738,3.859999895095825,37.440521240234375,9.935720443725586,21.70603370666504,2.1791985034942627,6.988489627838135,7.297410011291504,14.257996559143066,4.084987640380859,5.820000171661377,3.831884622573853,1.8650000095367432,0.5181689858436584,,25.968345642089844,14.897765159606934,3.549999952316284,7.714258193969727,11.628847122192385,4.723966598510742,6.510107517242432,13.065433502197266,27.21754646301269,38.28260040283203,26.848121643066406,12.44855499267578,13.700501441955566,4.196744918823242,0.7749999761581421,3.494999885559082,8.313379287719727,4777.66015625
2023-04-28,9.90583324432373,5.920000076293945,41.09620666503906,3.336564302444458,0.5979999899864197,4.059999942779541,33.43707275390625,30.963119506835938,5.712279319763184,0.3185000121593475,8.18796443939209,4.637485980987549,11.006235122680664,,7.543879985809326,,2.799999952316284,4.11599063873291,38.07756042480469,2.25,,,,2.295837879180908,5.802382469177246,18.41106605529785,5.203562259674072,0.0208000000566244,0.5459286570549011,4.769466400146484,0.0922000035643577,3.298357486724853,6.088500022888184,52.09605026245117,17.049686431884766,17.62358283996582,1.6866257190704346,4.664470195770264,16.017173767089844,16.50600242614746,4.369019508361816,3.559999942779541,,4.534609317779541,7.2546844482421875,11.441777229309082,2.78438138961792,1.913795590400696,,21.58514213562012,4.800000190734863,,4.371018886566162,30.63827896118164,1.1951470375061035,3.7047293186187744,4.662020683288574,,33.6886100769043,14.75465202331543,33.0,16.775197982788086,16.83906364440918,0.9929999709129332,6.057749271392822,,4.190000057220459,9.121564865112305,10.149999618530272,2.109999895095825,12.764495849609377,2.289999961853028,8.914385795593262,18.34888458251953,2.240000009536743,8.555614471435547,40.19547653198242,3.640000104904175,0.7809136509895325,3.612168073654175,3.119999885559082,18.292251586914062,,40.25065231323242,40.33256149291992,4.503106117248535,4.457911968231201,2.667286872863769,8.807648658752441,3.0199999809265137,0.6200000047683716,27.21712684631348,6.455086708068848,77.94000244140625,2.207444667816162,2.148689031600952,9.132095336914062,3.900000095367432,33.04145431518555,12.060608863830566,24.39999961853028,1.8685888051986688,7.387096405029297,7.2041120529174805,14.822669982910156,4.150000095367432,4.579999923706055,3.814225912094116,1.715000033378601,0.5090140700340271,,26.004262924194336,13.37758445739746,3.440000057220459,7.227436065673828,11.354366302490234,4.417354106903076,7.354010105133057,12.8839693069458,26.062883377075195,36.74166488647461,27.549917221069336,13.49056911468506,14.938565254211426,4.474343776702881,0.6499999761581421,3.490000009536743,10.047248840332031,4749.990234375
2023-05-31,9.858210563659668,5.880000114440918,39.638893127441406,3.27841854095459,0.5059999823570251,3.700000047683716,29.89777374267578,27.35662078857422,5.765171527862549,0.3240000009536743,8.095965385437012,4.243736743927002,10.8258056640625,,6.479406356811523,,2.5899999141693115,4.130849838256836,37.08595657348633,2.400000095367432,,,,2.2470850944519043,5.099320411682129,17.649883270263672,5.806873321533203,0.0196000002324581,0.5326595306396484,4.412499904632568,0.0799999982118606,3.1519806385040283,5.692500114440918,48.47004699707031,17.0864315032959,16.3228816986084,1.644116997718811,5.119058609008789,15.681485176086426,17.570905685424805,3.671835660934448,3.125,,4.206573486328125,6.782692909240723,10.511552810668944,2.555528163909912,1.839738249778748,,21.181140899658203,3.7300000190734863,,3.9824838638305664,28.704614639282227,1.142977952957153,3.650513648986816,4.307494163513184,,33.156734466552734,13.761104583740234,33.040000915527344,15.812540054321287,15.752384185791016,1.02400004863739,6.149033069610596,,4.150000095367432,9.050024032592772,9.65999984741211,1.932000041007996,11.792143821716309,2.049999952316284,8.144182205200195,18.6418399810791,2.200000047683716,7.81242561340332,32.35580062866211,3.4100000858306885,1.063171625137329,3.5679798126220703,2.950000047683716,17.839191436767578,,37.601959228515625,37.46518325805664,4.469536781311035,4.603112697601318,2.493333101272583,9.048295021057127,3.0199999809265137,0.6100000143051147,28.22162437438965,6.705089569091797,83.76000213623047,1.9246728420257568,1.9837677478790283,8.44232177734375,3.880000114440918,29.669483184814453,12.292542457580566,23.850000381469727,1.7847734689712524,7.227621078491211,6.326454162597656,14.116829872131348,4.170000076293945,5.130000114440918,3.549349308013916,1.690000057220459,0.5126760601997375,,23.05903053283692,14.202826499938965,3.509999990463257,7.0589213371276855,10.9700927734375,3.743520736694336,7.474568367004394,12.974701881408691,25.314367294311523,41.41262435913086,24.769731521606445,13.152095794677734,15.821959495544434,4.347283363342285,0.6639999747276306,3.380000114440918,10.133367538452148,4463.10009765625
2023-06-30,9.90583324432373,5.579999923706055,39.638893127441406,3.376281976699829,0.4695000052452087,3.799999952316284,31.760560989379883,29.995519638061523,5.659388065338135,0.37950000166893,8.4823637008667,4.304986953735352,10.916020393371582,56.26284408569336,6.460894107818604,,2.8299999237060547,4.170474052429199,37.48259735107422,2.490000009536743,,,,2.309134721755981,5.029541969299316,14.176996231079102,5.6183390617370605,0.0194000005722045,0.4682096242904663,4.819045066833496,0.0890000015497207,2.829951763153076,6.286499977111816,45.26953887939453,19.33706283569336,15.663372993469238,1.6732463836669922,6.225882530212402,16.161041259765625,17.215938568115234,3.3836662769317627,2.984999895095825,,4.071499824523926,6.817654609680176,10.372018814086914,2.2265515327453613,1.8787157535552976,,22.220001220703125,4.360000133514404,,3.691082715988159,28.21650123596192,1.1334927082061768,3.397507905960083,4.241289138793945,,34.999298095703125,13.547537803649902,34.0,15.75778865814209,15.59143352508545,1.059999942779541,6.158626079559326,,3.940000057220459,8.91588306427002,9.0,2.049999952316284,10.891653060913086,2.039999961853028,8.643387794494629,17.47001075744629,1.909999966621399,8.484105110168457,32.25517654418945,3.490000009536743,0.9163973927497864,3.606056690216065,2.720000028610229,18.311128616333008,,36.70329284667969,35.97944641113281,4.459945201873779,4.42093563079834,2.5513179302215576,9.03866958618164,3.039999961853028,0.5799999833106995,30.6132869720459,6.822888374328613,76.45999908447266,1.8699429035186768,1.927223563194275,8.595124244689941,3.7799999713897705,30.735334396362305,12.478090286254885,24.700000762939453,1.4643031358718872,6.90841007232666,6.070470333099365,14.963838577270508,4.0,4.90500020980835,3.6817877292633057,1.5700000524520874,0.5401408076286316,,22.699853897094727,15.201802253723145,3.670000076293945,6.806148052215576,10.942645072937012,3.9306962490081774,7.660041332244873,12.611771583557127,24.5929012298584,40.59400177001953,22.92527198791504,13.3938627243042,15.72861385345459,3.512314558029175,0.6639999747276306,3.369999885559082,9.870223999023438,4419.8701171875
2023-07-31,9.524840354919434,4.900000095367432,36.82142639160156,3.112051248550415,0.4735000133514404,4.5,32.31940078735352,30.25941276550293,5.377300262451172,0.3745000064373016,8.335164070129395,4.129987239837647,11.637740135192873,52.33753204345703,6.359074592590332,,2.440000057220459,3.947586536407471,36.68931198120117,2.490000009536743,,,,2.3002703189849854,4.878310203552246,13.60611057281494,5.486364364624023,0.019200000911951,0.4663140773773193,4.184438228607178,0.0785999968647956,2.6055073738098145,5.593500137329102,43.88203811645508,20.255687713623047,15.626731872558594,1.549954533576965,5.889882564544678,16.352863311767578,17.393423080444336,3.3836662769317627,3.345000028610229,,3.839945554733277,6.57291841506958,10.410073280334473,2.1359639167785645,1.7267035245895386,,22.89333152770996,3.900000095367432,,3.778503179550171,30.328519821166992,1.0718382596969604,3.758944749832153,4.698324203491211,,31.38064765930176,13.241117477416992,40.59999847412109,16.4814510345459,16.44556999206543,1.0199999809265137,5.937989711761475,,3.890000104904175,8.737029075622559,7.920000076293945,2.1700000762939453,11.10605525970459,2.009999990463257,8.557809829711914,17.421186447143555,1.825000047683716,8.77354907989502,30.608572006225582,3.4800000190734863,0.95967698097229,3.392369031906128,2.3499999046325684,20.62361717224121,,33.534324645996094,33.06475067138672,4.474331855773926,4.245974540710449,2.9958655834198,8.316732406616211,2.9200000762939453,0.593999981880188,30.51762008666992,7.006653785705566,75.44000244140625,1.7969695329666138,1.813192129135132,8.346819877624512,3.559999942779541,31.18105697631836,12.060608863830566,25.0,1.5283972024917605,6.735363006591797,6.582437515258789,12.187528610229492,4.050000190734863,4.465000152587891,3.6023244857788086,1.350000023841858,0.5840845108032227,,20.83214569091797,13.985657691955566,3.569999933242798,6.235067844390869,12.84571361541748,3.9681315422058105,6.843959331512451,13.33763027191162,27.14508056640625,35.48965072631836,21.692636489868164,11.94326400756836,15.775285720825195,3.3217241764068604,0.6200000047683716,2.8299999237060547,10.93236255645752,4388.240234375
2023-08-31,9.762961387634276,4.440000057220459,34.92691802978516,3.0826923847198486,0.4665000140666961,4.21999979019165,31.01544761657715,28.764034271240234,5.69464921951294,0.3675000071525574,8.29836368560791,4.1037373542785645,10.916020393371582,52.285194396972656,5.6463398933410645,,2.049999952316284,3.997116804122925,33.91282653808594,2.440000057220459,,,,2.2914063930511475,4.899914741516113,13.225520133972168,5.448657989501953,0.0184000004082918,0.4539927840232849,4.353005409240723,0.0772000029683113,2.478647232055664,5.296499729156494,41.87479019165039,20.76093482971192,16.670957565307617,1.609229564666748,5.593411445617676,15.201929092407228,17.437793731689453,3.3929622173309326,3.684999942779541,,4.235517978668213,6.450550079345703,10.486181259155272,2.2742292881011963,1.539611577987671,,22.0853328704834,3.609999895095825,,3.351114511489868,29.76531219482422,1.1097793579101562,3.4336514472961426,4.7166056632995605,,30.30739974975586,13.575394630432127,44.5,16.318628311157227,16.287397384643555,0.8989999890327454,6.30251932144165,,3.4600000381469727,8.844341278076172,7.860000133514404,2.125,10.591489791870115,1.5750000476837158,10.60217571258545,19.979677200317383,2.25,8.613503456115723,30.90130043029785,3.259999990463257,0.8956985473632812,3.495713710784912,2.369999885559082,19.962905883789062,,35.99382400512695,35.76178741455078,4.786048889160156,3.879817962646485,3.111834526062012,7.748806953430176,2.940000057220459,0.5699999928474426,28.03029060363769,7.01136589050293,58.91999816894531,1.9246728420257568,1.950783491134644,9.072630882263184,3.759999990463257,22.848020553588867,11.4111909866333,24.700000762939453,1.5185365676879885,6.809286594390869,6.4910149574279785,10.681734085083008,4.0,3.7699999809265137,3.422154664993286,1.5449999570846558,0.6298591494560242,,20.27542495727539,13.985657691955566,3.509999990463257,5.50483512878418,12.51633644104004,3.3504509925842285,7.214905738830566,12.8839693069458,28.5158634185791,35.15257263183594,21.14379501342773,11.846556663513184,20.06915283203125,3.376178503036499,0.5759999752044678,2.4600000381469727,11.219427108764648,4378.9599609375
2023-09-29,9.90583324432373,4.699999809265137,31.38079261779785,2.847820520401001,0.4065000116825104,3.880000114440918,31.853702545166016,29.2038516998291,5.447822093963623,0.3449999988079071,8.29836368560791,3.9287376403808594,10.8258056640625,51.90138626098633,5.526008129119873,,1.1200000047683716,3.670215368270874,30.73969459533692,2.690000057220459,,,,2.2053334712982178,4.690413951873779,11.70315933227539,5.1658549308776855,0.0179999992251396,0.4558883607387543,3.4903371334075928,0.0725999996066093,2.146859884262085,4.949999809265137,40.59828567504883,19.4748592376709,16.029766082763672,2.220947027206421,5.020235061645508,14.386682510375977,17.127197265625,3.319999933242798,3.325000047683716,,4.042555809020996,6.380626201629639,10.048688888549805,1.6649075746536257,1.5201226472854614,,24.60552215576172,3.900000095367432,,3.43853497505188,29.72812271118164,1.081323504447937,3.4878671169281006,4.369258880615234,,29.8799991607666,13.686820030212402,48.58000183105469,15.885946273803713,15.571470260620115,0.8600000143051147,5.9859538078308105,,3.5299999713897705,8.710200309753418,6.840000152587891,2.384999990463257,10.93453311920166,1.4800000190734863,9.99362087249756,17.577428817749023,1.7799999713897705,8.863786697387695,29.61814308166504,3.0199999809265137,0.8749996423721313,3.382888078689575,2.5,19.443777084350582,,35.1424674987793,35.222381591796875,4.479127883911133,3.579497098922729,3.3534367084503174,7.806560516357422,2.799999952316284,0.5899999737739563,25.06463050842285,7.590934753417969,52.040000915527344,1.879064559936524,1.94607162475586,8.652424812316895,3.880000114440918,19.86363220214844,10.344290733337402,23.950000762939453,1.4950000047683716,6.884889602661133,6.491270542144775,9.552388191223145,3.630000114440918,3.2850000858306885,3.630381107330322,1.3700000047683716,0.622535228729248,,19.789051055908203,13.985657691955566,3.259999990463257,5.111632823944092,12.03141975402832,3.490833044052124,7.143882751464844,12.931792259216309,29.28241729736328,31.974395751953125,20.07883644104004,11.31467056274414,17.968891143798828,2.867936611175537,0.5600000023841858,2.390000104904175,10.410650253295898,4269.52001953125
2023-10-31,9.429591178894045,3.5,38.52162170410156,2.691239356994629,0.4639999866485595,3.609999895095825,30.27033042907715,27.972362518310547,5.218626022338867,0.209999993443489,8.040764808654785,3.6718032360076895,11.051342964172363,48.06329727172852,5.461214065551758,,0.9480000138282776,4.165521144866943,26.674121856689453,2.4800000190734863,,,,1.81368088722229,4.415443420410156,11.037124633789062,4.713371276855469,0.0172000005841255,0.3885950446128845,3.272191047668457,0.0747999995946884,1.8949999809265137,4.375800132751465,37.07403564453125,15.45127773284912,13.410045623779297,2.036167621612549,4.079999923706055,13.28370475769043,15.84043788909912,2.690000057220459,2.805000066757202,,4.052204132080078,5.191906452178955,10.236043930053713,1.621044039726257,1.395394802093506,,22.652729034423828,3.190000057220459,,3.0305731296539307,30.93061065673828,1.0433824062347412,3.054142713546753,4.021912097930908,,29.357622146606445,14.478941917419434,29.57999992370605,14.94931983947754,14.649296760559082,0.7450000047683716,5.69816780090332,,2.4800000190734863,8.370376586914062,6.0,2.194999933242798,10.119803428649902,1.3300000429153442,10.364458084106444,18.17310905456543,1.590000033378601,8.46112060546875,29.23097801208496,2.740000009536743,0.7978491187095642,3.006913423538208,2.009999990463257,19.632551193237305,,35.47354888916016,35.52521133422852,3.868337631225586,3.492918014526367,3.3824288845062256,7.074996948242188,2.7799999713897705,0.4990000128746032,23.72529602050781,7.612670421600342,55.09999847412109,1.8152128458023071,1.867851734161377,8.38502025604248,3.400000095367432,21.278308868408203,9.926807403564451,27.950000762939453,1.2649999856948853,6.853494644165039,6.930473327636719,8.112471580505371,2.759999990463257,2.0199999809265137,3.720914363861084,1.5,0.5767605304718018,,18.376876831054688,13.942222595214844,3.049999952316284,4.802688121795654,11.665445327758787,3.9774904251098633,6.170576572418213,12.564932823181152,29.335479736328125,31.011314392089844,19.61533546447754,11.798203468322754,17.78219985961914,2.81348180770874,0.4959999918937683,2.0899999141693115,10.880122184753418,4118.91015625
2023-11-30,9.239094734191896,3.650000095367432,42.74782943725586,2.7793161869049072,0.4449999928474426,3.470000028610229,29.33893775939941,27.26865577697754,5.500713348388672,0.1840000003576278,8.224763870239258,3.7436232566833496,11.276880264282228,48.85708618164063,5.940773963928223,,1.5499999523162842,4.715311050415039,25.5,2.2300000190734863,,,,1.9491122961044312,4.597578525543213,12.51191234588623,5.354389667510986,0.0172000005841255,0.3497355580329895,3.063960552215576,0.0671999976038932,1.7649999856948853,4.474800109863281,37.9990348815918,15.96570873260498,13.373405456542969,2.184997320175171,4.099999904632568,13.37961483001709,16.017921447753906,2.569999933242798,3.0299999713897705,,4.352298259735107,5.279312133789063,11.77602195739746,1.7469133138656616,1.4148834943771362,,24.348756790161133,3.4600000381469727,,2.865445852279663,33.93682861328125,1.0908088684082031,2.999927282333374,4.606917381286621,,34.47692108154297,14.621078491210938,28.07999992370605,16.216522216796875,16.10826301574707,0.746999979019165,5.707760810852051,,3.039999961853028,8.522403717041016,5.599999904632568,2.634999990463257,11.474113464355469,1.3450000286102295,11.771743774414062,25.643516540527344,1.649999976158142,8.775251388549805,32.15315628051758,2.5999999046325684,0.8411287069320679,3.0816075801849365,1.934999942779541,18.76418876647949,,34.33839416503906,34.48424530029297,5.1190032958984375,3.896051406860352,3.334108591079712,6.901731491088867,2.4800000190734863,0.5,22.385967254638672,8.392716407775879,63.47999954223633,1.8197736740112305,1.8546580076217647,9.511937141418455,3.200000047683716,22.38292121887207,11.061301231384276,27.25,1.2300000190734863,7.414922714233398,6.560720920562744,8.112471580505371,3.150000095367432,1.659999966621399,3.7480740547180176,1.3799999952316284,0.6042253971099854,,18.71133804321289,14.55029582977295,2.619999885559082,4.952479362487793,12.18411922454834,4.585812568664551,6.869845390319824,13.115221977233888,29.621723175048828,34.959957122802734,22.683706283569336,11.749850273132324,17.642183303833008,3.1220574378967285,0.4670000076293945,2.049999952316284,12.254657745361328,4379.009765625
2023-12-29,10.0487060546875,3.829999923706055,42.0677490234375,2.3780770301818848,0.4040000140666961,3.450000047683716,29.15265655517578,27.35662078857422,5.500713348388672,0.1715999990701675,8.795162200927734,3.909707307815552,11.863277435302734,54.61421203613281,5.767741680145264,,1.2999999523162842,4.745028972625732,28.100000381469727,2.400000095367432,,,,2.0863735675811768,4.7076735496521,13.082798957824709,5.14700174331665,0.0148000000044703,0.409446507692337,2.954887628555298,0.0777999982237815,1.7000000476837158,4.435200214385986,38.665035247802734,18.02342987060547,14.124513626098633,2.7225594520568848,4.340000152587891,13.28370475769043,17.393423080444336,2.5,3.744999885559082,,5.362653255462647,5.47160530090332,11.958807945251465,1.954788327217102,1.4343721866607666,,26.51266098022461,3.849999904632568,,3.127707004547119,35.139312744140625,1.1572059392929075,3.0360708236694336,4.625198841094971,,38.8174057006836,15.909781455993652,31.5,16.777910232543945,16.722455978393555,0.8140000104904175,5.774910926818848,,2.5,8.799627304077148,7.119999885559082,2.914999961853028,11.148935317993164,1.2450000047683716,12.694085121154783,25.48727226257324,1.5800000429153442,9.589098930358888,29.802509307861328,2.5999999046325684,1.1666661500930786,2.925516128540039,2.0799999237060547,20.05729484558105,,37.08168029785156,37.1812858581543,5.245038986206055,4.032232761383057,3.3920929431915283,6.805473327636719,2.200000047683716,0.449999988079071,21.620635986328125,8.609395027160645,64.16000366210938,1.8197736740112305,1.860312461853028,9.41643524169922,2.880000114440918,26.33626747131348,12.763039588928224,25.39999961853028,1.5049999952316284,7.30965518951416,6.570202350616455,9.072416305541992,3.109999895095825,2.3299999237060547,3.838606834411621,1.340000033378601,0.6170422434806824,,20.08635330200196,14.984633445739746,2.6700000762939453,5.813779830932617,13.796723365783691,4.04547929763794,7.342324256896973,13.206936836242676,31.514631271362305,38.42706298828125,24.23179817199707,12.185029983520508,17.455495834350586,2.922391176223755,0.5320000052452087,2.1700000762939453,12.719289779663086,4515.97021484375
2024-01-31,10.096330642700195,3.440000057220459,43.7193717956543,2.4465811252593994,0.3970000147819519,3.7300000190734863,30.27033042907715,28.676069259643555,5.782801628112793,0.1907999962568283,9.14475917816162,4.183521270751953,11.953493118286133,55.477783203125,5.931161403656006,,1.2799999713897705,4.675685882568359,27.89999961853028,2.380000114440918,,,,2.063496828079224,4.3926215171813965,13.796405792236328,5.14700174331665,0.0153999999165534,0.4359847009181976,3.500252723693848,0.0864000022411346,1.524999976158142,4.435200214385986,39.08128356933594,18.29901695251465,13.46500301361084,2.4541380405426025,4.170000076293945,12.948015213012695,17.34905242919922,2.5299999713897705,3.440000057220459,,5.40151309967041,5.541529655456543,11.597804069519045,1.8460830450057983,1.4421677589416504,,26.66861724853516,4.079999923706055,,3.127707004547119,34.7098503112793,1.1097793579101562,3.16257381439209,4.917701721191406,,37.83913803100586,16.44042205810547,29.799999237060547,16.908405303955078,16.843564987182617,0.7689999938011169,5.832468032836914,,2.4600000381469727,9.2646484375,8.65999984741211,2.875,11.567020416259766,1.3450000286102295,13.140992164611816,25.48727226257324,3.0,9.728713035583496,29.54439926147461,2.869999885559082,1.1666661500930786,3.208509683609009,2.009999990463257,21.897846221923828,,39.82497024536133,40.42719650268555,5.846134662628174,3.569576501846313,3.6143667697906494,6.959486961364746,2.259999990463257,0.44200000166893,22.6729679107666,8.59013557434082,65.72000122070312,1.9429163932800293,1.922511339187622,10.696154594421388,3.039999961853028,24.727798461914062,11.95944118499756,23.700000762939453,1.375,7.162834167480469,6.55124044418335,8.790079116821289,2.890000104904175,2.640000104904175,4.707726001739502,2.039999961853028,0.6188732385635376,,20.01202774047852,14.854331970214844,2.680000066757202,5.635902404785156,14.975526809692385,4.28000020980835,7.380122184753418,13.298651695251465,31.08987808227539,35.24888229370117,24.33376884460449,12.620209693908691,17.828874588012695,2.867936611175537,0.5460000038146973,1.899999976158142,13.261358261108398,4548.7900390625
2024-02-29,8.38185977935791,3.109999895095825,42.74782943725586,2.358504295349121,0.3449999988079071,3.400000095367432,34.83416748046875,31.31497001647949,7.334284782409668,0.1871999949216842,8.92396068572998,4.403470516204834,11.773062705993652,44.92304992675781,5.613935470581055,,1.0499999523162842,4.754935264587402,21.799999237060547,2.2300000190734863,,,,1.8100205659866333,3.565157651901245,13.130373001098633,5.071588039398193,0.0148000000044703,0.3829083144664764,2.925140619277954,0.0659999996423721,1.1549999713897705,3.76200008392334,38.5355339050293,15.855474472045898,13.116928100585938,2.393263816833496,4.150000095367432,12.660280227661133,17.34905242919922,2.0199999809265137,1.600000023841858,,4.847760200500488,5.961077690124512,10.55592155456543,1.6839786767959597,1.5824867486953735,,32.41952133178711,3.440000057220459,,2.8945858478546143,34.652591705322266,1.2947427034378052,3.289076805114746,4.75316858291626,,45.20940780639648,15.777119636535645,23.280000686645508,16.55420684814453,16.456947326660156,0.718999981880188,6.110661506652832,,2.299999952316284,8.2094087600708,7.659999847412109,2.930000066757202,11.985105514526367,1.3200000524520874,11.239256858825684,25.763879776000977,2.930000066757202,9.5686674118042,23.386627197265625,2.5999999046325684,1.1525533199310305,3.1481449604034424,1.684999942779541,20.529232025146484,,34.33839416503906,34.44639205932617,5.836439609527588,3.691328048706055,3.5757105350494385,7.662173748016357,2.140000104904175,0.3799999952316284,22.385967254638672,9.139057159423828,77.9800033569336,1.9520379304885864,1.8188464641571045,10.45740032196045,2.700000047683716,25.13476181030273,11.67581844329834,16.760000228881836,1.5299999713897705,7.640233516693115,6.304739475250244,8.846546173095703,2.609999895095825,1.8600000143051147,4.5266594886779785,1.3450000286102295,0.6335210800170898,,20.03060913085937,13.073549270629885,2.75,4.933755397796631,14.758625984191896,2.8924202919006348,6.860395908355713,13.8489408493042,28.55984878540039,35.73042297363281,22.44268798828125,14.941167831420898,19.13570213317871,2.377846002578736,0.5,1.7300000190734863,13.837308883666992,4423.3798828125
2024-03-28,8.153766632080078,3.2300000190734863,39.99856948852539,2.309572458267212,0.3700000047683716,3.7799999713897705,35.897613525390625,33.098506927490234,7.183155059814453,0.19200000166893,9.071160316467283,4.811947345733643,12.359460830688477,46.32743835449219,5.844645023345947,,1.440000057220459,5.369114398956299,24.0,2.700000047683716,,,,1.8273561000823968,3.53445053100586,13.592345237731934,5.005912780761719,0.0082000000402331,0.3829083144664764,2.736741542816162,0.0460000000894069,1.2000000476837158,4.059000015258789,38.24878692626953,16.315853118896484,12.913814544677734,2.4047677516937256,3.950000047683716,12.948015213012695,17.673908233642578,2.0999999046325684,1.712000012397766,,4.788520812988281,6.4944562911987305,11.004063606262209,1.8243430852890008,1.6565440893173218,,37.35165786743164,3.700000047683716,,2.87515926361084,37.05756378173828,1.3200000524520874,3.5420825481414795,5.484425067901611,,46.96699905395508,16.93649673461914,20.57999992370605,16.613489151000977,16.377225875854492,0.8349999785423279,6.331297397613525,,2.25,8.314349174499512,7.5,3.2300000190734863,13.100000381469728,1.2999999523162842,11.819286346435549,24.67721176147461,2.7100000381469727,9.705291748046877,23.690608978271484,2.6600000858306885,0.9643812775611876,3.1785688400268555,1.3250000476837158,19.172412872314453,,33.502288818359375,33.48358154296875,6.001255989074707,3.63451099395752,3.5757105350494385,7.32526969909668,2.0999999046325684,0.3459999859333038,22.577301025390625,9.53870964050293,76.5,2.061497926712036,1.931935429573059,9.788890838623049,2.400000095367432,24.70841789245605,11.203112602233888,16.34000015258789,1.6299999952316284,7.297651290893555,6.456432342529297,8.63949966430664,2.8399999141693115,1.7400000095367432,4.562872409820557,1.3250000476837158,0.6353521347045898,,18.86819267272949,12.815230369567873,3.180000066757202,5.766569137573242,14.315396308898926,2.394063949584961,7.263243198394775,15.975261688232422,28.50444602966309,37.26946258544922,23.246700286865234,15.086228370666504,19.509082794189453,2.6043076515197754,0.4799999892711639,1.955000042915344,13.79386043548584,4389.22998046875
2024-04-30,8.01689338684082,3.0199999809265137,41.72690582275391,2.4465811252593994,0.3470000028610229,3.849999904632568,32.82350540161133,30.935821533203125,7.231042861938477,0.1940000057220459,9.537131309509276,4.682368278503418,13.34467887878418,45.36945724487305,5.880000114440918,,1.0499999523162842,5.914615154266357,20.700000762939453,2.5899999141693115,,,,1.93023943901062,3.5455362796783447,15.14022731781006,5.161739349365234,0.0071999998763203,0.3361142873764038,3.272191047668457,0.0538000017404556,1.3200000524520874,5.199999809265137,40.224151611328125,15.635239601135254,12.772422790527344,3.113988161087036,3.1700000762939453,12.743497848510742,18.472993850708008,1.6349999904632568,1.809999942779541,2.8910951614379883,5.09459114074707,6.220043182373047,11.90304183959961,2.013000965118408,1.7920000553131104,,40.30143737792969,3.400000095367432,,3.190000057220459,34.827911376953125,1.315000057220459,3.364497900009156,5.132631778717041,,48.34349822998047,19.739910125732425,19.229999542236328,15.553858757019045,15.161822319030762,0.699999988079071,6.810941219329834,9.140000343322754,2.150000095367432,8.219867706298828,7.840000152587891,2.884999990463257,12.867730140686035,1.3300000429153442,12.50439167022705,24.69696998596192,2.150000095367432,10.201215744018556,20.14173698425293,2.640000104904175,1.100643754005432,3.3352575302124023,1.4950000047683716,16.46910285949707,,34.9547004699707,34.66524124145508,6.53657341003418,3.654924154281616,3.7899999618530273,8.04163646697998,1.690000057220459,0.4050000011920929,22.432653427124023,9.842061042785645,72.6500015258789,1.960159420967102,1.835519909858704,9.739286422729492,2.380000114440918,25.756872177124023,11.60585880279541,19.100000381469727,1.715000033378601,7.297874927520752,6.5856523513793945,7.940140724182129,2.869999885559082,1.600000023841858,4.436126708984375,1.3200000524520874,0.6683098673820496,,17.06892967224121,9.530460357666016,2.7699999809265137,5.125839710235596,13.776314735412598,2.257260322570801,8.390297889709473,16.069791793823242,31.12040901184082,34.37236404418945,22.360294342041016,16.600000381469727,22.04621315002441,2.594871759414673,0.4300000071525574,1.8899999856948853,16.995132446289062,4455.77978515625
2024-05-31,7.821359157562256,3.25,47.01066589355469,2.427008390426636,0.3140000104904175,4.03000020980835,34.509307861328125,31.78208923339844,8.236684799194336,0.1969999969005584,10.211474418640137,4.363648891448975,13.202208518981934,46.954376220703125,6.0,,1.0700000524520874,7.009914398193359,19.950000762939453,2.5999999046325684,,,,1.802815198898316,3.9446167945861816,16.349512100219727,5.317564964294434,0.0076000001281499,0.3623428642749786,4.46207857131958,0.0504000000655651,1.4199999570846558,4.860000133514404,40.585330963134766,17.12881088256836,13.47938346862793,3.687255620956421,2.569999933242798,13.086592674255373,18.520000457763672,0.3070000112056732,1.9526360034942627,2.7853832244873047,5.667239189147949,6.274925708770752,13.475050926208496,2.1831822395324707,1.6640000343322754,,40.94036102294922,3.380000114440918,,3.2300000190734863,35.97076797485352,1.2899999618530271,3.3262650966644287,5.113263130187988,,51.35032272338867,20.95794677734375,23.5,16.386425018310547,15.81445026397705,0.5299999713897705,7.739999771118164,8.380000114440918,2.150000095367432,8.484414100646973,8.239999771118164,3.390000104904175,12.399999618530272,1.1349999904632568,15.699087142944336,24.30181884765625,1.965999960899353,10.4700345993042,18.183250427246094,3.0,1.0815021991729736,3.5107460021972656,1.8049999475479128,15.24206829071045,,36.8912467956543,36.302127838134766,6.635015487670898,3.66356897354126,4.190000057220459,9.032273292541504,1.919999957084656,0.3889999985694885,23.902040481567383,10.364547729492188,80.94999694824219,1.9314740896224976,1.8603758811950684,10.655357360839844,2.359999895095825,27.644399642944336,12.424528121948242,20.350000381469727,1.6950000524520874,7.590405464172363,7.242286205291748,7.688380718231201,2.880000114440918,1.6699999570846558,4.716913223266602,1.2799999713897705,0.7122535109519958,,17.838668823242188,11.566092491149902,2.970000028610229,4.8540143966674805,13.17650318145752,2.179086923599243,8.563692092895508,16.967809677124023,33.22850799560547,39.03718566894531,23.50404357910156,16.799999237060547,22.72905921936035,2.575999975204468,0.4799999892711639,1.7699999809265137,18.801353454589844,4626.75
2024-06-28,7.95823335647583,3.150000095367432,44.44285583496094,2.34871792793274,0.293500006198883,4.75,33.31932830810547,31.123878479003903,7.374705791473389,0.1889999955892563,9.922470092773438,4.260533332824707,13.297188758850098,48.50222396850586,5.860000133514404,,1.4199999570846558,8.822135925292969,19.89999961853028,2.880000114440918,,,,1.7556211948394775,3.790435791015625,18.7680778503418,5.317564964294434,0.0074000000022351,0.3312571346759796,4.561235904693604,0.05180000141263,1.4600000381469729,5.050000190734863,40.71839904785156,15.502896308898926,13.102336883544922,3.799943685531616,2.930000066757202,12.547444343566896,18.33197975158692,0.3000000119209289,1.190000057220459,2.580843210220337,5.884450912475586,6.128571510314941,13.124112129211426,1.8865808248519893,1.7480000257492063,,36.172996520996094,3.259999990463257,,3.0999999046325684,36.28069305419922,1.2949999570846558,3.230682849884033,5.365052700042725,,51.69200897216797,22.0019760131836,22.420000076293945,15.95121955871582,15.50232219696045,0.6259999871253967,7.800000190734863,8.180000305175781,2.039999961853028,8.200971603393555,7.900000095367432,3.3299999237060547,12.199999809265137,1.100000023841858,13.974343299865724,25.78363609313965,1.659999966621399,10.303181648254396,15.691489219665527,2.799999952316284,1.009721040725708,3.4789724349975586,1.4900000095367432,13.727447509765623,,38.44049072265625,38.60733413696289,7.10753870010376,3.2370810508728027,4.03000020980835,9.071121215820312,1.8600000143051147,0.3779999911785126,25.56734848022461,9.884071350097656,77.55000305175781,1.921912431716919,1.8221359252929688,12.873214721679688,2.299999952316284,27.034883499145508,13.19504165649414,17.559999465942383,1.690000057220459,7.717426300048828,6.26699161529541,7.6690144538879395,2.9800000190734863,1.600000023841858,5.510849475860596,1.2400000095367432,0.6439999938011169,,17.357582092285156,10.825861930847168,2.6600000858306885,4.6744160652160645,12.673436164855955,2.1888585090637207,8.28433609008789,16.920543670654297,30.836811065673828,39.4791145324707,25.43888664245605,16.399999618530273,22.14376449584961,2.453333139419556,0.4469999969005584,1.7400000095367432,17.621681213378906,4491.08984375
2024-07-31,7.899572849273682,2.9800000190734863,48.54147720336914,2.34871792793274,0.257999986410141,4.519999980926514,33.71598815917969,32.34627151489258,7.614144325256348,0.1720000058412552,10.211474418640137,4.354274272918701,13.392168998718262,47.26950454711914,5.940000057220459,,1.3300000429153442,7.846324443817139,18.25,2.789999961853028,,,,1.7650599479675293,3.903668880462648,15.720684051513672,5.414956092834473,0.0076000001281499,0.3263999819755554,4.105112075805664,0.0740000009536743,1.3799999952316284,5.349999904632568,40.88948059082031,16.16460609436035,13.337990760803224,4.106559753417969,3.0999999046325684,12.498430252075195,17.76791763305664,0.2939999997615814,1.9900000095367432,2.3163177967071533,5.686985969543457,5.8541579246521,13.64330768585205,2.017863512039185,1.7000000476837158,,39.121883392333984,3.819999933242798,,2.9600000381469727,36.28069305419922,1.659999966621399,3.26891565322876,5.171368598937988,26.50154495239257,63.01641845703125,20.20392417907715,14.960000038146973,16.55216407775879,16.036319732666016,0.6320000290870667,7.199999809265137,8.180000305175781,2.0999999046325684,8.493863105773926,7.559999942779541,2.875,11.699999809265137,1.1050000190734863,13.405961990356444,25.19091033935547,1.7920000553131104,10.029727935791016,17.612220764160156,3.059999942779541,0.8575450778007507,3.5718297958374023,1.649999976158142,13.305654525756836,,40.90958786010742,41.13531494140625,6.5562615394592285,3.1948165893554688,4.199999809265137,9.517879486083984,1.870000004768372,0.3610000014305115,23.70612335205078,9.95271110534668,82.0999984741211,1.988844633102417,1.959799885749817,12.583929061889648,1.919999957084656,28.21459007263184,12.809785842895508,17.799999237060547,1.7200000286102295,7.788633823394775,6.595308303833008,7.359155178070068,2.890000104904175,1.649999976158142,5.884466648101807,1.2999999523162842,0.6119999885559082,,18.0214786529541,10.5945405960083,2.6700000762939453,4.601605415344238,10.941722869873049,2.4526941776275635,9.921936988830566,16.636959075927734,28.86106300354004,44.78227615356445,24.943262100219727,17.0,21.46091651916504,2.1702563762664795,0.4390000104904175,1.6799999475479126,18.65450668334961,4537.18017578125
2024-08-30,8.466621398925781,2.799999952316284,49.57847595214844,2.3878631591796875,0.2574999928474426,4.139999866485596,34.707637786865234,32.72238540649414,7.757807731628418,0.1914999932050705,9.874302864074709,4.030867576599121,12.96475887298584,46.7041244506836,5.980000019073486,,1.1799999475479126,7.049743175506592,16.549999237060547,2.740000009536743,,,,1.7405189275741575,3.905588388442993,18.47784996032715,5.785043239593506,0.0080000003799796,0.3351428508758545,4.005955219268799,0.0820000022649765,1.25,4.300000190734863,42.98053359985352,17.960674285888672,13.243729591369627,4.401382923126221,2.940000057220459,11.665201187133787,17.203857421875,0.4000000059604645,2.4649999141693115,2.3920369148254395,5.943690299987793,5.945629119873047,13.90290641784668,2.047037363052368,1.7039999961853027,,42.31650924682617,3.839999914169312,,2.8399999141693115,35.89328384399414,1.6799999475479126,3.364497900009156,5.093894958496094,25.07073211669922,61.99135971069336,21.441293716430664,12.470000267028809,17.56987190246582,17.635149002075195,0.628000020980835,7.199999809265137,8.100000381469727,2.0299999713897705,8.692273139953613,7.039999961853027,2.900000095367432,11.850000381469728,0.9639999866485596,12.26919937133789,25.0,1.850000023841858,9.89995288848877,19.96240425109864,3.059999942779541,0.8154335021972656,3.923981904983521,1.840000033378601,13.343999862670898,,46.13827133178711,46.46246719360352,6.398754119873047,3.23227858543396,3.839999914169312,9.634424209594728,1.75,0.3729999959468841,22.138776779174805,10.08018398284912,95.5,2.103585720062256,2.0984199047088623,12.873214721679688,1.7999999523162842,33.228328704833984,14.543441772460938,18.239999771118164,1.6749999523162842,7.77708625793457,6.498744487762451,7.785211563110352,2.539999961853028,1.5800000429153442,6.771806240081787,1.284999966621399,0.6000000238418579,,18.28126716613769,9.761781692504885,2.4600000381469727,4.713248252868652,10.583769798278809,2.364748954772949,9.748543739318848,17.771297454833984,28.90832901000977,46.99192810058594,24.68591690063477,16.799999237060547,19.997671127319336,2.2079999446868896,0.3799999952316284,1.7350000143051147,19.599225997924805,4679.7099609375
2024-09-30,8.603495597839355,2.8499999046325684,49.18342590332031,2.505299091339112,0.2730000019073486,3.849999904632568,34.60847473144531,31.97014808654785,7.662032127380371,0.1809999942779541,10.88581657409668,4.05430269241333,12.96475887298584,46.7041244506836,6.059999942779541,,1.1200000047683716,6.611623764038086,15.300000190734863,2.75,,,,1.766740798950195,4.066948413848877,16.97833824157715,5.473391056060791,0.0149999996647238,0.3166857063770294,3.966292142868042,0.0810000002384185,1.4149999618530271,3.9800000190734863,45.26167297363281,18.30097961425781,13.630407333374023,4.520622730255127,2.6700000762939453,11.126054763793944,18.14395904541016,0.3959999978542328,2.740000009536743,2.510040760040283,6.02267599105835,5.892857074737549,14.225000381469728,2.136211633682251,1.6640000343322754,,46.24835205078125,4.0,,2.9800000190734863,34.28125,1.6799999475479126,3.3262650966644287,5.113263130187988,28.26217269897461,65.7987060546875,21.673301696777344,11.520000457763672,18.28034782409668,18.403356552124023,0.6299999952316284,7.340000152587891,7.840000152587891,1.9900000095367432,8.399382591247559,6.840000152587891,2.9549999237060547,11.550000190734863,1.0199999809265137,12.798381805419922,25.64999961853028,1.5720000267028809,9.816526412963867,16.45128631591797,2.799999952316284,0.769493579864502,3.8707151412963854,1.600000023841858,13.70827579498291,,47.49385452270508,47.67318344116211,6.320000171661377,3.4887475967407227,3.930000066757202,9.556727409362791,1.649999976158142,0.4469999969005584,21.159183502197266,9.46733283996582,93.1999969482422,2.1609561443328857,2.1701200008392334,12.15000057220459,1.899999976158142,34.32938766479492,14.447126388549805,16.940000534057617,1.6299999952316284,8.063843727111816,6.656290531158447,7.746479034423828,2.799999952316284,1.5,7.005317211151123,1.1749999523162842,0.5920000076293945,,18.549999237060547,9.669252395629885,2.1700000762939453,4.8734307289123535,10.7095365524292,2.2181735038757324,9.382492065429688,19.579330444335938,28.42620849609375,48.31772232055664,28.04494285583496,18.39999961853028,20.680519104003903,2.141948699951172,0.4399999976158142,1.6749999523162842,19.847314834594727,4735.64013671875
2024-10-31,8.01689338684082,2.940000057220459,48.68961715698242,2.485726356506348,0.2660000026226043,4.170000076293945,34.013484954833984,31.5,7.709919929504394,0.168500006198883,10.693147659301758,3.22469425201416,12.869778633117676,46.54656219482422,5.639999866485596,,0.8999999761581421,6.300000190734863,14.0,1.8799999952316284,,,,1.739708662033081,3.4767425060272217,15.091856956481934,6.3109564781188965,0.0167999994009733,0.3160000145435333,3.8473033905029297,0.0700000002980232,1.2899999618530271,3.5799999237060547,42.62711334228516,17.56364631652832,13.145339965820312,6.286516189575195,2.900000095367432,10.341838836669922,17.391878128051758,0.3449999988079071,1.9700000286102293,2.2927169799804688,6.220140933990479,5.657142639160156,13.529999732971191,1.863251090049744,1.6799999475479126,,45.10731506347656,3.859999895095825,,2.789999961853028,35.42133712768555,1.6799999475479126,3.307148694992065,5.016420841217041,27.7674503326416,61.84492111206055,19.18407440185547,9.989999771118164,18.69644355773925,19.150754928588867,0.578000009059906,7.380000114440918,6.579999923706055,1.649999976158142,8.172626495361328,6.619999885559082,2.595000028610229,10.649999618530272,1.1349999904632568,12.523990631103516,23.049999237060547,1.343999981880188,9.978745460510254,14.3496675491333,2.740000009536743,0.8403176069259644,4.29642391204834,1.7999999523162842,10.928275108337402,,43.88337326049805,43.989593505859375,5.800000190734863,3.1621577739715576,3.4800000190734863,10.246288299560549,1.5700000524520874,0.4670000076293945,22.334693908691406,9.225000381469728,69.80000305175781,2.24701189994812,2.2179198265075684,12.29464340209961,1.440000057220459,29.00105857849121,13.43582820892334,15.720000267028809,1.3899999856948853,7.8328986167907715,7.11907958984375,5.926056385040283,2.859999895095825,1.4140000343322754,6.678401947021484,1.0800000429153442,0.5920000076293945,,17.100000381469727,9.012298583984377,2.2300000190734863,3.519160509109497,10.138748168945312,2.208401918411255,9.758622169494627,17.010753631591797,26.147151947021484,43.84931564331055,22.92547416687012,18.5,19.70502281188965,1.8683077096939087,0.3799999952316284,1.6050000190734863,17.289873123168945,4473.18017578125
2024-11-29,8.09510612487793,2.970000028610229,47.45509338378906,2.309572458267212,0.25,3.609999895095825,33.71598815917969,31.31193923950196,8.476123809814453,0.1840000003576278,11.17482089996338,2.746614456176758,12.96475887298584,46.29631042480469,5.079999923706055,,0.7049999833106995,6.679999828338623,10.449999809265137,2.25,,,,1.7107456922531128,3.380980491638184,13.979315757751465,6.213565349578857,0.0157999992370605,0.3420000076293945,3.589494228363037,0.0662000030279159,1.1050000190734863,3.319999933242798,41.769901275634766,17.671863555908203,12.223711013793944,6.353307723999023,2.369999885559082,10.145785331726074,16.63979721069336,0.2820000052452087,2.0350000858306885,2.108827590942383,5.983182907104492,4.714285850524902,14.265000343322754,1.8434712886810305,1.503999948501587,,43.37432098388672,5.449999809265137,,2.819999933242798,33.5736083984375,1.684999942779541,3.230682849884033,5.210105419158936,30.983139038085938,62.528297424316406,18.2799072265625,9.425000190734863,18.20955467224121,18.322982788085938,0.5339999794960022,6.980000019073486,6.5,1.465000033378601,7.84194278717041,6.5,2.6700000762939453,10.649999618530272,0.9700000286102296,11.936010360717772,20.89999961853028,1.5,9.92312717437744,14.080855369567873,2.9600000381469727,0.9200000166893004,3.953206777572632,1.8600000143051147,10.544827461242676,,45.0654182434082,44.05855941772461,5.320000171661377,3.0526540279388428,3.400000095367432,11.071818351745604,1.6699999570846558,0.3849999904632568,21.06122398376465,9.015000343322754,68.44999694824219,2.046215295791626,2.0314998626708984,12.583929061889648,1.2000000476837158,26.739959716796875,12.721468925476074,14.479999542236328,1.375,7.80210542678833,7.28000020980835,5.771126747131348,2.759999990463257,0.875,7.799253463745117,1.065000057220459,0.5740000009536743,,16.899999618530273,9.049309730529783,2.680000066757202,3.7084670066833496,11.81999969482422,2.0031962394714355,9.885866165161133,17.78617286682129,24.17616271972656,47.67937850952149,21.63829231262207,19.39999961853028,19.31482315063477,1.7692307233810425,0.367000013589859,1.590000033378601,16.98870849609375,4334.39013671875
2024-12-30,8.42751407623291,3.180000066757202,46.862525939941406,2.113846063613892,0.2939999997615814,3.509999990463257,34.707637786865234,31.123878479003903,8.811336517333984,0.1669999957084655,10.59681224822998,2.6622474193573,13.249698638916016,48.66905212402344,4.849999904632568,,0.7649999856948853,6.360000133514404,10.949999809265137,2.400000095367432,,,,1.6547505855560305,3.2179999351501465,14.801629066467283,6.486260414123535,0.0143999997526407,0.2280000001192093,3.966292142868042,0.0729999989271164,1.1200000047683716,3.059999942779541,40.71785736083984,16.954126358032227,12.563258171081545,6.394033908843994,2.650000095367432,9.802690505981444,16.4517765045166,0.2800000011920929,2.539999961853028,2.174713134765625,6.081915378570557,4.469142436981201,13.515000343322754,1.7643524408340454,1.5640000104904177,,42.433555603027344,5.449999809265137,,2.319999933242798,33.593265533447266,1.684999942779541,3.2497992515563965,5.113263130187988,30.857032775878903,59.74600601196289,19.18407440185547,9.68000030517578,17.586339950561523,17.704587936401367,0.5379999876022339,6.960000038146973,6.360000133514404,1.215000033378601,7.435673236846924,6.019999980926514,2.690000057220459,12.0,0.8460000157356262,11.877211570739746,19.920000076293945,1.3880000114440918,9.733099937438965,11.852160453796388,2.559999942779541,1.0449999570846558,4.246257305145264,1.6150000095367432,10.16137981414795,,41.96255493164063,42.14725112915039,5.0,2.790421724319458,3.4200000762939453,10.19772720336914,1.4500000476837158,0.3889999985694885,19.689796447753903,10.220000267028809,67.19999694824219,2.1418328285217285,2.0601799488067627,12.632143020629885,1.1200000047683716,26.13044548034668,13.01504135131836,14.0600004196167,1.2999999523162842,7.578858375549316,7.670000076293945,5.480633735656738,3.049999952316284,0.9760000109672546,7.707622051239014,1.0399999618530271,0.5759999752044678,0.8368627429008484,17.020000457763672,9.123332977294922,2.640000104904175,3.941459655761719,12.109999656677246,2.0031962394714355,10.296961784362791,17.25307273864746,25.78790664672852,47.53207015991211,22.74994850158692,19.200000762939453,19.997671127319336,1.6229743957519531,0.2800000011920929,1.5,16.8949031829834,4315.8701171875
2025-01-31,8.935903549194336,3.400000095367432,53.232666015625,2.2312819957733154,0.3600000143051147,3.559999942779541,38.77338790893555,35.16716384887695,8.907112121582031,0.1829999983310699,10.933984756469728,2.6060028076171875,13.34467887878418,49.40126800537109,4.949999809265137,,0.7549999952316284,6.699999809265137,9.460000038146973,2.240000009536743,,,,1.68950617313385,3.4140000343322754,13.979315757751465,6.466782093048096,0.0130000002682209,0.2910000085830688,3.8671350479125977,0.0777999982237815,1.2350000143051147,3.299999952316284,40.4645881652832,16.91533088684082,11.496109008789062,5.937899112701416,2.690000057220459,10.439865112304688,17.76791763305664,0.3300000131130218,2.0350000858306885,2.44071364402771,6.101661682128906,4.949999809265137,14.0,1.8474273681640625,1.656000018119812,,46.98884963989258,5.5,,2.619999885559082,35.0675163269043,1.690000057220459,3.345381498336792,5.210105419158936,31.57971572875977,56.91490173339844,20.913787841796875,10.760000228881836,17.937355041503906,18.27433013916016,0.5,7.300000190734863,6.460000038146973,1.2799999713897705,8.172626495361328,6.71999979019165,2.7699999809265137,11.350000381469728,0.7739999890327454,12.563188552856444,20.5,1.212000012397766,10.641522407531738,11.959684371948242,2.740000009536743,1.059999942779541,4.510500431060791,1.75,10.717379570007324,,50.827880859375,51.56584930419922,5.199999809265137,2.965243101119995,3.4100000858306885,10.391969680786133,1.399999976158142,0.4079999923706054,20.277551651000977,10.229999542236328,78.8499984741211,2.170517921447754,2.165339946746826,13.06607151031494,1.100000023841858,30.41670227050781,12.721468925476074,13.239999771118164,1.3899999856948853,7.655839920043945,8.329999923706055,5.054577350616455,2.900000095367432,0.9700000286102296,7.707622051239014,1.1100000143051147,0.6320000290870667,0.7417646646499634,18.57999992370605,7.383793354034424,2.740000009536743,3.37839412689209,13.970000267028809,2.1888585090637207,11.491094589233398,17.39846420288086,27.57441711425781,52.4424057006836,25.69486427307129,19.299999237060547,19.900121688842773,1.717333436012268,0.2619999945163727,1.6100000143051147,18.0255069732666,4570.43017578125
2025-02-28,10.06999969482422,4.25,53.528953552246094,2.270427227020264,0.3025000095367431,3.5,39.566707611083984,36.6716423034668,9.38598918914795,0.1815000027418136,11.3674898147583,3.3418705463409424,13.48714828491211,57.05707550048828,5.059999942779541,,0.7300000190734863,6.840000152587891,11.300000190734863,2.3499999046325684,,,,1.867145657539368,3.0999999046325684,14.99511432647705,7.031651973724365,0.0120000001043081,0.3370000123977661,3.926629304885864,0.0772000029683113,0.7979999780654907,3.3399999141693115,43.19210052490234,15.499253273010254,10.477466583251951,6.488519191741943,2.430000066757202,11.028027534484863,18.33197975158692,0.3519999980926513,2.009999990463257,3.470297336578369,7.306197166442871,4.855714321136475,15.095000267028809,1.6338061094284058,1.468000054359436,,45.60245513916016,5.650000095367432,,2.690000057220459,35.10683059692383,1.690000057220459,3.8806426525115967,5.365052700042725,33.27729034423828,66.87256622314453,20.874473571777344,13.699999809265137,18.036130905151367,18.03725814819336,0.4990000128746032,7.0,7.300000190734863,1.3450000286102295,8.474967002868652,6.940000057220459,2.9200000762939453,11.949999809265137,0.7639999985694885,13.053173065185549,20.450000762939453,1.156000018119812,11.73070240020752,8.404525756835938,2.4600000381469727,1.0549999475479126,4.634500026702881,1.3650000095367432,8.924758911132812,,52.6994514465332,53.37863540649414,5.119999885559082,3.433035135269165,3.390000104904175,11.897348403930664,1.5,0.3930000066757202,26.644899368286133,9.93000030517578,83.44999694824219,2.1896414756774902,2.21314001083374,15.1875,1.1200000047683716,25.284990310668945,14.14040184020996,13.880000114440918,1.4900000095367432,8.136977195739746,8.479999542236328,5.945422649383545,2.7699999809265137,0.4679999947547912,7.853049278259277,1.1699999570846558,0.6520000100135803,0.8273529410362244,18.07999992370605,7.642873764038086,2.819999933242798,3.1259853839874268,13.8100004196167,2.1302285194396973,11.177879333496094,17.25307273864746,27.32197570800781,46.94282531738281,26.328702926635746,19.799999237060547,21.46091651916504,1.75979483127594,0.2240000069141388,1.340000033378601,18.045255661010746,4719.31982421875
2025-03-31,10.0,5.400000095367432,53.5,2.2312819957733154,0.3019999861717224,3.5999999046325684,35.70000076293945,34.400001525878906,9.25,0.1850000023841858,11.704660415649414,3.365305662155152,13.772088050842283,57.93758392333984,5.119999885559082,,0.925000011920929,7.78000020980835,14.0,2.2100000381469727,,,,1.840000033378601,3.2799999713897705,14.75,6.659999847412109,0.0275999996811151,0.2380000054836273,3.767977476119995,0.061999998986721,0.8500000238418579,3.140000104904175,43.91294479370117,15.4399995803833,10.699999809265137,7.162000179290772,2.150000095367432,11.714215278625488,18.14999961853028,0.395000010728836,2.5799999237060547,3.253499984741211,6.880000114440918,4.880000114440918,15.109999656677246,1.73468279838562,1.4279999732971191,,43.27529525756836,5.599999904632568,42.0,2.6700000762939453,32.276268005371094,1.690000057220459,4.473252773284912,5.636210441589356,30.405000686645508,58.79999923706055,20.059999465942383,12.420000076293944,18.700000762939453,18.864999771118164,0.550000011920929,6.980000019073486,7.099999904632568,1.2599999904632568,8.369999885559082,6.360000133514404,3.0999999046325684,12.449999809265137,0.8579999804496765,12.523990631103516,20.450000762939453,1.2200000286102295,11.770000457763672,8.534000396728516,2.2799999713897705,1.0800000429153442,4.840000152587891,1.340000033378601,8.339999198913574,,53.19197082519531,54.04858016967773,5.099999904632568,3.333137035369873,3.180000066757202,12.52863597869873,1.4500000476837158,0.3630000054836273,26.35102081298828,11.369999885559082,74.80000305175781,2.275697469711304,2.284840106964112,15.23571491241455,1.2400000095367432,24.970401763916016,13.993616104125977,14.0,1.4800000190734863,8.516112327575684,8.9399995803833,5.829225540161133,2.700000047683716,0.5180000066757202,8.199999809265137,1.0549999475479126,0.6639999747276306,0.7893136739730835,15.989999771118164,7.21999979019165,2.9200000762939453,3.119999885559082,12.670000076293944,2.0799999237060547,11.236607551574709,17.149999618530273,24.700000762939453,44.650001525878906,24.950000762939453,19.100000381469727,19.412372589111328,1.7000000476837158,0.2469999939203262,1.3849999904632568,16.395000457763672,4505.14990234375
