Date,ABAR.KW,ABK.KW,AINS.KW,ALDEERA.KW,ALEID.KW,ALG.KW,ALKOUT.KW,ALTIJARIA.KW,ARABREC.KW,AREEC.KW,ARGAN.KW,ARKAN.KW,ARZAN.KW,ASC.KW,ASIYA.KW,AZNOULA.KW,BAITAKREIT.KW,BAYANINV.KW,BEYOUT.KW,BOUBYAN.KW,CABLE.KW,CGC.KW,CLEANING.KW,DALQANRE.KW,DIGITUS.KW,EKHOLDING.KW,EKTTITAB.KW,EMIRATES.KW,ERESCO.KW,FTI.KW,GBK.KW,GFH.KW,GINS.KW,HUMANSOFT.KW,IFA.KW,IFAHR.KW,INJAZZAT.KW,INTEGRATED.KW,JAZEERA.KW,JTC.KW,KAMCO.KW,KCEM.KW,KCIN.KW,KFOUC.KW,KGL.KW,KINS.KW,KPPC.KW,KRE.KW,KUWAITRE.KW,MABANEE.KW,MADAR.KW,MANAZEL.KW,MARKAZ.KW,MASAKEN.KW,MASHAER.KW,MAZAYA.KW,MEZZAN.KW,MUBARRAD.KW,MUNSHAAT.KW,NBK.KW,NIND.KW,NOOR.KW,OSOS.KW,PAPCO.KW,QIC.KW,RASIYAT.KW,SANAM.KW,SHIP.KW,SOKOUK.KW,SRE.KW,TAHSSILAT.KW,TAM.KW,TAMINV.KW,THURAYA.KW,UNICAP.KW,WARBABANK.KW,WARBABANK125.KW,WARBACAP.KW,WETHAQ.KW,WINSRE.KW,ZAIN.KW,^BKA.KW
2022-04-28,156.99456787109375,251.31182861328125,462.4046936035156,160.0,266.48345947265625,,544.8610229492188,115.51907348632812,52.11978530883789,281.9803466796875,104.0,136.99285888671875,151.1806640625,92.0,61.80899810791016,221.9696502685547,,67.7049789428711,,787.2479858398438,1755.75634765625,429.9212341308594,50.20000076293945,,91.8000030517578,0.314749538898468,16.899999618530273,37.400001525878906,73.0999984741211,47.20000076293945,294.557373046875,104.94068145751952,1069.8455810546875,3061.4658203125,97.7770004272461,181.8489990234375,85.4904556274414,437.955810546875,1927.766357421875,368.9402770996094,142.97982788085938,253.98741149902344,932.8885498046876,358.13751220703125,71.9000015258789,392.9421997070313,49.0,151.16107177734375,208.98028564453125,701.069091796875,104.0,46.0,169.9756317138672,35.70000076293945,69.39202880859375,71.4489974975586,572.5009765625,101.98734283447266,69.0,908.7026977539062,264.5246887207031,263.9551696777344,134.5889434814453,71.29841613769531,98.80416870117188,121.0,68.38200378417969,846.9240112304688,27.700000762939453,418.1129760742188,27.299999237060547,359.95123291015625,739.598876953125,131.0,69.0,234.7416381835937,,323.3023986816406,38.79999923706055,107.61975860595705,680.86474609375,
2022-05-31,135.50155639648438,291.1597900390625,495.3679504394531,168.88800048828125,245.5066375732422,,544.9010009765625,108.7238998413086,55.504642486572266,270.8867492675781,91.0,138.9927520751953,150.27322387695312,92.0,56.66600036621094,214.9706115722656,,63.42005920410156,,688.23583984375,1626.833740234375,394.92767333984375,46.400001525878906,,73.4000015258789,0.3262647986412048,12.399999618530272,38.900001525878906,69.30000305175781,47.59999847412109,269.5072937011719,96.44548034667967,1009.920654296875,2814.80712890625,99.55500030517578,152.05999755859375,78.99118041992188,454.9644470214844,1974.7608642578125,359.9417419433594,123.98251342773438,239.98809814453125,849.8984985351562,360.3626098632813,68.0999984741211,387.9429321289063,49.5,142.87643432617188,196.90524291992188,703.5870361328125,100.0,40.29999923706055,160.9769287109375,31.89999961853028,64.59257507324219,61.5009994506836,524.4649658203125,92.38853454589844,70.0,896.6093139648438,254.4476776123047,234.96563720703125,120.17764282226562,64.9985580444336,95.90989685058594,121.0,69.52100372314453,731.9511108398438,25.299999237060547,397.2523193359375,26.5,329.9736328125,748.2356567382812,156.0,59.0,227.11474609375,,316.6360168457031,34.400001525878906,104.15453338623048,629.8748168945312,
2022-06-30,129.89405822753906,281.483642578125,512.7654418945312,160.88800048828125,211.8023834228516,,405.92620849609375,103.8704833984375,47.38198471069336,264.4145202636719,82.19999694824219,128.99327087402344,137.62442016601562,96.0,48.18999862670898,206.9784698486328,,57.42056655883789,,655.18017578125,1338.8631591796875,447.9460144042969,42.0,,68.5,0.2955574989318847,12.399999618530272,30.89999961853028,60.0,48.0,275.5540466308594,85.45170593261719,1029.9190673828125,2806.646240234375,80.88800048828125,135.08799743652344,84.5905532836914,398.9688415527344,1889.7711181640625,324.9474182128906,108.98462677001952,225.99362182617188,894.8931274414062,344.7912292480469,59.0,421.9378967285156,49.0,128.22210693359375,206.9433441162109,632.2213745117188,98.6999969482422,32.29999923706055,136.98037719726562,29.200000762939453,60.89300537109375,54.51900100708008,422.9778747558594,80.98995208740234,66.0,900.9281005859376,229.46697998046875,197.97103881835932,110.5627899169922,51.99884414672852,99.80217742919922,119.0,55.49399948120117,589.9606323242188,22.600000381469727,414.4851684570313,24.299999237060547,328.9737243652344,674.1015625,158.0,55.5,205.92906188964844,,299.9716186523437,38.20000076293945,88.18413543701172,593.8819580078125,
2022-07-28,130.8289794921875,311.3919677734375,485.2953796386719,158.2220001220703,227.25526428222656,668.3202514648438,405.92620849609375,100.95782470703124,47.651973724365234,264.4145202636719,78.0,122.99358367919922,141.3952178955078,98.0,56.18999862670898,199.97918701171875,,58.449310302734375,,701.79736328125,1474.8492431640625,487.9411926269531,39.900001525878906,,71.5999984741211,0.3063050210475921,9.899999618530272,29.5,60.0,44.5,310.1058349609375,92.9474639892578,1024.91943359375,2991.639892578125,89.51100158691406,142.01499938964844,86.99028778076172,419.9671936035156,1919.7674560546875,334.9457397460937,119.98307800292967,232.9934234619141,854.8978881835938,343.6786804199219,61.0,439.9352722167969,50.5,124.55827331542967,177.60096740722656,683.4374389648438,106.0,36.59999847412109,144.97923278808594,32.20000076293945,57.89335250854492,52.60599899291992,439.9769592285156,87.98907470703125,52.0,920.794921875,249.4210205078125,219.9678192138672,113.44744110107422,58.99868774414063,85.33087158203125,135.0,55.40700149536133,714.9522705078125,25.5,432.6250305175781,24.700000762939453,329.9736328125,793.061279296875,158.0,59.0,214.40293884277344,,272.6401672363281,36.79999923706055,94.43372344970705,604.8797607421875,
2022-08-31,129.89405822753906,307.8732604980469,505.44049072265625,152.0,233.6187744140625,658.3223876953125,405.92620849609375,106.78312683105467,48.46493911743164,267.18817138671875,91.0,120.99369049072266,137.62442016601562,83.5,51.141998291015625,200.9790954589844,,61.70648956298828,,707.7310791015625,1449.851806640625,458.9446716308594,42.900001525878906,,69.4000015258789,0.3078404068946838,14.600000381469728,37.900001525878906,73.30000305175781,48.400001525878906,302.33209228515625,92.8475112915039,1025.91943359375,3137.63916015625,88.26599884033203,150.6750030517578,80.99095153808594,411.9678039550781,1872.773193359375,342.9444885253906,115.983642578125,232.9934234619141,907.8915405273438,334.78143310546875,72.4000015258789,471.9305725097656,45.0,114.48373413085938,223.93179321289065,696.03125,87.0,35.099998474121094,144.97923278808594,38.29999923706055,58.493282318115234,52.31900024414063,424.9777526855469,89.98883056640625,70.0,910.43798828125,253.955810546875,195.9713287353516,111.52467346191406,45.6989860534668,92.41682434082033,139.0,60.053001403808594,751.9497680664062,27.89999961853028,429.9031982421875,24.39999961853028,334.9732360839844,741.3400268554688,120.0,58.900001525878906,211.8609619140625,,299.9716186523437,38.09999847412109,94.43372344970705,604.8797607421875,
2022-09-28,107.46611785888672,259.4926147460937,435.8504943847656,148.44400024414062,200.89419555664065,603.7359619140625,405.92620849609375,96.20140075683594,41.15424728393555,254.24473571777344,76.0,121.99363708496094,114.0585479736328,81.0,38.28499984741211,194.979721069336,,59.82096099853516,,648.3994140625,1069.890625,398.951904296875,33.900001525878906,,62.0,0.2947898209095001,11.0,37.0,67.9000015258789,47.5,259.14166259765625,77.6561050415039,994.9218139648438,2969.875732421875,80.44400024414062,95.9469985961914,83.9906234741211,379.9703369140625,1654.8271484375,328.9467468261719,98.88605499267578,206.99415588378903,889.8936767578125,322.546630859375,56.5,449.9338073730469,36.0,92.50275421142578,227.79244995117188,724.5776977539062,100.3000030517578,28.39999961853028,119.98280334472656,28.200000762939453,53.19388961791992,44.95399856567383,373.98040771484375,76.89045715332031,70.0,843.0623779296875,207.69903564453125,179.9736785888672,93.2578582763672,76.59829711914062,92.81603240966795,135.0,52.16299819946289,643.9569702148438,26.89999961853028,404.50885009765625,17.200000762939453,324.9740295410156,818.9219360351562,170.0,57.70000076293945,187.28530883789065,,326.63507080078125,35.70000076293945,94.43372344970705,584.8934326171875,
2022-10-31,114.99649047851562,291.1597900390625,466.067138671875,148.44400024414062,217.2559967041016,611.4265747070312,389.92913818359375,96.58935546875,39.5293197631836,252.3959808349609,87.5,123.9935302734375,124.42803955078124,83.80000305175781,42.380001068115234,192.9799346923828,,59.82096099853516,,698.407470703125,1204.8768310546875,409.9505920410156,37.5,,59.0,0.2940221428871155,10.699999809265137,34.0,59.20000076293945,45.5,296.2853088378906,77.85598754882812,984.922607421875,3048.770751953125,77.33300018310547,93.52200317382812,77.29137420654297,325.9745483398437,1670.82568359375,328.9467468261719,98.98604583740234,210.99403381347656,907.8915405273438,322.546630859375,57.5,493.9273376464844,36.900001525878906,100.74636840820312,220.8430633544922,732.1345825195312,98.0,27.299999237060547,106.9846649169922,28.5,54.793704986572266,47.345001220703125,361.9810485839844,79.99006652832031,60.0,931.1689453125,212.2338256835937,179.9736785888672,105.75636291503906,77.9982681274414,93.81404876708984,148.0,56.80899810791016,624.958251953125,24.700000762939453,422.6476440429688,16.0,369.9704284667969,948.22509765625,170.0,55.5,204.2340850830078,,284.3060913085937,37.0,87.49028778076172,598.8908081054688,
2022-11-30,117.99639892578124,296.43829345703125,457.8263549804688,146.66600036621094,218.1649169921875,648.3427124023438,389.92913818359375,96.88131713867188,43.32015609741211,272.7354736328125,94.0,126.99337768554688,115.00149536132812,106.0,49.52299880981445,196.97950744628903,,59.84199905395508,,715.3588256835938,1314.8656005859375,436.94732666015625,37.900001525878906,,58.0,0.2901837229728699,11.0,36.79999923706055,60.900001525878906,45.5,292.8294372558594,81.95367431640625,999.9215087890624,3043.32861328125,91.55500030517578,100.4499969482422,80.8909683227539,365.9714050292969,1799.8121337890625,344.9441223144531,102.9854736328125,229.99349975585932,998.8806762695312,331.44384765625,63.400001525878906,535.921142578125,36.59999847412109,100.74636840820312,217.7543487548828,739.6904296875,100.0,30.100000381469727,113.9836654663086,28.39999961853028,58.89323806762695,50.02299880981445,389.9795837402344,81.08993530273438,62.79999923706055,969.1759643554688,218.58351135253903,194.9714813232422,100.94893646240234,77.9982681274414,96.10951232910156,166.0,53.82899856567383,685.9542236328125,24.700000762939453,480.6939392089844,22.39999961853028,383.9693298339844,1075.805419921875,225.0,63.400001525878906,210.1660003662109,,310.9705505371094,25.200000762939453,85.40675354003906,586.8930053710938,
2022-12-29,114.99649047851562,285.0023498535156,455.9945983886719,142.2220001220703,221.80165100097656,619.1170043945312,389.92913818359375,96.0074234008789,34.926517486572266,267.18817138671875,93.0,115.99394989013672,108.4028091430664,95.6999969482422,54.28499984741211,187.98622131347656,,59.84199905395508,,676.3703002929688,1214.875732421875,453.9452819824219,33.0,,59.900001525878906,0.2886483371257782,10.399999618530272,38.29999923706055,59.5,45.5,271.2351989746094,75.95706176757812,1014.9202270507812,3192.04931640625,88.08799743652344,98.37200164794922,79.89108276367188,369.9710998535156,1899.8017578125,327.9468994140625,102.9854736328125,222.9936981201172,949.8865356445312,326.9956970214844,58.70000076293945,523.9229125976562,36.0,98.9144515991211,222.38693237304688,711.9839477539062,114.0,27.200000762939453,104.98495483398438,26.89999961853028,54.69371795654297,45.9109992980957,392.97943115234375,80.49000549316406,61.0,931.1689453125,196.8155517578125,176.97412109375,105.75636291503906,77.9982681274414,96.10951232910156,169.0,55.14400100708008,612.9590454101562,23.0,465.2759094238281,21.799999237060547,369.9704284667969,1051.668701171875,214.0,60.900001525878906,199.14913940429688,,269.6404724121094,24.5,84.7129135131836,562.8974609375,
2023-01-31,120.99630737304688,299.9559936523437,471.5613708496094,135.11099243164062,221.80165100097656,652.1880493164062,389.92913818359375,95.521484375,36.68643951416016,266.26324462890625,91.0,115.99394989013672,110.2887191772461,95.5999984741211,52.66600036621094,181.98666381835932,,59.84199905395508,,664.50390625,1234.873779296875,466.9436950683594,33.29999923706055,,56.900001525878906,0.2794361710548401,9.800000190734863,37.29999923706055,56.5,45.5,270.37127685546875,78.15582275390625,998.9215087890624,3075.06787109375,86.13300323486328,96.98600006103516,78.4912338256836,361.97174072265625,1619.830810546875,334.9457397460937,101.9856185913086,210.99403381347656,979.8829345703124,318.09747314453125,60.900001525878906,535.921142578125,34.900001525878906,98.9144515991211,223.93179321289065,717.86083984375,114.0,26.0,106.9846649169922,25.39999961853028,53.993797302246094,43.32799911499024,393.9794006347656,78.4902572631836,53.20000076293945,947.5811767578124,193.187728881836,174.97439575195312,104.79448699951172,77.9982681274414,96.10951232910156,166.0,51.2859992980957,607.9594116210938,23.0,492.4851379394531,19.89999961853028,360.97119140625,1051.668701171875,204.0,57.0,203.38609313964844,,283.3061828613281,22.799999237060547,82.62937927246094,553.8991088867188,
2023-02-28,110.99661254882812,301.7158203125,475.2238464355469,140.44400024414062,218.1649169921875,676.0297241210938,389.92913818359375,99.98794555664062,43.04916763305664,258.8671569824219,92.5,99.0,112.1736297607422,93.0999984741211,55.80899810791016,181.98666381835932,,59.84199905395508,,648.3994140625,1201.8770751953125,433.94769287109375,34.5,,56.79999923706055,0.2779008150100708,8.899999618530273,37.5,56.900001525878906,43.29999923706055,261.7325744628906,76.0570068359375,1014.9202270507812,3337.142578125,84.44400024414062,96.63999938964844,77.49134826660156,362.9716491699219,1739.8184814453125,344.9441223144531,110.9843521118164,213.99395751953125,997.8807983398438,316.9849548339844,59.59999847412109,547.9193725585938,30.5,101.66132354736328,271.80645751953125,659.9279174804688,100.0,21.799999237060547,103.98509979248048,23.0,57.39340972900391,39.50199890136719,392.97943115234375,75.99056243896484,51.5,924.2593383789062,186.8390350341797,179.9736785888672,104.79448699951172,82.4981689453125,99.80217742919922,153.0,61.36800003051758,619.9586181640625,22.799999237060547,497.9267883300781,21.799999237060547,351.9718933105469,1043.048095703125,194.0,50.59999847412109,194.9122009277344,,288.30572509765625,22.700000762939453,112.48765563964844,558.8981323242188,
2023-03-30,106.99673461914062,299.9640197753906,489.8737487792969,141.33299255371094,189.9860076904297,707.56298828125,428.9220275878906,97.3662567138672,43.72614288330078,240.3764495849609,87.0,103.0,98.97626495361328,87.4000015258789,49.047000885009766,176.98703002929688,,32.04800033569336,,544.9945068359375,1094.8880615234375,439.9469604492188,29.799999237060547,,53.900001525878906,0.2802038490772247,8.699999809265137,38.0,53.20000076293945,43.29999923706055,257.4137268066406,76.75662231445312,1418.8885498046875,3528.484375,75.46600341796875,83.13099670410156,76.99140167236328,368.97119140625,1809.81103515625,329.94659423828125,105.98505401611328,179.9949188232422,988.8818969726562,344.7912292480469,50.70000076293945,538.9207153320312,29.0,99.83041381835938,262.5403137207031,611.2307739257812,108.0,19.39999961853028,97.88597106933594,20.700000762939453,53.993797302246094,39.119998931884766,365.9808654785156,70.9911880493164,50.400001525878906,912.1658325195312,176.8614959716797,151.97776794433594,103.8335952758789,81.99817657470703,87.825927734375,156.0,65.57599639892578,586.9608154296875,22.5,478.8800354003906,16.600000381469727,349.9720458984375,1043.048095703125,146.0,42.29999923706055,193.2172393798828,,268.3076171875,23.0,108.32059478759766,539.901611328125,
2023-04-30,109.99664306640624,302.9633178710937,480.7552490234375,130.66600036621094,207.2567443847656,678.3705444335938,428.9220275878906,98.05213928222656,51.84879684448242,244.99989318847656,82.9000015258789,97.9000015258789,101.9218978881836,80.0,54.380001068115234,174.99111938476562,,36.27199935913086,,593.8722534179688,1269.8701171875,435.9474792480469,29.89999961853028,,56.5,0.3151810467243194,9.399999618530272,31.0,53.400001525878906,41.20000076293945,251.2469940185547,77.27220916748047,1734.8636474609375,3582.89453125,86.22200012207031,86.59500122070312,77.49604797363281,384.9699401855469,1790.8629150390625,352.9794616699219,111.98420715332033,187.99468994140625,979.9426879882812,375.9330139160156,49.0,512.9625244140625,28.799999237060547,104.4092025756836,258.6796264648437,676.3845825195312,108.0,21.299999237060547,100.99060821533205,19.0,55.693603515625,38.06700134277344,377.980224609375,73.99081420898438,65.0,910.6324462890624,194.09469604492188,160.97645568847656,104.79448699951172,81.99817657470703,84.88973999023438,153.0,64.08599853515625,636.9574584960938,23.799999237060547,499.0291137695313,21.0,369.9704284667969,1043.048095703125,152.0,43.0,198.1439971923828,,274.6399841308594,22.799999237060547,108.32854461669922,562.8974609375,
2023-05-31,101.99688720703124,282.6421203613281,467.0200805664063,126.22200012207033,194.5306701660156,730.6715698242188,549.964111328125,97.49715423583984,50.48785781860352,229.102294921875,78.0,99.9000015258789,102.88289642333984,94.9000015258789,60.0,183.9906616210937,,34.20000076293945,,539.0668334960938,1148.9404296875,399.9806518554688,27.39999961853028,,82.0,0.2975160479545593,9.0,26.299999237060547,50.5,47.59999847412109,232.19900512695312,80.57101440429688,1810.8577880859373,3288.212890625,86.66600036621094,83.47699737548828,81.99581909179688,371.98577880859375,1899.8544921875,334.9804992675781,96.19517517089844,169.0,999.9415283203124,500.5247192382813,42.70000076293945,479.9649658203125,22.89999961853028,102.82808685302734,242.4128570556641,659.4749145507812,105.0,18.100000381469727,97.99087524414062,15.300000190734863,56.09355545043945,39.78900146484375,424.9893493652344,78.49535369873047,68.80000305175781,834.4445190429688,184.7569580078125,150.98268127441406,88.45716857910156,81.99817657470703,90.8819580078125,147.0,65.83899688720703,608.9593505859375,25.0,494.2673034667969,20.39999961853028,399.9817504882813,1041.32421875,109.0,46.400001525878906,185.0500030517578,,299.9716186523437,22.5,112.49974822998048,519.9517822265625,
2023-06-26,106.99673461914062,217.06163024902344,467.0200805664063,126.22200012207033,189.9908599853516,766.8207397460938,780.9490966796875,103.99696350097656,52.84075164794922,236.8684844970703,79.30000305175781,98.0,102.88289642333984,92.9000015258789,60.400001525878906,199.9898376464844,,36.0,,575.0048217773438,1145.940673828125,398.9806823730469,29.200000762939453,,84.0,0.2826402187347412,21.39999961853028,34.0,56.0,52.29999923706055,240.36199951171875,87.26860809326172,1720.9669189453125,3529.138671875,105.7770004272461,83.13099670410156,81.49584197998047,437.9832458496094,1851.858154296875,345.9798583984375,95.59520721435548,180.0,1011.9407958984376,535.8192749023438,47.0,474.96533203125,24.299999237060547,114.14788055419922,300.4912109375,748.4732666015625,104.0,25.5,97.29095458984376,17.0,57.39340972900391,43.51900100708008,532.9866333007812,93.99443817138672,84.80000305175781,848.0491943359375,193.32876586914065,159.98165893554688,94.2259292602539,81.99817657470703,92.87935638427734,150.0,64.875,670.9761352539062,28.200000762939453,487.6015319824219,21.799999237060547,385.9823913574219,941.3294677734376,129.0,44.0,185.92300415039065,,293.30523681640625,27.0,100.97169494628906,517.9519653320312,
2023-07-31,108.99667358398438,221.68045043945312,574.1602172851562,170.66600036621094,187.990951538086,902.1866455078124,780.9490966796875,107.9968490600586,61.56538391113281,232.98489379882807,95.0,97.0,136.53651428222656,79.30000305175781,56.79999923706055,201.98974609375,,40.400001525878906,,557.0363159179688,1229.936279296875,386.9812622070313,28.89999961853028,,80.0,,20.200000762939453,37.79999923706055,57.5,47.59999847412109,239.4550018310547,85.16935729980469,1741.966552734375,3428.19775390625,144.0,165.0,79.99591827392578,404.9844970703125,1999.8468017578125,341.9801025390625,100.99493408203124,174.0,1189.930419921875,374.9390258789063,54.70000076293945,481.9648132324219,31.299999237060547,133.01553344726562,283.656982421875,785.8516235351562,104.0,29.299999237060547,108.98985290527344,19.700000762939453,61.09297943115234,48.20600128173828,534.9866333007812,82.99508666992188,108.0,872.5385131835938,220.94715881347656,180.9792633056641,89.61112213134766,89.89800262451172,89.88324737548828,150.0,71.01200103759766,697.9752197265625,33.70000076293945,452.3638000488281,22.0,379.982666015625,982.706298828125,129.0,42.20000076293945,184.177001953125,,290.3055419921875,26.0,103.9124526977539,520.9517211914062,
2023-08-31,104.99679565429688,213.32476806640625,571.412353515625,165.33299255371094,176.99148559570312,910.6732788085938,769.9497680664062,101.9970245361328,54.11470031738281,244.6346893310547,83.19999694824219,99.9000015258789,153.84432983398438,80.0,52.70000076293945,193.9901428222656,,41.900001525878906,,548.0516357421875,1214.93701171875,368.9821472167969,34.29999923706055,,77.0,0.2500994205474853,22.39999961853028,36.0,52.70000076293945,51.0,228.5709991455078,80.97087097167969,1798.9654541015625,3072.998291015625,160.88800048828125,176.0,76.9960708618164,414.984130859375,1669.9312744140625,327.9809265136719,95.99518585205078,168.0,1139.933349609375,360.9413146972656,55.59999847412109,478.9650268554688,30.200000762939453,152.82716369628906,332.4757385253906,744.0233154296875,101.0,29.39999961853028,106.99004364013672,33.0,65.69245147705078,47.70700073242188,520.9869384765625,86.9948501586914,111.0,834.4445190429688,216.18527221679688,185.9786834716797,91.34204864501952,80.99819946289062,90.8819580078125,151.0,66.62799835205078,707.974853515625,34.5,456.1736755371094,22.700000762939453,376.9828186035156,927.5371704101562,172.0,42.79999923706055,175.44900512695312,,314.6361999511719,29.5,96.9520263671875,509.9526977539063,
2023-09-27,95.09709930419922,232.3710479736328,554.0135498046875,177.77699279785156,177.99143981933594,892.2132568359375,731.9522705078125,98.89710998535156,50.48785781860352,242.69290161132807,72.9000015258789,88.5,174.03611755371094,76.4000015258789,47.09999847412109,185.9953155517578,,45.900001525878906,,542.6607666015625,1173.939208984375,428.979248046875,33.5,,82.0,0.2538183629512787,22.5,34.099998474121094,52.79999923706055,64.5,238.54800415039065,79.37145233154297,1788.9656982421875,2975.86572265625,192.88800048828125,317.0,84.49568939208984,431.98345947265625,1473.9393310546875,309.9819641113281,92.9953384399414,162.0,1149.9327392578125,394.9357604980469,53.79999923706055,443.9675903320313,30.799999237060547,155.6571044921875,332.4757385253906,734.2335205078125,86.9000015258789,27.5,99.9906997680664,33.29999923706055,61.99287796020508,54.34099960327149,507.9872741699219,84.4949951171875,113.0,821.745849609375,190.47183227539065,168.9806365966797,85.57229614257812,80.99819946289062,90.8819580078125,153.0,165.71400451660156,735.973876953125,35.400001525878906,397.1277770996094,22.5,376.9828186035156,887.88427734375,172.0,41.400001525878906,161.48300170898438,,132.98741149902344,22.39999961853028,98.9128646850586,486.9643859863281,
2023-10-31,93.49714660644533,203.8011474609375,544.8560791015625,181.3329925537109,168.9918670654297,826.8361206054688,731.9522705078125,98.29713439941406,53.036746978759766,244.6346893310547,69.9000015258789,87.0,156.72830200195312,83.0,42.5,173.99562072753906,,37.0,,526.48828125,1179.9388427734375,420.9796142578125,28.600000381469727,,81.0,0.2463804632425308,18.5,30.0,50.79999923706055,54.0,214.96499633789065,76.97230529785156,1849.9644775390625,2894.9228515625,168.0,284.0,82.29580688476562,441.9830932617188,1459.93994140625,309.9819641113281,86.49566650390625,148.0,1184.9306640625,395.93560791015625,52.400001525878906,430.9685363769531,29.0,149.99720764160156,316.48345947265625,734.2335205078125,81.5,24.39999961853028,94.99115753173828,26.5,58.39329528808594,53.16999816894531,499.9874877929688,79.89527130126953,123.0,795.4425659179688,169.519287109375,179.9793701171875,73.07283782958984,80.99819946289062,99.97014617919922,178.0,140.95199584960938,754.9732055664062,40.20000076293945,381.8903198242188,22.299999237060547,359.98358154296875,862.0226440429688,155.0,47.900001525878906,150.13499450683594,,110.98949432373048,24.299999237060547,98.03093719482422,480.9648132324219,
2023-11-30,92.29718780517578,199.99229431152344,523.7944946289062,240.0,174.9915771484375,806.0682983398438,804.947509765625,103.99696350097656,60.585426330566406,252.40087890625,68.0,75.30000305175781,188.4589691162109,83.80000305175781,41.5,177.9955291748047,,41.59999847412109,,523.7933349609375,1294.9329833984375,419.9796752929688,32.70000076293945,,84.0,0.2315046638250351,18.100000381469727,34.900001525878906,49.79999923706055,61.0,229.47799682617188,76.97230529785156,1799.9654541015625,2867.306640625,247.11099243164065,564.0,86.89556884765625,448.9828186035156,1278.9473876953125,315.98162841796875,84.99574279785156,125.0,1070.9373779296875,416.9321899414063,54.0,449.9671325683594,29.799999237060547,175.4677276611328,316.48345947265625,745.8033447265625,81.5,25.5,96.49102020263672,26.89999961853028,57.19343185424805,69.26799774169922,516.987060546875,79.9952621459961,141.0,802.6994018554688,177.13812255859375,198.9771881103516,68.26604461669922,80.99819946289062,94.87676239013672,219.0,159.0469970703125,836.9702758789062,48.20000076293945,419.031982421875,23.200000762939453,356.9837341308594,806.853515625,134.0,63.0,156.2449951171875,,102.99024963378906,24.0,97.93294525146484,488.9642333984375,
2023-12-28,88.89728546142578,221.8954467773437,558.59228515625,240.0,178.99139404296875,812.2216796875,804.947509765625,101.9970245361328,65.87920379638672,246.5754852294922,79.69999694824219,79.4000015258789,201.9208221435547,79.5,43.5,172.9956512451172,,39.5,,539.0668334960938,1309.93212890625,451.9781188964844,39.0,,84.9000015258789,0.2361533641815185,17.200000762939453,34.0,50.79999923706055,58.0,254.875,76.27256774902344,1879.9638671875,3236.78955078125,272.88800048828125,800.0,86.99555969238281,509.9804992675781,1388.94287109375,323.98114013671875,85.99568939208984,134.0,1196.9300537109375,412.9328308105469,52.5,469.9656677246094,29.0,193.39239501953125,324.0591125488281,750.252197265625,80.0,27.700000762939453,100.99060821533205,25.89999961853028,55.193660736083984,71.41400146484375,574.985595703125,81.89515686035156,153.0,810.8621215820312,194.2807464599609,225.9741058349609,72.11187744140625,80.99819946289062,94.87676239013672,259.0,152.3800048828125,819.9708862304688,51.5,408.5563659667969,21.0,358.983642578125,732.7194213867188,130.0,89.4000015258789,162.35499572753906,,105.9899673461914,24.0,98.71688079833984,506.9629211425781,
2024-01-31,107.9967041015625,239.99073791503903,590.6432495117188,413.3330078125,195.99057006835932,901.4432983398438,766.9500122070312,105.99690246582033,76.27075958251953,254.3416748046875,72.0,83.0,217.30465698242188,277.0,47.5,169.9957275390625,,42.400001525878906,,551.6455078125,1439.9254150390625,435.9789123535156,50.5,,85.0,0.245450735092163,19.5,35.900001525878906,52.400001525878906,231.0,263.0379943847656,80.67097473144531,1864.9642333984373,3269.1669921875,358.22198486328125,744.0,96.99504852294922,534.9795532226562,1138.953125,342.98004150390625,97.09513092041016,139.0,1164.931884765625,509.9170837402344,60.900001525878906,494.9638671875,38.20000076293945,226.4107818603516,319.0083312988281,685.284423828125,83.0,34.29999923706055,126.9881820678711,31.89999961853028,67.39225769042969,80.0,614.984619140625,81.2951889038086,153.0,888.8640747070312,227.6140289306641,239.9724884033203,80.7655029296875,68.49847412109375,97.87287139892578,277.0,175.23800659179688,847.9698486328125,52.400001525878906,418.08001708984375,27.89999961853028,389.9822082519531,896.5038452148438,130.0,91.6999969482422,164.9739990234375,,143.9863739013672,26.100000381469727,107.8341293334961,525.9615478515625,
2024-02-29,110.99661254882812,243.7996063232422,681.2994384765625,396.4440002441406,191.9907684326172,903.7509765625,766.9500122070312,119.99649810791016,73.81986236572266,262.1078796386719,109.0,87.0,215.38168334960932,279.0,46.5,169.9957275390625,,45.0,,577.69970703125,1492.922607421875,420.9796142578125,53.5,,92.5,0.2445210069417953,19.700000762939453,47.70000076293945,58.70000076293945,203.0,267.572998046875,79.37145233154297,1910.96337890625,3209.17333984375,374.2219848632813,1008.0,99.79491424560548,489.9812622070313,1128.95361328125,359.97906494140625,104.99473571777344,174.0,1234.927734375,570.9071655273438,60.09999847412109,519.9620361328125,42.20000076293945,216.9769744873047,399.8126220703125,728.003662109375,85.0999984741211,34.0,126.9881820678711,30.700000762939453,72.19170379638672,79.9020004272461,619.9844970703125,84.5949935913086,151.0,888.8640747070312,227.6140289306641,252.97100830078125,99.99567413330078,199.9955596923828,97.87287139892578,272.0,189.5229949951172,850.9697875976562,55.29999923706055,438.0793151855469,53.20000076293945,394.9819946289063,820.6458129882812,129.0,106.0,164.1009979248047,,169.98390197753906,53.400001525878906,105.873291015625,502.9631958007813,
2024-03-31,107.9967041015625,244.7515563964844,661.1536254882812,309.3330078125,185.99105834960932,898.3665771484375,766.9500122070312,126.9962921142578,69.60404205322266,260.1670837402344,74.0,86.0,186.53598022460932,262.0,40.900001525878906,168.99574279785156,,43.79999923706055,,555.2393798828125,1272.93408203125,441.9786071777344,48.29999923706055,,91.0,0.2417317777872085,19.0,41.79999923706055,58.0,175.0,267.572998046875,86.56885528564453,1999.961669921875,3171.08251953125,337.7770080566406,1190.0,97.99500274658205,519.9801025390625,1187.951171875,371.9783630371094,101.99488830566406,193.0,1481.913330078125,524.9146118164062,49.5,523.9617309570312,36.79999923706055,216.9769744873047,395.6038208007813,738.6654663085938,92.0,27.5,132.9876251220703,27.799999237060547,68.79209899902344,78.8290023803711,679.9829711914062,82.99508666992188,125.0,861.65478515625,208.56643676757807,224.9742126464844,99.0337142944336,179.99600219726562,93.87806701660156,285.0,180.95199584960932,798.9716186523438,50.09999847412109,438.0793151855469,40.900001525878906,399.9817504882813,1034.4276123046875,129.0,94.9000015258789,161.48300170898438,,151.98561096191406,40.0,118.61724090576172,492.9639587402344,
2024-04-30,108.99667358398438,240.0,636.4292602539062,327.1109924316406,179.99134826660156,847.6375122070312,766.9500122070312,133.99609375,69.40805053710938,247.54638671875,83.80000305175781,80.5999984741211,196.15087890625,262.0,43.5,165.99581909179688,,38.900001525878906,,560.9428100585938,1254.9349365234375,438.978759765625,45.0,,84.0,0.238999992609024,19.39999961853028,37.0,52.79999923706055,190.0,245.7140045166016,87.18515014648438,1929.9630126953125,2899.0,296.88800048828125,1058.0,95.0,504.9806823730469,1164.9520263671875,377.9779968261719,99.8949966430664,193.0,1373.0,567.9076538085938,42.400001525878906,524.961669921875,38.0,208.4861297607422,378.76959228515625,743.38232421875,82.5,27.100000381469727,124.99401092529295,25.299999237060547,62.79278564453125,73.36499786376953,739.9814453125,80.5,134.0,823.7868041992188,204.7565155029297,231.98141479492188,92.3030014038086,183.99591064453125,91.93933868408205,323.0,172.3800048828125,848.9698486328125,48.29999923706055,437.0,42.400001525878906,364.0,1017.2410278320312,137.0,128.0,164.9739990234375,,135.98712158203125,38.09999847412109,110.0,487.96429443359375,
2024-05-30,116.99642944335938,274.0,731.6961669921875,358.22198486328125,205.99009704589844,771.4884033203125,768.0,140.0,71.56495666503906,272.9822692871094,79.9000015258789,91.5,188.0,234.0,44.09999847412109,158.99600219726562,,62.0,,551.4189453125,1240.0,598.9710083007812,49.5,,84.0,0.2360000014305114,19.100000381469727,40.29999923706055,62.59999847412109,158.0,241.9040069580078,89.18480682373047,1930.0,2584.0,277.3330078125,1139.0,96.9000015258789,494.0,919.962158203125,366.0,96.6999969482422,178.0,1307.0,671.8907470703125,47.70000076293945,502.0,39.400001525878906,204.7122039794922,333.3233947753906,783.0036010742188,85.9000015258789,35.70000076293945,133.9935760498047,34.5,76.0,74.14600372314453,780.0,89.69999694824219,138.0,816.1680297851562,226.0,252.979736328125,91.0,154.99655151367188,84.44428253173828,393.0,166.0,870.0,54.20000076293945,436.0,42.900001525878906,389.0,1017.2410278320312,135.0,140.0,171.17100524902344,,154.98533630371094,47.70000076293945,141.0,447.99066162109375,
2024-06-30,121.99627685546876,270.0,716.1284790039062,360.0,207.989990234375,777.6420288085938,768.0,122.0,69.60404205322266,270.982421875,72.9000015258789,114.0,186.0,218.0,40.400001525878906,159.9959716796875,,61.5,0.5006943941116333,537.1332397460938,1430.0,682.0,46.79999923706055,,82.19999694824219,0.2349999994039535,19.100000381469727,45.5,58.0,149.0,265.7139892578125,86.98518371582031,1930.0,2842.0,296.0,917.0,103.0,518.0,889.96337890625,383.0,95.9000015258789,175.0,1117.0,537.0,48.5,520.0,37.59999847412109,215.08999633789065,352.766845703125,785.8345947265625,99.5,36.70000076293945,122.99410247802734,30.89999961853028,67.0,66.43900299072266,729.0,90.5999984741211,142.0,815.2160034179688,216.0,255.9794921875,85.0999984741211,171.9961700439453,85.4436264038086,376.0,169.0,924.0,50.0,415.0,42.5,379.0,948.2750244140624,103.0,160.0,162.843994140625,,151.98561096191406,40.59999847412109,140.0,445.9906921386719,
2024-07-31,121.99627685546876,306.0,695.9818725585938,355.55499267578125,218.0,816.1005859375,767.0,146.0,70.80000305175781,282.98162841796875,72.0,114.0,186.0,224.0,37.900001525878906,160.99595642089844,,62.400001525878906,0.4763889014720917,563.7998046875,1730.0,710.0,46.5,,71.69999694824219,0.2300000041723251,19.100000381469727,50.0,57.0,161.0,296.19000244140625,100.4828872680664,1700.0,2635.0,255.0,1250.0,102.0,567.0,925.9619140625,382.0,96.0,181.0,1200.0,532.0,49.70000076293945,579.0,39.0,241.0,350.91485595703125,791.4944458007812,97.9000015258789,33.70000076293945,125.99396514892578,27.799999237060547,64.5999984741211,63.41400146484375,881.0,88.9000015258789,146.0,861.8807983398438,225.0,260.9790954589844,83.0,172.0,85.4436264038086,391.0,179.0,916.0,52.09999847412109,425.0,42.0,366.0,1000.0,104.0,173.0,167.47000122070312,,152.9855194091797,42.70000076293945,140.0,454.9905090332031,
2024-08-29,119.996337890625,286.0,685.9080810546875,393.0,239.0,869.970703125,750.0,153.0,58.79999923706055,267.98260498046875,71.80000305175781,114.0,180.0,220.0,41.29999923706055,152.99615478515625,,62.79999923706055,0.449999988079071,559.9908447265625,1604.0,633.0,47.0,,77.5,0.221000000834465,19.100000381469727,49.79999923706055,57.79999923706055,159.0,301.90399169921875,102.98246002197266,1160.0,2665.0,343.0,1292.0,100.0,555.0,969.9600830078124,370.0,97.0,188.0,1310.0,538.0,45.0,549.0,37.0,236.0,337.9522705078125,809.4181518554688,100.9000015258789,33.5,119.99424743652344,29.5,71.0,65.85299682617188,892.0,87.5,136.0,836.16748046875,223.0,253.97964477539065,90.0,163.0,85.4436264038086,384.0,187.0,868.0,48.900001525878906,433.0,40.0,366.0,930.0,97.0999984741211,215.0,182.2749938964844,,161.9846649169922,38.400001525878906,146.0,466.9902648925781,
2024-09-30,149.99542236328125,272.0,619.9734497070312,364.0,234.0,818.4334106445312,789.0,151.0,62.5,260.9830627441406,79.19999694824219,108.0,206.0,199.0,41.900001525878906,147.99627685546875,,60.20000076293945,0.4189999997615814,542.8480834960938,1560.0,640.0,50.5,,79.0,0.2610000073909759,16.100000381469727,50.70000076293945,64.30000305175781,186.0,288.5710144042969,100.98280334472656,1375.0,2724.0,400.0,1400.0,101.0,514.0,998.9589233398438,365.0,104.0,195.0,1289.0,518.0,47.29999923706055,555.0,41.900001525878906,241.0,339.80419921875,789.6074829101562,103.0,48.59999847412109,117.99434661865234,37.0,71.80000305175781,70.24299621582031,903.0,91.4000015258789,126.0,840.9293823242188,223.0,251.9798126220703,97.4000015258789,219.0,84.04454803466797,380.0,226.0,779.0,47.29999923706055,426.0,37.5,352.0,950.0,98.3000030517578,270.0,174.8730010986328,,153.9854278564453,42.20000076293945,139.0,475.0,
2024-10-31,155.9952392578125,281.0,682.2451171875,378.0,234.0,807.664794921875,789.0,147.0,61.400001525878906,277.9819641113281,77.9000015258789,110.0,213.0,149.0,41.900001525878906,154.99609375,,61.900001525878906,0.3939999938011169,531.4192504882812,1660.0,633.0,49.400001525878906,,74.80000305175781,0.248999997973442,16.0,54.0,63.29999923706055,180.0,299.0469970703125,103.98229217529295,1225.0,2610.0,397.0,1490.0,102.0,511.0,1034.9573974609375,369.0,129.0,192.0,1297.0,642.0,46.79999923706055,585.0,46.400001525878906,239.0,384.2479248046875,787.7205200195312,98.6999969482422,37.09999847412109,134.9935302734375,37.29999923706055,72.5,67.80400085449219,979.0,94.5999984741211,128.0,809.501220703125,241.0,262.9789428710937,108.0,281.0,84.24442291259766,359.0,212.0,809.0,50.0,431.0,38.0,354.0,950.0,102.0,232.0,176.72300720214844,,179.9829559326172,41.400001525878906,148.0,456.0,
2024-11-28,157.99517822265625,270.0,675.8353271484375,370.0,247.0,813.818603515625,1200.0,156.0,61.09999847412109,273.9822082519531,77.0999984741211,111.0,237.0,150.0,42.70000076293945,163.99588012695312,,61.900001525878906,0.4149999916553497,520.9434814453125,1602.0,626.0,58.09999847412109,0.1729999929666519,63.5,0.2300000041723251,15.0,50.400001525878906,70.4000015258789,167.0,303.8089904785156,101.98262786865234,1175.0,2480.0,380.0,1552.0,100.0,506.0,1096.954833984375,362.0,126.0,192.0,1285.0,616.0,59.0,565.0,48.0,244.0,337.9522705078125,772.6268310546875,96.9000015258789,37.70000076293945,128.9938201904297,40.0,76.80000305175781,71.80400085449219,872.0,93.8000030517578,126.0,828.5486450195312,245.0,275.9779052734375,102.0,230.0,84.54421997070312,364.0,215.0,820.0,50.70000076293945,416.0,44.400001525878906,340.0,890.0,102.0,246.0,177.6479949951172,,237.9774780273437,40.70000076293945,157.0,461.0,
2024-12-31,162.99502563476562,260.0,819.6104125976562,379.0,259.0,792.2803344726562,1249.0,148.0,69.0999984741211,270.982421875,88.0,112.0,265.0,143.0,41.900001525878906,151.0,,63.70000076293945,0.4120000004768371,534.2762451171875,1800.0,650.0,60.79999923706055,0.2039999961853027,70.0,0.2529999911785126,15.100000381469728,58.900001525878906,82.4000015258789,166.0,310.4760131835937,97.98331451416016,1130.0,2720.0,380.0,1850.0,101.0,460.0,1007.9585571289062,381.0,123.0,227.0,1160.0,623.0,60.59999847412109,590.0,45.0,256.0,337.9522705078125,718.8538208007812,112.0,36.79999923706055,150.99276733398438,40.0,77.5999984741211,72.29199981689453,900.0,94.0,121.0,853.3099975585938,248.0,288.9768371582031,125.0,224.0,84.54421997070312,380.0,218.0,839.0,50.70000076293945,399.0,45.0,370.0,975.0,108.0,239.0,177.6479949951172,,249.0,52.79999923706055,164.0,469.0,
2025-01-29,157.99517822265625,297.0,732.6121826171875,390.0,246.0,800.7420043945312,989.0,197.0,69.4000015258789,301.9804077148437,112.0,111.0,287.0,144.0,41.0,152.0,,63.70000076293945,0.4040000140666961,598.0851440429688,1803.0,626.0,56.0,0.2280000001192093,69.0,0.2319999933242797,14.0,58.79999923706055,80.69999694824219,182.0,293.3330078125,99.4830551147461,1149.0,2568.0,456.0,2120.0,103.0,520.0,949.9609375,383.0,127.0,249.0,1350.0,636.0,58.09999847412109,649.0,48.0,330.0,333.3233947753906,750.92919921875,118.0,38.20000076293945,157.992431640625,42.59999847412109,90.6999969482422,71.02400207519531,930.0,98.0,141.0,918.0702514648438,265.0,313.974853515625,136.0,227.0,87.44230651855469,373.0,219.0,854.0,57.0,413.0,44.29999923706055,360.0,874.0,101.0,244.0,218.35899353027344,,253.0,42.59999847412109,163.0,454.0,
2025-02-24,168.0,324.0,735.360107421875,433.0,234.0,967.659423828125,1051.0,190.0,80.4000015258789,304.9801940917969,104.0,111.0,298.0,222.0,39.20000076293945,155.0,,62.70000076293945,0.4440000057220459,638.0845336914062,1969.0,675.0,62.5,0.2339999973773956,69.9000015258789,0.2430000007152557,15.399999618530272,52.79999923706055,81.4000015258789,196.0,327.6189880371094,98.98313903808594,1188.0,2565.0,447.0,1962.0,107.0,522.0,954.960693359375,399.0,130.0,280.0,1339.0,625.0,63.09999847412109,578.0,54.09999847412109,326.0,362.9515380859375,780.1736450195312,99.1999969482422,37.900001525878906,144.99305725097656,42.0,83.5999984741211,72.87799835205078,932.0,99.5,160.0,980.9255981445312,274.0,343.9724426269531,126.0,244.0,87.44230651855469,371.0,220.0,839.0,60.400001525878906,419.0,49.0,347.0,672.0,106.0,290.0,222.0599975585937,,271.0,44.0,162.0,491.0,
2025-03-27,145.0,309.0,801.2947387695312,426.0,229.0,1003.8121948242188,994.0,166.0,89.0,299.98052978515625,97.4000015258789,106.0,294.0,148.0,36.5,154.0,,61.70000076293945,0.3849999904632568,653.3223266601562,2000.0,731.0,59.900001525878906,0.2339999973773956,70.0,0.2140000015497207,13.300000190734863,54.900001525878906,78.0,173.0,339.0469970703125,93.6999969482422,1250.0,2635.0,460.0,1800.0,103.0,567.0,1020.9580078125,400.0,115.0,249.0,1248.0,608.0,60.0,569.0,51.09999847412109,338.0,363.8775024414063,778.2867431640625,98.4000015258789,33.599998474121094,148.99285888671875,39.29999923706055,76.80000305175781,68.0,890.0,93.9000015258789,155.0,998.0680541992188,260.0,334.9731750488281,111.0,235.0,90.94000244140624,366.0,217.0,889.0,57.5,420.0,44.29999923706055,347.0,750.0,104.0,239.0,204.4810028076172,,281.0,38.900001525878906,154.0,480.0,
