Date,ABQK.QA,AHCS.QA,AKHI.QA,BEMA.QA,BLDN.QA,BRES.QA,CBQK.QA,DBIS.QA,DHBK.QA,DOHI.QA,DUBK.QA,ERES.QA,FALH.QA,GISS.QA,GWCS.QA,IGRD.QA,IHGS.QA,IQCD.QA,MARK.QA,MCCS.QA,MCGS.QA,MERS.QA,MEZA.QA,MHAR.QA,MKDM.QA,MPHC.QA,MRDS.QA,NLCS.QA,ORDS.QA,QAMC.QA,QATI.QA,QCFS.QA,QEWS.QA,QFBQ.QA,QFLS.QA,QGMD.QA,QGRI.QA,QGTS.QA,QIBK.QA,QIGD.QA,QIIK.QA,QIMD.QA,QISI.QA,QLMI.QA,QNBK.QA,QNCD.QA,QNNS.QA,QOIS.QA,SIIS.QA,TQES.QA,UDCD.QA,VFQS.QA,WDAM.QA,ZHCD.QA,^GNRI.QA
2022-04-28,3.321262836456299,1.0378203392028809,3.133863687515259,,1.3917499780654907,2.801971435546875,6.530541896820068,2.5373129844665527,2.250824213027954,1.5616039037704468,,1.319000005722046,,1.6541329622268677,3.8443589210510254,2.0972719192504883,6.058322906494141,15.389803886413574,4.762444496154785,5.499383926391602,5.980739593505859,15.37590503692627,,,,2.3116888999938965,0.9955710172653198,0.7809750437736511,6.453436851501465,1.910495638847351,2.227600574493408,3.196366310119629,14.607585906982422,1.5086508989334106,15.35730266571045,2.200000047683716,1.924999952316284,3.0809388160705566,22.02665901184082,1.7115100622177124,10.143322944641112,2.6921215057373047,6.884236812591553,4.7432475090026855,20.4805850982666,4.120894908905029,7.609501838684082,0.847000002861023,0.9095025062561036,,1.2475295066833496,1.3783752918243408,3.0999999046325684,15.181869506835938,
2022-05-31,3.445810556411743,1.0024902820587158,3.2299106121063232,,1.7289999723434448,2.789591789245605,5.997158527374268,2.4955220222473145,2.318349123001098,1.6353552341461182,,1.2869999408721924,,1.673673391342163,4.064424514770508,1.9572720527648928,5.915213108062744,14.964354515075684,4.152780055999756,5.375662326812744,6.093420505523682,14.768962860107422,,,,2.418794631958008,1.0078628063201904,0.7984856963157654,6.376742839813232,1.6239213943481443,2.200323820114136,3.3333535194396973,14.351312637329102,1.4066630601882937,14.410564422607422,1.950000047683716,1.9600000381469729,3.369213581085205,20.821443557739254,1.660959243774414,9.309024810791016,2.6799793243408203,6.804187297821045,5.027842998504639,18.983078002929688,4.063220024108887,7.567475318908691,0.8080000281333923,0.8546264171600342,,1.239786148071289,1.3499550819396973,3.000999927520752,15.007650375366213,
2022-06-30,3.25483775138855,0.9494953155517578,2.7726235389709477,,1.6131000518798828,2.7565786838531494,5.813702583312988,2.1641790866851807,2.2525558471679688,1.6674208641052246,,1.0750000476837158,,1.7688263654708862,3.7003653049468994,1.6145449876785278,5.280758857727051,13.049833297729492,3.649145841598511,5.188844203948975,6.067416667938232,14.113463401794434,,,,2.222434759140014,0.8938909769058228,0.7091813087463379,6.635259628295898,1.354063868522644,2.1821393966674805,3.3424861431121826,14.96636962890625,1.1401475667953491,14.955148696899414,1.5859999656677246,1.9989999532699585,3.370114326477051,20.01197052001953,1.473198652267456,9.361717224121094,3.034708023071289,7.003509044647217,4.777744293212891,17.600088119506836,4.15176248550415,7.511141300201416,0.7250000238418579,0.7754610180854797,,1.196768045425415,1.3298938274383545,2.9489998817443848,14.59284496307373,
2022-07-31,3.321262836456299,1.0289877653121948,2.804922342300415,,1.6720000505447388,3.028935432434082,6.174670219421387,2.313431978225708,2.197150945663452,1.739569067955017,,1.0679999589920044,,1.6991606950759888,3.978391170501709,1.8245450258255005,5.8493828773498535,14.260726928710938,4.040567398071289,5.8142523765563965,5.9530029296875,14.801331520080566,,,,2.490197896957397,0.9397031664848328,0.787979245185852,8.03986644744873,1.3803330659866333,2.132132053375244,3.3333535194396973,16.23065185546875,1.1324504613876345,14.955148696899414,1.5099999904632568,1.8509999513626096,3.756583213806152,23.67258644104004,1.4854753017425537,10.520953178405762,3.191690444946289,6.803386688232422,4.700127124786377,18.06695938110352,3.980363368988037,9.442578315734863,0.7450000047683716,0.7826578617095947,,1.3086154460906982,1.3950929641723633,2.819999933242798,15.264829635620115,
2022-08-31,3.457434892654419,1.039586901664734,2.8423216342926025,,1.5959999561309814,3.0396645069122314,6.225630283355713,2.2835819721221924,2.181568384170532,1.8317583799362185,,1.3700000047683716,,1.7841187715530396,4.324337959289551,2.009089946746826,5.810266017913818,14.849810600280762,3.994621515274048,7.608821392059326,6.472200393676758,14.785146713256836,,,,2.3206143379211426,0.9866321086883544,0.772219717502594,7.824436664581299,1.496554970741272,2.1139473915100098,3.1534435749053955,16.145225524902344,1.2767728567123413,15.927024841308594,2.059999942779541,1.950000047683716,3.603436946868897,23.03400421142578,1.469588041305542,10.459479331970217,2.966190814971924,7.204433441162109,4.657007694244385,18.181474685668945,4.025041103363037,9.952262878417969,0.7620000243186951,0.8015495538711548,,1.3765841722488403,1.3750317096710205,3.1419999599456787,14.93298625946045,
2022-09-29,3.322923421859741,0.8549873232841492,2.7615737915039062,,1.5770000219345093,2.8374602794647217,5.977624416351318,2.2149250507354736,2.009293794631958,1.6634128093719482,,1.25,,1.5819185972213743,3.982918500900269,1.7790900468826294,5.58033561706543,13.827095985412598,3.640309810638428,6.45163631439209,5.980739593505859,14.518092155456545,,,,2.0974783897399902,0.9195910692214966,0.7328206896781921,7.669325828552246,1.3198339939117432,2.1366779804229736,2.925131797790528,14.96636962890625,1.1738228797912598,15.709189414978027,1.8550000190734863,1.8600000143051147,3.693522930145264,22.21553421020508,1.3287674188613892,9.57248592376709,2.966190814971924,7.124383926391602,4.647521018981934,17.529617309570312,3.744791030883789,9.031253814697266,0.6940000057220459,0.738577127456665,,1.23118257522583,1.2922788858413696,2.759999990463257,14.93298625946045,
2022-10-31,3.321262836456299,0.993657886981964,2.247338056564331,,1.573199987411499,2.806098461151123,5.345718860626221,1.6749999523162842,1.9097379446029663,1.6730324029922483,,1.2070000171661377,,1.5479354858398438,3.8724331855773926,1.656363010406494,5.198709011077881,12.902563095092772,3.390259265899658,6.559523582458496,6.032745838165283,14.16201877593994,,,,2.0260751247406006,0.93523371219635,0.7923568487167358,8.419024467468262,1.2919726371765137,1.9639254808425903,3.1479642391204834,15.803528785705566,1.179595708847046,15.985671997070312,1.4850000143051147,1.870000004768372,3.693522930145264,21.936717987060547,1.3244343996047974,10.160888671875,3.061594247817993,7.104371547698975,4.398283958435059,17.564855575561523,3.700112819671631,9.156438827514648,0.6320000290870667,0.69809490442276,,1.232903242111206,1.3992724418640137,2.7869999408721924,14.31077766418457,
2022-11-30,3.420900821685791,0.9044495224952698,1.937946319580078,,1.6064499616622925,2.7235655784606934,5.045053958892822,1.1759999990463257,1.8500044345855715,1.6834537982940674,,1.1130000352859497,,1.3338412046432495,3.5599942207336426,1.7909090518951416,4.515597343444824,12.182572364807127,3.12607216835022,7.163690567016602,5.690370559692383,13.449871063232422,,,,2.079627513885498,0.8704270124435425,0.6829153299331665,7.645198345184326,1.257743000984192,1.8184493780136108,2.844766139984131,14.445280075073242,1.1690120697021484,15.189738273620604,1.409999966621399,1.8480000495910645,3.576411247253418,21.83778190612793,1.3287674188613892,9.625179290771484,2.705998420715332,6.961884021759033,4.303419589996338,17.26535415649414,3.7358553409576416,8.95971965789795,0.5950000286102295,0.6099333763122559,,1.1950472593307495,1.4168260097503662,2.25,13.207396507263184,
2022-12-29,3.329566478729248,0.8611701130867004,1.9557960033416748,,1.454450011253357,2.371152639389038,4.246678352355957,1.1419999599456787,1.6907153129577637,1.5864548683166504,,1.0010000467300415,,1.2395377159118652,3.665951728820801,1.6363630294799805,3.9212141036987305,10.4807767868042,2.801801443099976,6.549165725708008,5.380932331085205,12.770094871520996,,,,1.8984413146972656,0.7776848673820496,0.6163748502731323,7.9278435707092285,1.2099804878234863,1.748439073562622,2.844766139984131,15.120134353637695,1.1016615629196167,15.038930892944336,1.256999969482422,1.468000054359436,3.298946619033813,16.693130493164062,1.217555284500122,9.133382797241213,2.7840564250946045,6.964285373687744,4.138699531555176,15.85593605041504,3.931624412536621,9.07596206665039,0.550000011920929,0.5523585677146912,,1.1184746026992798,1.3248785734176636,2.032000064849853,12.112310409545898,
2023-01-31,3.329566478729248,0.8647030591964722,1.896297574043274,3.69818115234375,1.4155000448226929,2.34391713142395,5.09601354598999,1.133999943733215,1.6751327514648438,1.682652235031128,,1.0,,1.499509334564209,3.0899770259857178,1.5227270126342771,3.691283702850342,11.49530792236328,2.412147045135498,6.629434108734131,5.373997688293457,13.037148475646973,,,3.969027996063232,1.918969750404358,0.7720987796783447,0.629507839679718,7.703794956207275,1.444812297821045,1.6593351364135742,2.8310673236846924,15.18847370147705,1.099737286567688,14.96352767944336,1.2339999675750732,1.4500000476837158,3.423265218734741,17.691482543945312,1.265217661857605,9.054343223571776,2.731150388717652,6.92426061630249,3.4548094272613525,15.85593605041504,4.142827033996582,8.494744300842285,0.6000000238418579,0.5505593419075012,,1.0419021844863892,1.4335438013076782,1.6050000190734863,11.697504997253418,
2023-02-28,3.3553059101104736,0.8532208204269409,1.6974031925201416,3.291121006011963,1.2786999940872192,2.2696382999420166,5.223413944244385,0.8199999928474426,1.4284077882766724,1.6834537982940674,2.540677070617676,0.8730000257492065,,1.5589799880981443,3.2214815616607666,1.7272720336914062,2.9948151111602783,11.388944625854492,2.385639905929565,5.957945823669434,5.191975116729736,12.867206573486328,,,3.644062995910645,1.875235080718994,0.6234888434410095,0.5982322692871094,7.9278435707092285,1.4205108880996704,1.5456819534301758,3.10504150390625,14.898030281066896,0.8284110426902771,14.350557327270508,1.0099999904632568,0.9700000286102296,3.288136482238769,17.26079750061035,1.4226477146148682,9.212421417236328,2.632277488708496,7.058743476867676,3.122781991958618,15.413800239562988,3.651978731155396,8.047652244567871,0.5429999828338623,0.4641970694065094,,0.9920009970664978,1.4100488424301147,1.4249999523162842,11.58135986328125,
2023-03-30,3.4199488162994385,0.7568244338035583,1.7956172227859497,3.5777626037597656,1.253999948501587,2.2972240447998047,5.140028476715088,0.7850000262260437,1.4782891273498535,1.6826523542404177,2.990990400314331,0.8759999871253967,,1.599305510520935,3.496941328048706,1.8818180561065676,3.3414015769958496,11.534833908081056,2.715723752975464,4.9271559715271,5.259108066558838,12.268354415893556,,,3.332451105117798,1.805191993713379,0.6748881340026855,0.6055613160133362,8.475142478942871,1.3671282529830933,1.4547595977783203,3.148356914520264,15.241848945617676,0.944831132888794,15.321980476379396,0.9950000047683716,1.0800000429153442,3.240715265274048,16.499839782714844,1.4342916011810305,9.04090976715088,2.4030182361602783,6.700123310089111,2.8270177841186523,14.70028305053711,3.6295106410980233,7.655175685882568,0.5370000004768372,0.4911853075027466,,0.9872555732727052,1.5333170890808103,1.3250000476837158,13.26546859741211,
2023-04-30,3.415580987930298,0.7642808556556702,2.1394777297973637,3.347931385040283,1.356600046157837,2.266359329223633,5.209990978240967,0.9110000133514404,1.4165804386138916,1.6809256076812744,2.93768048286438,1.0140000581741333,,1.8484662771224976,3.3792874813079834,1.899999976158142,4.179172992706299,11.490468978881836,2.405092716217041,4.617559432983398,5.527410984039307,12.87615966796875,,,3.1595358848571777,1.848441243171692,0.6480714082717896,0.6687742471694946,8.650239944458008,1.4544107913970947,1.608418583869934,3.1530914306640625,15.133429527282717,1.01314377784729,14.518348693847656,1.184000015258789,1.25,3.6885504722595215,16.601917266845703,1.3900809288024902,8.86903190612793,2.624277353286743,7.665312767028809,3.0917701721191406,13.9959135055542,3.456676721572876,8.56783676147461,0.5559999942779541,0.5055789947509766,,1.0062066316604614,1.551053524017334,1.4839999675750732,13.012164115905762,
2023-05-31,3.4942004680633545,0.7633488178253174,2.5030906200408936,3.3044989109039307,1.4392499923706057,2.2637135982513428,4.9593658447265625,1.5740000009536743,1.4882715940475464,1.8389172554016116,3.601947784423828,1.156999945640564,,1.6982502937316897,3.2793750762939453,2.063636064529419,5.230020046234131,10.62979221343994,2.343517780303955,5.0678815841674805,6.313286304473877,12.530550956726074,,,3.1819710731506348,1.8512619733810425,0.8827177882194519,0.7347354888916016,9.57627773284912,1.3617844581604004,1.8575459718704224,2.9570884704589844,15.449650764465332,1.1642013788223269,14.006143569946287,2.490000009536743,1.3669999837875366,3.700730085372925,16.25855827331543,1.46999990940094,9.13324737548828,2.6260907649993896,7.843575477600098,2.8629164695739746,14.64539623260498,3.3884074687957764,9.499123573303224,0.7009999752044678,0.6459176540374756,,1.0675716400146484,1.6086970567703247,2.25600004196167,12.712512016296388,
2023-06-26,3.406845569610596,0.7829217910766602,2.400740146636963,3.347931385040283,1.3585000038146973,2.2831146717071533,5.135600566864014,1.468999981880188,1.3966158628463743,1.9502882957458496,3.5973474979400635,1.0440000295639038,,1.6361850500106812,3.0814170837402344,1.981817960739136,4.368035316467285,9.96432113647461,2.355465173721313,4.5084967613220215,5.805685520172119,12.42421054840088,,1.6910430192947388,3.2746870517730717,1.786387920379639,0.8380231261253357,0.7136645317077637,9.874125480651855,1.131109356880188,1.9730175733566284,2.897435426712036,15.720695495605469,1.371063470840454,14.995226860046388,2.0999999046325684,1.4819999933242798,3.8103466033935542,16.43487548828125,1.3722267150878906,9.142390251159668,2.601607084274292,7.754443645477295,2.6923980712890625,14.105684280395508,3.327915668487549,9.638815879821776,0.6830000281333923,0.6036361455917358,,1.0242551565170288,1.6379623413085938,1.840000033378601,12.712512016296388,
2023-07-31,3.493327140808105,0.8220679759979248,2.547980785369873,3.3651235103607178,1.4478000402450562,2.478003740310669,5.535006999969482,1.4299999475479126,1.569944977760315,1.9684183597564695,3.80159592628479,1.1399999856948853,,1.861958622932434,3.2093427181243896,1.981817960739136,4.861981391906738,11.827641487121582,2.3067567348480225,5.02566385269165,5.709603786468506,12.681201934814451,,,3.282562017440796,1.8333981037139893,0.93523371219635,0.8107741475105286,10.316387176513672,1.2023603916168213,2.027571201324463,3.130366325378418,16.398313522338867,1.5375155210494995,14.836267471313477,2.427000045776367,1.2999999523162842,3.949007272720337,19.627197265625,1.4708502292633057,9.489801406860352,2.738533735275269,7.709877014160156,2.64752459526062,15.532718658447266,3.435072422027588,9.778509140014648,0.8519999980926514,0.6917976140975952,,1.100961446762085,1.7186630964279177,2.4730000495910645,12.349297523498535,
2023-08-31,3.319490432739258,0.7857179641723633,2.5246376991271973,3.320786237716675,1.3432999849319458,2.309570074081421,5.030213832855225,1.61899995803833,1.5608701705932615,1.8225136995315552,3.8457577228546143,1.0399999618530271,,2.365677118301392,3.024457693099976,2.03181791305542,4.493942737579346,10.966965675354004,2.040239095687866,4.4187846183776855,5.437674522399902,12.22925090789795,2.5654749870300293,1.817177653312683,3.3796870708465576,1.729975700378418,0.8447268009185791,0.7420644760131836,9.747766494750977,1.1890008449554443,2.1366779804229736,3.0318915843963623,16.181474685668945,1.3566312789916992,14.129778861999512,2.359999895095825,1.2389999628067017,3.47306489944458,17.928958892822266,1.4793522357940674,9.04273796081543,2.707702875137329,8.004011154174805,2.5317516326904297,14.270342826843262,3.024592161178589,8.917068481445312,0.8619999885559082,0.6351223587989807,,1.0107187032699585,1.6406227350234983,2.3359999656677246,12.53090476989746,
2023-09-28,3.240870952606201,0.7829217910766602,3.1961984634399414,3.402222156524658,1.214100003242493,2.2751777172088623,4.782245635986328,1.5190000534057615,1.4746593236923218,1.802656888961792,3.652549982070923,1.0049999952316284,,2.635526180267334,2.960028171539306,1.9272719621658323,4.599511623382568,12.164813995361328,2.0485105514526367,4.198020935058594,5.25729513168335,12.273560523986816,2.3585362434387207,1.7011338472366333,3.348843097686768,1.7440787553787231,0.8134406208992004,0.7200774550437927,9.648484230041504,1.2326419353485107,2.427629947662353,2.935310125350952,15.865254402160645,1.4066630601882937,14.571334838867188,1.7769999504089355,1.1799999475479126,3.4852445125579834,17.223676681518555,1.4563968181610107,8.776694297790527,2.8564178943634038,7.914880752563477,2.762400388717652,14.08738899230957,3.104095935821533,9.545687675476074,0.8759999871253967,0.600037693977356,,0.9737192392349244,1.5971684455871582,2.2320001125335693,12.53090476989746,
2023-10-31,3.275813102722168,0.765212893486023,2.7194623947143555,3.23120641708374,1.0649499893188477,2.2310853004455566,4.539591312408447,1.3669999837875366,1.3748362064361572,1.9761883020401,3.336056470870972,0.8320000171661377,0.7182462215423584,2.4646215438842773,2.7667391300201416,1.8363629579544067,3.748180627822876,10.842743873596191,1.9299559593200684,3.30881142616272,4.885658264160156,11.41396713256836,2.466257810592652,1.4110244512557983,3.33703088760376,1.4949246644973757,0.6704187393188477,0.6275483965873718,8.926426887512207,1.102609157562256,2.2403297424316406,2.850091457366944,14.943696975708008,1.3258424997329712,13.114201545715332,1.5,1.190000057220459,3.297865629196167,16.147197723388672,1.3093117475509644,8.456709861755371,2.72039794921875,7.77226972579956,2.4231581687927246,13.620859146118164,3.037554979324341,8.391823768615723,0.9350000023841858,0.5361656546592712,,0.8780618906021118,1.578545093536377,2.177999973297119,12.258493423461914,
2023-11-30,3.275813102722168,0.7773295044898987,2.630579233169556,3.314452171325684,1.1599500179290771,2.381000280380249,4.720253467559815,1.3209999799728394,1.4610470533370972,1.9684183597564695,3.5531857013702397,0.8740000128746033,0.7887497544288635,2.4646215438842773,2.824632406234741,1.854544997215271,3.66682505607605,11.0911865234375,2.284700393676758,3.374776124954224,5.03068733215332,11.644373893737791,2.677921295166016,1.2798446416854858,3.3796870708465576,1.5786027908325195,0.7385773062705994,0.6669419407844543,9.287455558776855,1.1248749494552612,2.200323820114136,2.859560251235962,15.250882148742676,1.2940915822982788,14.059130668640137,1.508999943733215,1.156000018119812,3.0355355739593506,17.63199806213379,1.3934818506240845,9.169816970825195,2.7158637046813965,7.843575477600098,2.333411455154419,14.361818313598633,3.1982903480529785,8.847222328186035,0.8790000081062317,0.5937404632568359,,0.8915983438491821,1.6317545175552368,2.2709999084472656,11.904358863830566,
2023-12-31,3.1639983654022217,0.7875820994377136,2.6664915084838867,3.608527183532715,1.1627999544143677,2.552079439163208,5.490726470947266,1.3200000524520874,1.6606932878494265,2.0633859634399414,3.657149791717529,0.8579999804496765,0.8268205523490906,2.481712102890014,2.9245448112487797,1.9045449495315552,4.016461372375488,11.605817794799805,2.4400155544281006,3.694927215576172,4.975395202636719,12.220388412475586,2.710993766784668,1.2462087869644165,3.3862500190734863,1.6810851097106934,0.6971786022186279,0.6678580641746521,10.28930950164795,1.2468922138214111,2.3548920154571533,2.745935440063477,16.985580444335938,1.2729241847991943,14.641983032226562,1.4509999752044678,1.4700000286102295,3.297865629196167,19.951997756958008,1.3968826532363892,9.77321434020996,2.72039794921875,7.931815624237059,2.242767572402954,15.121074676513672,3.410876035690308,9.033479690551758,0.9509999752044678,0.6144314408302307,,0.961085319519043,1.691171646118164,2.359999895095825,12.258493423461914,
2024-01-31,3.4942004680633545,0.8071551322937012,2.549776315689087,3.59133529663086,1.0630500316619873,2.544142723083496,4.649405479431152,1.2389999628067017,1.546350359916687,2.240370988845825,3.6056277751922607,0.8130000233650208,0.7916781902313232,2.5392799377441406,3.03472900390625,1.7963629961013794,3.748180627822876,10.647539138793944,2.159712314605713,3.455693244934082,4.383496284484863,11.440552711486816,2.5437417030334477,1.1595964431762695,3.093561887741089,1.579542875289917,0.6537857055664062,0.7063355445861816,9.657509803771973,1.140015721321106,2.091216802597046,2.8879666328430176,15.657452583312988,1.226741075515747,13.864845275878906,1.225000023841858,1.1050000190734863,3.251021146774292,18.09599876403809,1.4589474201202393,9.544654846191406,2.675057888031006,7.933598041534424,2.06417179107666,14.188013076782228,3.690866708755493,9.638815879821776,0.8849999904632568,0.5829451680183411,,0.9385245442390442,1.6831902265548706,2.174999952316284,12.44010066986084,
2024-02-29,3.5225067138671875,0.7353872656822205,2.4151053428649902,3.572333335876465,1.2112499475479126,2.6984667778015137,4.477599143981934,1.3899999856948853,1.4973464012145996,2.1497199535369877,3.827356576919556,0.8640000224113464,0.7750832438468933,2.5815563201904297,3.042068719863892,1.7999999523162842,3.975783586502075,11.446104049682615,2.3251373767852783,3.672938823699951,4.193145751953125,11.484861373901367,2.532402753829956,1.377388596534729,3.15065598487854,1.7769858837127686,0.6884999871253967,0.6903483867645264,10.262232780456545,1.194246768951416,2.1103105545043945,2.755404233932495,15.639382362365724,1.2748485803604126,13.997733116149902,1.4859999418258667,1.0499999523162842,3.875229358673096,19.3758602142334,1.6111335754394531,10.431467056274414,2.583471298217773,8.200101852416992,1.965450644493103,14.569605827331545,3.52881932258606,10.244153022766112,0.8799999952316284,0.600037693977356,,0.9349148273468018,1.6291743516921997,2.130000114440918,12.60354709625244,
2024-03-31,3.839345932006836,0.7102220058441162,2.350478410720825,3.5727667808532715,1.1058000326156616,2.589102029800415,4.370441436767578,1.2350000143051147,1.4172816276550293,2.067227602005005,3.6967437267303462,0.8009999990463257,0.7077271938323975,2.548494815826416,3.145632743835449,1.73272705078125,3.792695999145508,11.31533145904541,2.272111654281616,3.6606252193450928,3.877707958221436,11.617788314819336,3.2150304317474365,1.4779069423675537,3.255000114440918,1.928988575935364,0.6570000052452087,0.6521548628807068,10.054473876953123,1.2355897426605225,2.139597654342652,2.82331919670105,15.419198989868164,1.1988388299942017,13.819953918457031,1.315000057220459,1.1200000047683716,3.858759641647339,18.270042419433597,1.5230768918991089,9.992632865905762,2.556781053543091,7.621195316314697,1.9682300090789795,13.584268569946287,3.373286724090576,10.140000343322754,0.8500000238418579,0.5923770070075989,,1.0197429656982422,1.645183563232422,1.975000023841858,12.403779029846191,
2024-04-30,3.466593980789185,0.729794979095459,2.420052528381348,3.5746631622314453,1.2825000286102295,2.636006116867065,3.8790552616119385,1.284999966621399,1.420135259628296,2.2348408699035645,3.688124418258667,0.8109999895095825,0.685275137424469,2.6310102939605717,3.1940269470214844,1.8627270460128784,3.825061798095703,11.58001708984375,2.404188871383667,3.6089932918548575,3.873913288116455,12.398643493652344,3.5160744190216064,1.605674386024475,3.2864060401916504,1.8876742124557493,0.6510000228881836,0.6617032289505005,9.47586727142334,1.3276716470718384,2.157665252685547,2.910638332366944,14.488157272338867,1.27869713306427,13.52989387512207,1.3899999856948853,1.0520000457763672,3.874260663986206,17.596933364868164,1.4621537923812866,9.592164039611816,2.5007028579711914,7.974177360534668,1.8303587436676023,13.268577575683594,3.3267202377319336,10.159259796142578,0.859000027179718,0.5961441397666931,,1.0434579849243164,1.6668431758880615,2.255000114440918,12.676191329956056,
2024-05-30,3.238283395767212,0.7074258327484131,2.2188515663146973,3.522512912750244,1.2397500276565552,2.6453869342803955,3.62406325340271,1.2100000381469729,1.3031381368637085,2.277675151824951,3.393150806427002,0.7860000133514404,0.6784418821334839,2.987628936767578,3.302430391311645,1.7727270126342771,4.22031831741333,10.918302536010742,2.2041587829589844,3.6819777488708496,3.8012173175811768,12.370314598083496,3.4624903202056885,1.552278995513916,3.0358119010925293,1.691922664642334,0.6449999809265137,0.6769806146621704,8.939945220947266,1.2684760093688965,1.9969576597213743,2.82331919670105,14.184144020080566,1.2488704919815063,12.58485984802246,1.7389999628067017,1.062999963760376,3.838414430618286,16.539196014404297,1.414153814315796,9.563558578491213,2.3875961303710938,7.623082637786865,1.8541297912597656,12.914621353149414,3.273634433746338,10.40000057220459,0.8109999895095825,0.6074454188346863,,1.0908879041671753,1.5792633295059204,2.569000005722046,11.923810005187988,
2024-06-30,3.4479565620422363,0.7083578705787659,2.234834909439087,3.685600996017456,1.2378499507904053,2.560959815979004,4.011688709259033,1.253999948501587,1.3849409818649292,2.3046793937683105,3.544468402862549,0.7649999856948853,0.674537181854248,3.0834226608276367,3.218224287033081,1.7799999713897705,4.457668304443359,12.17556095123291,2.2290430068969727,3.582793712615967,4.094869613647461,13.512916564941406,3.4137778282165527,1.513185977935791,3.022311925888061,1.618146896362305,0.6240000128746033,0.672206461429596,9.656088829040527,1.252502679824829,1.9969576597213743,2.813616991043091,14.849173545837402,1.2257789373397827,13.866738319396973,1.906999945640564,0.9210000038146972,4.497203826904297,17.885408401489258,1.4280000925064087,9.649373054504396,2.3742892742156982,7.559848308563232,1.909278154373169,14.014755249023438,3.356523036956787,11.074074745178224,0.7839999794960022,0.6404075622558594,3.314672946929932,1.0538924932479858,1.6037479639053345,2.740000009536743,11.952381134033203,
2024-07-31,3.5206432342529297,0.7400475740432739,2.2658612728118896,3.688445568084717,1.3489999771118164,2.6069257259368896,3.9033401012420654,1.218999981880188,1.41062331199646,2.272088050842285,3.664675712585449,0.7630000114440918,0.6491566300392151,3.277855634689331,3.161118984222412,1.709089994430542,4.153625011444092,12.374075889587402,2.2300000190734863,3.604314804077149,3.950434923171997,13.82453441619873,3.4488508701324463,1.8554883003234863,3.070405960083008,1.645689845085144,0.609000027179718,0.6788903474807739,9.912193298339844,1.2214953899383545,1.9969576597213743,2.6215147972106934,14.61166286468506,1.2488704919815063,13.79188346862793,1.8480000495910645,0.915000021457672,4.359632968902588,19.19083595275879,1.442769169807434,10.166813850402832,2.520662784576416,7.786360740661621,1.9977060556411743,14.952048301696776,3.44686222076416,11.41111183166504,0.7590000033378601,0.6404075622558594,2.9451091289520264,1.044406533241272,1.5915056467056274,3.2100000381469727,13.028572082519531,
2024-08-29,3.466593980789185,0.736319363117218,2.196287155151367,3.792746067047119,1.2910499572753906,2.61630654335022,3.815540790557861,1.190999984741211,1.4867188930511477,2.3465826511383057,3.727286338806152,0.734000027179718,0.8199872970581055,3.1052370071411133,3.1620867252349854,1.6818180084228516,4.118316173553467,12.489110946655272,2.2012875080108643,3.595893383026123,4.04608678817749,13.56013011932373,3.3319408893585205,2.193023204803467,3.106687068939209,1.649999976158142,0.6019999980926514,0.6913031935691833,10.452858924865724,1.2257819175720217,2.0483081340789795,2.58367657661438,14.91567611694336,1.29216730594635,13.987862586975098,1.7899999618530271,1.1419999599456787,4.354788780212402,19.03497314453125,1.347692370414734,10.624953269958496,2.42276382446289,7.589106559753418,2.197381496429444,15.48989200592041,3.3155441284179688,11.218518257141112,0.7400000095367432,0.659243106842041,2.8976073265075684,1.050098180770874,1.694153070449829,2.8559999465942383,13.171428680419922,
2024-09-30,3.494550466537476,0.808087170124054,2.223552703857422,3.911269426345825,1.2920000553131104,2.6763436794281006,4.109762668609619,1.2339999675750732,1.626544713973999,2.422008752822876,3.776200771331787,0.9290000200271606,0.8287728428840637,3.0729897022247314,3.361471652984619,1.68545401096344,4.269357681274414,12.624651908874512,2.363991498947144,3.8176541328430176,4.466000080108643,14.16448211669922,3.356297016143799,2.21686053276062,3.0619680881500244,1.6299999952316284,0.6470000147819519,0.7877418994903564,11.116833686828612,1.2565948963165283,2.0920510292053223,2.58367657661438,15.242668151855469,1.3296910524368286,14.660818099975586,1.7350000143051147,1.2940000295639038,4.281418800354004,20.79819107055664,1.391076922416687,10.712681770324709,2.4341695308685303,7.837325572967529,2.072822093963623,16.575359344482422,3.4347548484802246,10.862222671508787,0.7639999985694885,0.6761950850486755,2.9736104011535645,1.1079626083374023,1.7704322338104248,2.73799991607666,13.095237731933594,
2024-10-31,3.4432969093322754,0.8174076676368713,2.154918670654297,3.886616468429565,1.28725004196167,2.6791577339172363,3.9696569442749023,1.2020000219345093,1.7054939270019531,2.401522636413574,3.609891653060913,1.2050000429153442,0.7848449945449829,3.0065979957580566,3.1649904251098637,1.5590900182724,3.9398138523101807,12.924778938293455,2.2701973915100098,3.582793712615967,4.566434860229492,13.975622177124023,3.230618476867676,2.4323489665985107,3.0256869792938232,1.5820000171661377,0.621999979019165,0.7820128798484802,10.851243019104004,1.2354110479354858,2.0606703758239746,2.58367657661438,15.65776252746582,1.3277667760849,14.737727165222168,1.4520000219345093,1.274999976158142,4.212522506713867,19.97015953063965,1.3661538362503052,10.225298881530762,2.4208626747131348,7.998716354370117,1.9520658254623413,16.966516494750977,3.423578977584839,11.025925636291504,0.7440000176429749,0.6573595404624939,2.8881070613861084,1.0851963758468628,1.751597881317139,2.5299999713897705,13.076189994812012,
2024-11-28,3.317493200302124,0.8024948835372925,2.177483320236206,3.814554214477539,1.256850004196167,2.5994210243225098,3.92202091217041,1.125,1.7416393756866455,2.35123872756958,3.472930908203125,1.1699999570846558,0.7360000014305115,2.8927834033966064,3.0836880207061768,1.6181809902191162,3.7750418186187744,12.56656265258789,2.301781177520752,3.4817380905151367,4.468869686126709,13.682888984680176,3.119553804397583,2.455232620239258,3.015562057495117,1.531999945640564,0.6060000061988831,0.7409548759460449,11.230657577514648,1.2190415859222412,1.9788901805877688,2.5031487941741943,15.31024169921875,1.2863943576812744,14.237817764282228,1.4190000295639038,1.2300000190734863,4.10622501373291,20.379304885864254,1.4473845958709717,10.342270851135254,2.412308692932129,8.05062484741211,1.9492132663726809,16.722042083740234,3.4431369304656982,10.51555633544922,0.7239999771118164,0.6225138306617737,2.8558058738708496,1.0728645324707031,1.7308801412582395,2.552999973297119,12.971428871154783,
2024-12-31,3.214986562728882,0.7959704995155334,2.246117115020752,3.7491295337677,1.2511500120162964,2.6547677516937256,4.063060283660889,1.14900004863739,1.8938307762146,2.3279590606689453,3.6147828102111816,1.055999994277954,0.6949999928474426,3.1564536094665527,3.2617790699005127,1.694545030593872,3.712271690368652,12.847326278686523,2.3572919368743896,3.4040751457214355,4.352174282073975,13.71121883392334,3.190674304962158,2.336999893188477,3.029062032699585,1.4950000047683716,0.5839999914169312,0.7447741627693176,10.95558261871338,1.1670445203781128,2.018829107284546,2.3285107612609863,15.155787467956545,1.302750825881958,14.420476913452148,1.3700000047683716,1.152999997138977,4.083588123321533,20.80793190002441,1.4196922779083252,10.624953269958496,2.386645555496216,8.18747615814209,1.9634759426116943,16.90784454345703,3.7430260181427,10.582962989807127,0.7020000219345093,0.6215720772743225,2.850105762481689,1.06527578830719,1.7233463525772097,2.3489999771118164,13.495238304138184,
2025-01-30,3.2140543460845947,0.8500294089317322,2.27526330947876,3.840155601501465,1.3014999628067017,2.685724258422852,4.29563570022583,1.1920000314712524,1.9680238962173464,2.374518156051636,3.606956720352173,0.9860000014305116,0.7450000047683716,3.209567070007324,3.0536835193634038,1.63818097114563,3.815253973007202,13.29267406463623,2.285510778427124,3.434953212738037,4.390434741973877,13.739547729492188,3.054279088973999,2.3741860389709477,2.973373889923096,1.5299999713897705,0.5920000076293945,0.7571870684623718,12.255075454711914,1.3162952661514282,2.07303237915039,2.3527657985687256,15.28128147125244,1.2700378894805908,14.737727165222168,1.409000039100647,1.1790000200271606,4.24106502532959,20.067575454711918,1.5230768918991089,10.371514320373535,2.4835941791534424,8.353585243225098,1.9520658254623413,16.33088493347168,3.681558132171631,10.54444408416748,0.7699999809265137,0.6498253345489502,2.7902534008026123,1.0908879041671753,1.939941644668579,2.4679999351501465,14.09523868560791,
2025-02-27,3.3959999084472656,0.8658742904663086,2.335435390472412,4.0,1.19035005569458,2.6744675636291504,4.223714828491211,1.0950000286102295,1.940000057220459,2.3698623180389404,3.677000045776367,1.0,0.7059999704360962,3.128000020980835,3.0190000534057617,1.901818037033081,3.572999954223633,13.229999542236328,2.2204291820526123,3.5977649688720703,4.170434951782227,13.89063549041748,2.9743902683258057,2.2359302043914795,2.863687038421631,1.4290000200271606,0.5740000009536743,0.718999981880188,11.79977798461914,1.258999943733215,2.0,2.2799999713897705,14.850000381469728,1.2979999780654907,14.369999885559082,1.3049999475479126,1.065000057220459,4.5,20.82999992370605,1.5526154041290283,10.420251846313477,2.443674325942993,8.211071014404297,1.955999970436096,16.600000381469727,3.5350000858306885,10.550000190734863,0.6800000071525574,0.6639519929885864,2.8064041137695312,0.9884393215179444,1.950000047683716,2.2780001163482666,14.190475463867188,
2025-03-27,3.390000104904175,0.8202038407325745,2.2850000858306885,3.819999933242798,1.1710000038146973,2.640000104904175,4.179999828338623,1.0130000114440918,1.9210000038146973,2.3980000019073486,3.532000064849853,0.9760000109672546,0.6949999928474426,3.0739998817443848,3.0989999771118164,2.345000028610229,3.546999931335449,12.890000343322754,2.25,3.509999990463257,4.3253912925720215,14.249468803405762,2.96399998664856,2.2473721504211426,2.865000009536743,1.437999963760376,0.5659999847412109,0.7099999785423279,11.800000190734863,1.2649999856948853,1.838000059127808,2.407999992370605,14.880000114440918,1.253000020980835,14.850000381469728,1.3389999866485596,1.062999963760376,4.664999961853027,20.56999969482422,1.4800000190734863,10.199999809265137,2.503000020980835,8.359000205993652,1.901000022888184,16.100000381469727,3.505000114440918,10.989999771118164,0.6499999761581421,0.6449999809265137,2.673398971557617,1.0269999504089355,1.965000033378601,2.2279999256134038,14.066667556762695,
