Date,ABI.BR,ABO.BR,ACCB.BR,ACKB.BR,AED.BR,AGFB.BR,AGS.BR,ALEMS.BR,ARGX.BR,ASCE.BR,ATEB.BR,AZE.BR,B277.BR,B283.BR,B287.BR,B334.BR,B335.BR,B345.BR,B346.BR,B347.BR,B349.BR,B350.BR,B351.BR,B352.BR,B354.BR,B357.BR,BANI.BR,BAR.BR,BE0002654359.BR,BE0002655364.BR,BE0002657386.BR,BE0002673540.BR,BE0002735166.BR,BE0002827088.BR,BE0002867480.BR,BE0002920016.BR,BE0022780820.BR,BE0172505399.BR,BE0390159250.BR,BE0941243520.BR,BE0941244536.BR,BE0944264663.BR,BE0945331669.BR,BE3871289190.BR,BE3871292228.BR,BE3871295254.BR,BE3871301318.BR,BEKB.BR,BELYS.BR,BIOS.BR,BNB.BR,BPOST.BR,BREB.BR,BTLS.BR,CAMB.BR,CAND.BR,CENER.BR,CFEB.BR,CLEX.BR,CMBT.BR,COBH.BR,COFB.BR,COLR.BR,COMB.BR,CPINV.BR,CYAD.BR,DECB.BR,DEME.BR,DIE.BR,DIEG.BR,ECONB.BR,EKOP.BR,ELI.BR,EVS.BR,EXM.BR,FAGR.BR,FLOB.BR,FLUX.BR,FOU.BR,GBLB.BR,GIMB.BR,GREEN.BR,HOMI.BR,HYL.BR,HYSG.BR,IBAB.BR,IEP.BR,IMMO.BR,IMMOU.BR,INCLU.BR,JEN.BR,KBC.BR,KBCA.BR,KEYW.BR,KIN.BR,LOTB.BR,MCC.BR,MELE.BR,MIKO.BR,MONT.BR,MOUR.BR,NEWT.BR,NEXTA.BR,NYR.BR,NYXH.BR,OBEL.BR,ONTEX.BR,ONWD.BR,OPTI.BR,OXUR.BR,PAY.BR,PROX.BR,QFG.BR,QRF.BR,RECT.BR,RET.BR,ROCK.BR,ROU.BR,SEQUA.BR,SHUR.BR,SIP.BR,SMAR.BR,SOF.BR,SOFT.BR,SOLB.BR,SOLV.BR,SPA.BR,SYENS.BR,TESB.BR,TEXF.BR,TINC.BR,TITC.BR,TUB.BR,UCB.BR,UMI.BR,UPG.BR,VAN.BR,VASTB.BR,VGP.BR,VGP26.BR,VIO.BR,WDP.BR,WEB.BR,WEHB.BR,WHATS.BR,XIOR.BR,^BFX
2022-05-31,50.74449920654297,4.90903377532959,0.035777777433395386,151.08534240722656,94.64996337890625,3.9049999713897705,36.49526596069336,50.86399841308594,290.5,40.95333480834961,29.17393684387207,22.718366622924805,,,,,,,,,,,,,,,4.420000076293945,19.843666076660156,,,,,,,,,,,,,,,,,,,,34.661869049072266,2.5999999046325684,0.2720000147819519,1669.82421875,4.616759300231934,90.04235076904297,7.179999828338623,41.86040115356445,3.799999952316284,3.1874501705169678,7.334542274475098,2.5199999809265137,7.235589504241943,2987.6865234375,102.16142272949219,26.612878799438477,317.04132080078125,19.85617446899414,1.9500000476837158,2.304999351501465,,87.1647720336914,109.8702163696289,3.0450730323791504,17.799999237060547,149.5207061767578,18.23806381225586,2.1948330402374268,15.914111137390137,781.9838256835938,27.257240295410156,0.824999988079071,79.79440307617188,46.118255615234375,7.216948509216309,21.415552139282227,15.680000305175781,5.400000095367432,14.783686637878418,5.222916603088379,55.43545913696289,36.85224533081055,15.412748336791992,30.998153686523438,49.65260314941406,30.118131637573242,1.0199999809265137,48.04331588745117,4504.80517578125,365.9197082519531,72.52507019042969,95.662841796875,100.0,295.06097412109375,1.7999999523162842,61.39670181274414,0.23600000143051147,11.800000190734863,18.920000076293945,7.679999828338623,6.75,0.017999999225139618,3890.0,7.762240886688232,10.821093559265137,6.5,9.70887565612793,17.19431495666504,55.72528839111328,9.0,18.380144119262695,5.71999979019165,45.2780647277832,55.58247375488281,26.293621063232422,212.79177856445312,2.0119354724884033,11.59430980682373,86.66222381591797,173.1544189453125,,30.078086853027344,32.988712310791016,11.959687232971191,11.24735164642334,75.39973449707031,79.2485580444336,36.85395812988281,4.300000190734863,32.066131591796875,24.341386795043945,162.13426208496094,,3.6990201473236084,30.052753448486328,29.74529266357422,41.43766403198242,,39.339744567871094,3894.330078125
2022-06-30,49.956634521484375,4.957161903381348,0.03739999979734421,136.87005615234375,81.79228973388672,3.515000104904175,34.7093620300293,50.33599853515625,357.5,40.41142272949219,27.37045669555664,20.344139099121094,,,,,,,,,,,,,,,4.400000095367432,18.317230224609375,,,,,,,,,,,,,,,,,,,,28.648151397705078,1.690000057220459,0.25999999046325684,1625.0968017578125,4.462339878082275,87.5031967163086,7.300000190734863,38.182071685791016,3.5,2.6316137313842773,7.517331600189209,2.9600000381469727,7.015775203704834,3266.537353515625,86.89591979980469,22.837438583374023,304.2500305175781,19.528650283813477,1.7380000352859497,1.9976662397384644,102.42761993408203,84.65283203125,110.82560729980469,2.9112131595611572,17.899999618530273,132.45494079589844,19.029109954833984,1.9656380414962769,14.973422050476074,821.5780029296875,26.366479873657227,1.149999976158142,73.96484375,44.5950813293457,7.046915531158447,19.533849716186523,14.84000015258789,4.909999847412109,15.163264274597168,5.222916603088379,52.06788635253906,37.02286148071289,13.37880802154541,26.845752716064453,45.7556037902832,29.568309783935547,0.9900000095367432,44.94374465942383,5170.904296875,389.3104248046875,61.4779052734375,92.94257354736328,91.30000305175781,275.0846252441406,1.7999999523162842,47.67165756225586,0.23000000417232513,9.699999809265137,17.920000076293945,7.46999979019165,5.199999809265137,0.017899999395012856,4460.0,7.8620219230651855,9.468035697937012,6.119999885559082,9.02152156829834,13.577621459960938,54.77791213989258,8.800000190734863,16.705320358276367,5.360000133514404,41.326690673828125,55.10212707519531,25.550338745117188,189.12669372558594,2.0119354724884033,9.840526580810547,78.0818099975586,176.08924865722656,,28.564725875854492,30.60619354248047,11.7454833984375,10.310072898864746,76.27310180664062,77.78241729736328,29.668365478515625,2.8450000286102295,30.0184326171875,23.339998245239258,136.45851135253906,,3.176058292388916,26.254589080810547,28.89763069152832,37.95225143432617,,34.01803207397461,3682.070068359375
2022-07-29,50.84177017211914,4.812777996063232,0.03539999946951866,137.92660522460938,90.6419448852539,3.5299999713897705,35.180641174316406,47.167999267578125,357.20001220703125,41.185585021972656,26.946109771728516,20.81182098388672,,,,,,,,,,,,,,,4.300000190734863,23.205459594726562,,,,,,,,,,,,,,,,,,,,31.857927322387695,1.6200000047683716,0.24199999868869781,1595.278564453125,4.838490962982178,102.54280090332031,7.340000152587891,39.288795471191406,3.5,2.8431267738342285,8.674545288085938,2.819999933242798,8.120959281921387,2908.014892578125,92.09626007080078,23.787900924682617,299.68170166015625,19.815235137939453,1.7359999418258667,2.2869207859039307,110.34869384765625,96.72010803222656,106.0677490234375,2.893780469894409,18.079999923706055,145.28897094726562,19.42463493347168,2.08994722366333,14.449740409851074,790.2919311523438,26.900936126708984,1.2999999523162842,80.0914535522461,46.89635467529297,8.265483856201172,21.872533798217773,14.5600004196167,4.650000095367432,16.644508361816406,5.222916603088379,50.59996795654297,36.169795989990234,14.915562629699707,28.6805362701416,43.68745422363281,28.842187881469727,1.0499999523162842,47.08205795288086,5486.68505859375,380.769775390625,75.03987121582031,90.6756820678711,98.9000015258789,265.5330505371094,1.7999999523162842,57.46219253540039,0.2199999988079071,10.020000457763672,18.799999237060547,6.385000228881836,4.974999904632568,0.015200000256299973,3110.0,7.206853866577148,9.11799144744873,6.360000133514404,9.279278755187988,14.264130592346191,59.43619155883789,9.75,15.502878189086914,6.199999809265137,46.76563262939453,49.28820037841797,26.293621063232422,221.5207061767578,2.0119354724884033,10.881596565246582,84.94613647460938,172.1761474609375,,28.943065643310547,31.156003952026367,11.852585792541504,10.47878360748291,72.68263244628906,73.59622192382812,31.48480224609375,4.050000190734863,31.9354305267334,24.957624435424805,153.87490844726562,,3.2769618034362793,29.020071029663086,29.591176986694336,40.50822067260742,,35.00050354003906,3796.840087890625
2022-08-31,47.024017333984375,4.957161903381348,0.03400000184774399,140.03968811035156,84.33991241455078,3.6050000190734863,33.477420806884766,44.0,373.5,39.482421875,27.158281326293945,19.213909149169922,,,,,,,,,,,,,,,4.320000171661377,20.18893051147461,,,,,,,,,,,,,,,,,,,,28.279212951660156,1.6699999570846558,0.257999986410141,1575.399658203125,4.806815147399902,95.31597137451172,7.019999980926514,44.269065856933594,3.1600000858306885,2.557830333709717,9.057245254516602,2.819999933242798,9.842049598693848,2888.096923828125,84.88288116455078,24.35993766784668,308.818359375,17.60444450378418,1.9980000257492065,2.0790188312530518,111.09007263183594,91.38382720947266,112.73639678955078,2.710740089416504,20.700000762939453,141.95799255371094,19.380687713623047,3.3796539306640625,12.413200378417969,804.1915283203125,27.43539047241211,1.1699999570846558,70.08466339111328,45.2976188659668,7.934864521026611,19.954994201660156,13.800000190734863,4.599999904632568,17.248701095581055,5.079166889190674,51.981536865234375,38.38775634765625,14.056788444519043,28.48740005493164,40.49123001098633,27.778339385986328,1.100000023841858,42.94275665283203,5585.3662109375,373.652587890625,67.54037475585938,89.04351043701172,89.80000305175781,252.16090393066406,1.7999999523162842,54.35118103027344,0.2199999988079071,8.779999732971191,18.559999465942383,5.730000019073486,4.860000133514404,0.017799999564886093,2230.0,9.172359466552734,8.53570556640625,6.380000114440918,8.849682807922363,13.253437042236328,55.640560150146484,10.100000381469727,15.97526741027832,5.960000038146973,44.67373275756836,53.54017639160156,28.616378784179688,194.17007446289062,2.0279033184051514,10.263062477111816,85.06433868408203,171.1978759765625,,30.598304748535156,30.60619354248047,12.031087875366211,11.097387313842773,68.31584930419922,67.61592102050781,28.4753475189209,5.489999771118164,30.54124641418457,23.80217742919922,130.35379028320312,,3.281766414642334,26.587146759033203,28.74350929260254,40.19840621948242,,32.99462127685547,3585.840087890625
2022-09-30,45.467735290527344,4.543262481689453,0.03099999949336052,124.95996856689453,70.48439025878906,3.0250000953674316,30.955657958984375,40.47999954223633,368.5,39.25017166137695,21.74784278869629,22.21486473083496,,,,,,,,,,,,,,,4.039999961853027,19.89818000793457,,,,,,,,,,,,,,,,,,,,23.870386123657227,1.625,0.1850000023841858,862.7424926757812,4.367311954498291,87.79617309570312,5.519999980926514,37.81316375732422,3.799999952316284,2.5184788703918457,8.938791275024414,2.799999952316284,9.805350303649902,2788.50732421875,71.12716674804688,20.836978912353516,281.408447265625,14.738603591918945,1.4900000095367432,1.7210662364959717,104.26156616210938,88.10929107666016,111.781005859375,2.222632646560669,17.5,117.95543670654297,16.629596710205078,3.593310594558716,12.209546089172363,702.9229736328125,25.38664436340332,1.25,66.72431182861328,38.991477966308594,6.376230716705322,22.89851188659668,13.020000457763672,3.9600000381469727,11.694032669067383,4.600000381469727,38.6407585144043,33.61061477661133,14.147185325622559,27.038888931274414,41.58512878417969,28.234272003173828,1.0299999713897705,37.44985580444336,5180.77294921875,384.328369140625,62.870033264160156,83.60298156738281,77.19999694824219,238.78872680664062,1.2200000286102295,49.50166320800781,0.21400000154972076,6.599999904632568,18.0,5.514999866485596,5.300000190734863,0.01679999940097332,1260.0,9.031966209411621,7.132160663604736,5.639999866485596,8.763762474060059,12.814833641052246,49.17072677612305,10.0,14.429272651672363,6.380000114440918,39.24891662597656,46.85850143432617,25.921979904174805,172.15377807617188,2.0279033184051514,10.135793685913086,81.5199966430664,171.1978759765625,,28.47014045715332,29.873109817504883,11.102872848510742,10.178853988647461,66.8602523803711,68.59976959228516,27.022430419921875,3.384999990463257,28.493547439575195,21.02910804748535,87.89004516601562,,3.2385220527648926,21.983844757080078,29.205873489379883,35.93846130371094,,26.97073745727539,3370.2099609375
2022-10-31,49.2173957824707,4.86090612411499,0.03139999881386757,135.52537536621094,69.00944519042969,3.055000066757202,30.14811897277832,40.47999954223633,394.79998779296875,39.792091369628906,22.225234985351562,22.56562614440918,,,,,,,,,,,,,,,4.119999885559082,19.861839294433594,,,,,,,,,,,,,,,,,,,,26.010234832763672,1.309999942779541,0.2199999988079071,834.912109375,3.9594850540161133,94.2417221069336,7.079999923706055,38.182071685791016,3.180000066757202,2.74474835395813,9.786198616027832,2.0199999809265137,10.784049034118652,2748.671630859375,70.4142074584961,22.587284088134766,286.8904113769531,13.461258888244629,1.0740000009536743,1.8620778322219849,109.8414306640625,102.05638885498047,122.29032897949219,2.4013149738311768,18.100000381469727,125.30316162109375,18.194114685058594,3.6981968879699707,12.219244003295898,687.0377197265625,24.941265106201172,1.25,69.24922180175781,38.414154052734375,6.328999042510986,20.788318634033203,12.9399995803833,4.409999847412109,13.759980201721191,5.150000095367432,35.74810028076172,34.69176483154297,13.514404296875,27.232025146484375,43.32852554321289,30.378862380981445,1.0399999618530273,37.430233001708984,5555.76171875,398.6339111328125,63.83906555175781,81.60811614990234,69.0999984741211,252.16090393066406,1.059999942779541,45.93315505981445,0.19750000536441803,6.110000133514404,17.139999389648438,5.96999979019165,6.050000190734863,0.01549999974668026,256.0,8.844775199890137,7.142258167266846,5.659999847412109,7.973306179046631,13.329715728759766,51.41360092163086,9.75,14.300439834594727,6.800000190734863,41.56045150756836,49.548526763916016,27.408544540405273,191.5513916015625,2.0279033184051514,11.612125396728516,89.0517349243164,165.3282470703125,,28.990358352661133,30.422922134399414,11.390856742858887,10.553766250610352,65.11354064941406,73.61550903320312,29.910324096679688,3.859999895095825,27.796457290649414,21.79940414428711,68.94745635986328,,3.60850191116333,22.736473083496094,29.437053680419922,37.68116760253906,,24.0538387298584,3567.429931640625
2022-11-30,54.51848220825195,5.1015448570251465,0.03099999949336052,145.03424072265625,66.99815368652344,2.7799999713897705,33.10871505737305,40.47999954223633,390.0,40.256587982177734,25.83219337463379,24.94300651550293,,,,,,,,,,,,,,,3.9800000190734863,19.734634399414062,,,,,,,,,,,,,,,,,,,,31.156940460205078,1.2050000429153442,0.14000000059604645,803.1058959960938,4.3475141525268555,98.24577331542969,6.900000095367432,40.2110710144043,3.9800000190734863,3.1431798934936523,8.546977996826172,2.200000047683716,11.383503913879395,2768.589599609375,69.53351593017578,23.318893432617188,292.3724060058594,12.134783744812012,1.0,2.133254051208496,114.79698181152344,109.57568359375,110.69185638427734,2.4536123275756836,17.420000076293945,133.23870849609375,18.899372100830078,3.8315486907958984,12.141661643981934,694.9803466796875,24.495885848999023,1.2799999713897705,71.12432861328125,36.682186126708984,6.017271995544434,20.82863998413086,13.5,4.409999847412109,14.03283977508545,5.150000095367432,41.61976623535156,35.94353103637695,12.700828552246094,26.3629150390625,45.95707321166992,33.35089111328125,1.0199999809265137,35.66465759277344,6039.30029296875,414.1494140625,75.6831283569336,80.33865356445312,63.400001525878906,276.99493408203125,1.2200000286102295,42.31888961791992,0.1745000034570694,5.21999979019165,17.040000915527344,6.389999866485596,6.179999828338623,0.016499999910593033,152.0,9.640336990356445,6.730281829833984,5.760000228881836,7.818652153015137,14.225991249084473,52.017452239990234,9.5,14.81577205657959,6.5,39.390438079833984,49.28820037841797,28.523469924926758,199.40744018554688,1.9320968389511108,11.948119163513184,89.4947738647461,164.34996032714844,,30.172672271728516,30.60619354248047,11.521356582641602,11.584772109985352,69.48033142089844,74.05921173095703,30.672658920288086,3.494999885559082,28.232139587402344,22.03049659729004,73.98151397705078,,4.0265302658081055,22.141368865966797,28.974689483642578,38.53315734863281,82.84001922607422,23.081539154052734,3684.97998046875
2022-12-30,54.73247146606445,5.630949974060059,0.03280000016093254,153.8707733154297,67.75797271728516,2.6700000762939453,35.6475944519043,19.571199417114258,348.29998779296875,40.64366912841797,25.673063278198242,25.83939552307129,,,,,,,,,,,,,,,4.019999980926514,20.970319747924805,,,,,,,,,,,,,,,,,,,,33.46281051635742,1.1399999856948853,0.09600000083446503,677.8690795898438,3.8042728900909424,106.05855560302734,6.800000190734863,42.24007034301758,3.9600000381469727,2.9710183143615723,8.692769050598145,2.6600000858306885,9.59737491607666,2788.50732421875,70.20452117919922,19.725671768188477,299.68170166015625,12.904465675354004,0.5059999823570251,2.2146074771881104,120.96214294433594,108.66609191894531,112.73639678955078,2.484118700027466,17.299999237060547,130.1036834716797,20.024335861206055,3.398193120956421,12.868997573852539,685.0520629882812,24.941265106201172,1.149999976158142,69.23065185546875,39.08029556274414,6.328999042510986,20.265674591064453,11.600000381469727,4.300000190734863,15.163264274597168,5.150000095367432,38.856632232666016,35.58588409423828,12.429636001586914,25.590375900268555,52.35307312011719,35.563026428222656,1.0399999618530273,38.03837585449219,6236.6630859375,419.91436767578125,74.08258056640625,81.60811614990234,66.5999984741211,303.7392578125,1.25,47.48866271972656,0.17599999904632568,5.139999866485596,17.239999771118164,6.239999771118164,6.21999979019165,0.020999999716877937,190.0,9.359550476074219,6.3864006996154785,6.0,7.853019714355469,14.81715202331543,53.48394775390625,9.300000190734863,15.245214462280273,6.0,40.42826843261719,51.110477447509766,30.19585609436035,199.40744018554688,2.0917742252349854,12.021933555603027,91.58821868896484,156.52377319335938,,31.544157028198242,30.789461135864258,11.65185832977295,11.24735164642334,68.70401000976562,70.95330810546875,30.780282974243164,3.5950000286102295,26.315143585205078,22.877822875976562,75.04253387451172,,3.8631627559661865,23.366586685180664,28.28114891052246,37.95225143432617,78.3922348022461,24.434303283691406,3701.169921875
2023-01-31,53.584716796875,5.775333881378174,0.031199999153614044,152.6221160888672,72.00402069091797,2.880000114440918,38.52212142944336,10.559999465942383,347.0,42.037166595458984,26.627845764160156,24.14405059814453,,,,,,,,,,,,,,,3.9000000953674316,21.11569595336914,,,,,,,,,,,,,,,,,,,,35.65800476074219,1.190000057220459,0.11699999868869781,644.0750122070312,3.9341442584991455,104.69131469726562,6.880000114440918,53.95292663574219,3.359999895095825,3.689178228378296,8.428523063659668,2.6600000858306885,8.851116180419922,2768.589599609375,69.99483489990234,22.49467658996582,303.33636474609375,13.43871784210205,1.3700000047683716,2.241724729537964,115.6749267578125,106.05858612060547,105.11235809326172,2.484118700027466,17.600000381469727,126.18489074707031,20.069332122802734,3.3166708946228027,13.159931182861328,694.9803466796875,26.010177612304688,1.0700000524520874,72.79521942138672,38.414154052734375,6.319552898406982,18.367887496948242,14.5,4.610000133514404,16.157257080078125,5.25,40.713111877441406,35.764705657958984,12.881622314453125,29.453075408935547,59.13247299194336,37.97780227661133,1.0199999809265137,38.116851806640625,5891.27880859375,412.8683166503906,89.1734848022461,79.43190002441406,73.5999984741211,280.8155517578125,1.5,43.92014694213867,0.16500000655651093,5.039999961853027,16.600000381469727,7.130000114440918,5.71999979019165,0.0203000009059906,200.0,8.610786437988281,6.68172550201416,5.78000020980835,8.21388053894043,16.39993667602539,54.691650390625,9.75,15.631712913513184,5.539999961853027,41.796321868896484,47.89979934692383,28.523469924926758,211.04600524902344,1.9161291122436523,14.659317016601562,100.65636444091797,154.56723022460938,,30.69289207458496,32.988712310791016,11.577285766601562,13.534314155578613,71.80927276611328,72.70881652832031,31.058307647705078,4.480000019073486,27.099369049072266,22.877822875976562,88.35340881347656,,4.314826011657715,25.43194580078125,29.205873489379883,40.27585983276367,75.79769897460938,26.082984924316406,3860.530029296875
2023-02-28,55.66624069213867,5.871589183807373,0.02979999966919422,153.96681213378906,71.60177612304688,2.799999952316284,36.775028228759766,11.263998985290527,342.20001220703125,42.03694152832031,26.627845764160156,23.345094680786133,,,,,,,,,,,,,,,4.039999961853027,24.49566078186035,,,,,,,,,,,,,,,,,,,,38.57262420654297,1.1699999570846558,0.17239999771118164,654.0144653320312,3.999080181121826,104.69131469726562,6.400000095367432,56.25860595703125,3.9600000381469727,3.876096725463867,8.683656692504883,2.6600000858306885,10.582192420959473,2728.753662109375,73.34988403320312,23.698589324951172,307.9046630859375,13.121416091918945,1.1200000047683716,2.309519052505493,116.12366485595703,111.27359771728516,108.8766098022461,2.6715176105499268,18.540000915527344,122.26610565185547,19.934337615966797,3.565528392791748,14.82795524597168,812.1341552734375,25.653871536254883,1.1299999952316284,73.81631469726562,38.414154052734375,6.073949813842773,19.07084083557129,13.5,4.650000095367432,17.989320755004883,5.050000190734863,45.93717575073242,36.301177978515625,13.424006462097168,29.549644470214844,61.60721969604492,41.37199401855469,1.0199999809265137,40.804447174072266,6068.90478515625,419.2026062011719,93.65501403808594,83.05892944335938,77.9000015258789,271.26397705078125,1.2000000476837158,45.384151458740234,0.125,5.119999885559082,16.0,7.494999885559082,4.974999904632568,0.01979999989271164,126.0,8.704381942749023,6.190464019775391,5.900000095367432,8.849682807922363,16.342727661132812,59.95378112792969,9.75,15.15932559967041,5.28000020980835,43.68328857421875,52.41210174560547,27.59436798095703,229.2797393798828,1.8522580862045288,14.879242897033691,101.56317138671875,156.52377319335938,,30.03079605102539,32.80543899536133,11.484070777893066,14.677794456481934,74.91453552246094,78.49620056152344,28.313913345336914,4.21999979019165,27.883594512939453,24.88059425354004,82.08380126953125,,4.386900424957275,25.34442901611328,29.35999298095703,43.99363327026367,75.61236572265625,26.75936508178711,3902.2099609375
2023-03-31,59.654212951660156,5.727205753326416,0.029999999329447746,145.99472045898438,66.23833465576172,2.694999933242798,34.30500030517578,9.011198997497559,340.70001220703125,40.6190299987793,23.76349639892578,22.760494232177734,,,,,,,,,,,,,,,3.9200000762939453,24.931785583496094,,,,,,,,,,,,,,,,,,,,38.36970520019531,1.034999966621399,0.1363999992609024,576.4869384765625,4.153499603271484,104.3006820678711,6.139999866485596,51.18610763549805,3.9600000381469727,3.876096725463867,9.148365020751953,2.259999990463257,9.389402389526367,2688.91796875,68.40118408203125,24.930286407470703,309.7320251464844,11.889533042907715,0.8510000109672546,2.2688422203063965,114.95304870605469,108.48417663574219,101.29078674316406,2.5799973011016846,18.81999969482422,119.13107299804688,19.754344940185547,4.161928176879883,15.254658699035645,794.2632446289062,25.297569274902344,1.2000000476837158,72.8694839477539,39.524391174316406,6.026718616485596,19.18242073059082,12.680000305175781,4.599999904632568,15.553064346313477,5.050000190734863,41.44707107543945,35.58588409423828,13.198014259338379,31.287858963012695,55.15894317626953,35.900760650634766,0.9900000095367432,46.43467712402344,6364.94921875,412.797119140625,97.31341552734375,75.26082611083984,74.5,328.5732727050781,1.2000000476837158,36.27987289428711,0.1264999955892563,6.880000114440918,15.260000228881836,6.869999885559082,4.699999809265137,0.01940000057220459,102.0,8.329999923706055,6.313989162445068,5.599999904632568,9.064480781555176,16.342727661132812,56.15814208984375,9.75,14.85871410369873,4.909999847412109,41.60762023925781,52.93274688720703,27.315635681152344,200.18331909179688,1.6766128540039062,14.480629920959473,101.1097640991211,158.48031616210938,,27.24053192138672,32.622169494628906,11.353570938110352,13.590551376342773,73.94414520263672,79.51863861083984,27.99104118347168,4.190000057220459,31.543315887451172,23.494060516357422,79.28657531738281,,4.045750141143799,23.9091796875,30.053537368774414,41.59257125854492,80.0601577758789,26.209806442260742,3793.18994140625
2023-04-28,57.48514175415039,5.775333881378174,0.029200000688433647,153.29446411132812,67.71328735351562,2.5450000762939453,34.76113510131836,8.095998764038086,348.70001220703125,42.03694152832031,23.76349639892578,20.948226928710938,,,,,,,,,,,,,,,3.880000114440918,24.059534072875977,,,,,,,,,,,,,,,,,,,,38.923118591308594,1.059999942779541,0.09099999815225601,492.9956970214844,3.5302772521972656,99.8083267211914,6.5,51.647247314453125,3.9600000381469727,4.648364543914795,8.929678916931152,2.259999990463257,9.481155395507812,2688.91796875,72.67887878417969,23.29111099243164,304.2500305175781,12.729453086853027,0.6600000262260437,2.1242148876190186,116.86504364013672,103.39044952392578,96.49471282958984,2.7150986194610596,17.299999237060547,121.87422180175781,19.889339447021484,5.0972900390625,16.35051155090332,809.1557006835938,26.366479873657227,1.1699999570846558,75.4686508178711,42.01131820678711,5.856685638427734,18.2432918548584,12.850000381469727,4.71999979019165,16.196237564086914,5.150000095367432,41.72557830810547,34.69176483154297,13.288410186767578,29.356508255004883,56.4485969543457,36.86328887939453,0.9350000023841858,45.022220611572266,6177.45458984375,412.797119140625,78.9756851196289,73.90068054199219,79.4000015258789,334.30419921875,1.0800000429153442,43.92014694213867,0.12800000607967377,7.300000190734863,14.720000267028809,7.775000095367432,4.829999923706055,0.01979999989271164,56.0,8.189606666564941,5.986783504486084,5.699999809265137,9.665915489196777,12.319022178649902,57.96969223022461,10.0,15.07343578338623,3.3299999237060547,44.27296447753906,51.28402328491211,27.315635681152344,201.54116821289062,1.9161291122436523,14.961713790893555,102.46998596191406,164.34996032714844,,28.4228458404541,31.7058162689209,11.139176368713379,13.721770286560059,74.5263900756836,82.71453857421875,26.690595626831055,4.054999828338623,30.846227645874023,23.494060516357422,91.6329116821289,,4.675195693969727,24.59111785888672,32.05710220336914,41.198848724365234,84.13729095458984,25.24307632446289,3801.81005859375
2023-05-31,49.17891311645508,5.48656702041626,0.03060000017285347,150.15443420410156,57.58708953857422,2.4549999237060547,33.37800979614258,7.039999008178711,364.6000061035156,40.70243453979492,13.527776718139648,22.351272583007812,,,,,,,,,,,,,,,3.880000114440918,22.40165138244629,,,,,,,,,,,,,,,,,,,,38.42557907104492,1.1699999570846558,0.11999999731779099,502.42498779296875,3.7680115699768066,98.27521514892578,6.019999980926514,52.10838317871094,3.9600000381469727,5.705928802490234,9.533987045288086,2.259999990463257,9.065207481384277,2669.0,65.80060577392578,28.708724975585938,280.8461608886719,11.758878707885742,0.5260000228881836,2.280891180038452,116.27973175048828,98.05416870117188,110.82560729980469,2.3795244693756104,17.299999237060547,110.80365753173828,20.613876342773438,5.018459796905518,16.542892456054688,769.4425048828125,25.453210830688477,1.149999976158142,69.32311248779297,39.08029556274414,6.328999042510986,16.67239761352539,11.800000190734863,4.5,14.617542266845703,5.25,36.50988006591797,34.15529251098633,13.981771469116211,30.41874885559082,55.936920166015625,37.67384338378906,0.9700000286102295,41.039215087890625,5795.740234375,423.4729309082031,80.12769317626953,76.16757202148438,75.9000015258789,361.0485534667969,1.3899999856948853,42.28410339355469,0.12150000035762787,7.179999828338623,13.600000381469727,7.119999885559082,5.820000171661377,0.01940000057220459,40.0,8.98516845703125,5.624324321746826,5.519999980926514,9.259259223937988,11.785070419311523,59.623741149902344,11.399999618530273,15.492921829223633,3.299999952316284,40.918575286865234,50.93692398071289,26.546180725097656,190.15176391601562,1.9161291122436523,17.233243942260742,98.84273529052734,167.78697204589844,,27.60662269592285,34.81008529663086,11.139176368713379,15.427617073059082,70.36947631835938,79.87312316894531,23.757461547851562,3.4600000381469727,30.870346069335938,24.02808952331543,91.82869720458984,,5.544888019561768,23.793176651000977,31.462989807128906,40.44367980957031,75.98301696777344,24.498056411743164,3536.7900390625
2023-06-30,51.07079315185547,6.06410026550293,0.03020000085234642,147.7057342529297,56.96623229980469,2.25,33.18130111694336,5.6319990158081055,355.3999938964844,36.69891357421875,14.767824172973633,20.61569595336914,,,,,,,,,,,,,,,3.8399999141693115,21.10782814025879,,,,,,,,,,,,,,,,,,,,39.846614837646484,1.1050000190734863,0.08020000159740448,590.1499633789062,3.8719303607940674,99.85710906982422,5.840000152587891,56.75949478149414,3.9600000381469727,5.928614616394043,8.766340255737305,2.259999990463257,9.647815704345703,2560.0,62.35649871826172,31.625904083251953,294.88848876953125,11.5162353515625,0.5220000147819519,2.1269659996032715,121.93765258789062,99.96915435791016,118.46875762939453,2.458787441253662,17.25,113.93869018554688,20.235641479492188,5.018459796905518,15.174979209899902,764.4783325195312,25.35963249206543,1.1200000047683716,69.40005493164062,38.769432067871094,6.196751594543457,15.080090522766113,10.949999809265137,4.28000020980835,15.0914945602417,5.400000095367432,32.125,35.22823715209961,13.5078125,30.222497940063477,58.44210433959961,38.219974517822266,0.9700000286102295,40.69393539428711,7227.2783203125,448.3420104980469,84.3992919921875,69.75599670410156,70.5999984741211,360.96002197265625,2.2200000286102295,42.865997314453125,0.1274999976158142,7.0,13.84000015258789,6.880000114440918,5.400000095367432,0.01640000008046627,18.0,8.98516845703125,5.285099029541016,5.460000038146973,9.129629135131836,10.660353660583496,55.158939361572266,11.5,15.038583755493164,3.259999990463257,39.98187255859375,51.8609619140625,25.488182067871094,186.9004669189453,1.7999999523162842,18.052024841308594,103.37680053710938,159.89111328125,,29.110671997070312,34.04502487182617,11.185783386230469,16.6210880279541,69.6824722290039,79.5595932006836,23.382823944091797,3.494999885559082,30.73065948486328,22.619544982910156,88.89852142333984,,5.731818199157715,22.77761459350586,29.956783294677734,38.93333435058594,76.69862365722656,23.88450813293457,3543.179931640625
2023-07-31,51.287567138671875,6.786017417907715,0.029999999329447746,155.1497802734375,60.653995513916016,2.3399999141693115,34.45096969604492,5.279998779296875,457.0,38.90919494628906,15.7824068069458,23.202531814575195,,,,,,,,,,,,,,,3.819999933242798,19.573720932006836,,,,,,,,,,,,,,,,,,,,41.69011688232422,1.0850000381469727,0.050999999046325684,588.15625,4.216401100158691,98.7695541381836,5.880000114440918,55.79747009277344,2.9600000381469727,6.939849853515625,8.718954086303711,1.840000033378601,10.33496379852295,2500.0,64.53172302246094,32.01485824584961,285.5269470214844,12.001522064208984,0.5099999904632568,2.1502881050109863,118.87686920166016,97.99323272705078,117.51336669921875,2.431004524230957,19.399999618530273,109.62802124023438,20.85027503967285,5.346770286560059,15.922903060913086,717.1653442382812,25.266054153442383,1.2400000095367432,70.7272720336914,39.593406677246094,6.3101067543029785,15.642082214355469,11.75,3.740000009536743,14.498897552490234,5.25,33.23276138305664,35.22823715209961,13.081250190734863,31.399999618530273,62.53817367553711,38.822296142578125,0.9300000071525574,43.75214385986328,7237.2197265625,448.3420104980469,91.9097900390625,69.2715835571289,73.69999694824219,355.0747985839844,2.2200000286102295,45.58148956298828,0.12999999523162842,7.119999885559082,13.84000015258789,7.804999828338623,5.21999979019165,0.018799999728798866,18.0,8.376797676086426,5.395075798034668,5.5,9.814814567565918,11.2667236328125,54.0427360534668,10.800000190734863,14.357077598571777,3.259999990463257,39.752471923828125,54.75822067260742,25.58436393737793,213.00938415527344,1.600000023841858,19.251964569091797,107.9108657836914,167.78697204589844,,29.595849990844727,31.558591842651367,11.65185832977295,18.584514617919922,69.8787612915039,78.89332580566406,24.59811019897461,3.9100000858306885,31.66189193725586,24.77379035949707,96.74542999267578,,6.41767692565918,24.373497009277344,29.956783294677734,40.61149597167969,75.7398910522461,24.848655700683594,3776.610107421875
2023-08-31,51.73097610473633,6.689761161804199,0.02800000086426735,142.22064208984375,59.97467041015625,2.1050000190734863,32.79682540893555,5.45599889755249,464.79998779296875,36.99083709716797,10.794038772583008,20.18126678466797,,,,,,,,,,,,,,,3.640000104904175,18.298377990722656,,,,,,,,,,,,,,,,,,,,42.016571044921875,0.9340000152587891,0.03359999880194664,528.34375,4.177912712097168,96.10010528564453,5.519999980926514,59.645572662353516,3.700000047683716,7.078646659851074,7.648038864135742,2.240000009536743,11.171338081359863,2440.0,65.16616821289062,32.626075744628906,276.1654052734375,11.422910690307617,0.7519999742507935,2.1456234455108643,106.63373565673828,93.11519622802734,117.51336669921875,2.5791802406311035,18.75,104.33766174316406,23.4979305267334,5.318629741668701,16.188613891601562,707.2047119140625,24.236696243286133,1.159999966621399,71.51590728759766,39.970489501953125,5.96059513092041,14.630497932434082,11.399999618530273,3.5,12.029739379882812,5.25,30.924928665161133,33.61882019042969,12.844271659851074,32.18499755859375,55.37005615234375,37.343868255615234,0.9549999833106995,43.30821228027344,7227.2783203125,425.284423828125,81.86449432373047,65.88066864013672,74.0999984741211,370.7687072753906,1.600000023841858,43.4478874206543,0.13199999928474426,7.300000190734863,13.5,7.460000038146973,4.579999923706055,0.017000000923871994,17.0,8.236404418945312,5.404369831085205,5.340000152587891,9.185185432434082,9.91706371307373,52.833518981933594,10.899999618530273,11.903653144836426,3.5799999237060547,40.4788932800293,52.92328643798828,26.834726333618164,204.53631591796875,1.5499999523162842,18.86374855041504,108.34661865234375,162.85206604003906,,27.752174377441406,31.558591842651367,11.092568397521973,17.418121337890625,69.3880386352539,81.12726593017578,22.597089767456055,3.265000104904175,31.010028839111328,23.28238868713379,95.65282440185547,,6.858585834503174,23.938257217407227,28.9526424407959,39.8563232421875,73.82242584228516,23.753034591674805,3665.969970703125
2023-09-29,51.74082946777344,5.48656702041626,0.028999999165534973,140.1637420654297,52.25947952270508,1.8300000429153442,34.89803695678711,5.6319990158081055,460.6000061035156,34.44693374633789,6.7920708656311035,18.473163604736328,,,,,,,,,,,,,,,3.5999999046325684,16.986068725585938,,,,,,,,,,,,,,,,,,,,40.74916076660156,0.7200000286102295,0.11500000208616257,471.5218811035156,4.989055156707764,93.92500305175781,4.699999809265137,63.49367141723633,3.0399999618530273,6.5432868003845215,6.633986949920654,2.240000009536743,11.246963500976562,2200.0,58.821754455566406,38.6957893371582,257.44232177734375,11.086942672729492,0.6340000033378601,2.0243492126464844,102.68433380126953,98.73420715332031,105.09325408935547,2.3106119632720947,19.899999618530273,90.76886749267578,25.38911247253418,5.206066131591797,15.854015350341797,747.0472412109375,23.207338333129883,1.25,67.86125183105469,38.980648040771484,5.771669864654541,14.911493301391602,11.699999809265137,3.4000000953674316,9.758112907409668,5.449999809265137,26.909303665161133,31.65176773071289,11.801562309265137,31.399999618530273,54.07174301147461,35.31788635253906,0.8550000190734863,46.46507263183594,7644.810546875,415.0365905761719,76.70101928710938,62.005332946777344,67.30000305175781,382.5391540527344,1.7999999523162842,44.32072448730469,0.12600000202655792,6.940000057220459,13.739999771118164,6.949999809265137,4.28000020980835,0.010400000028312206,12.0,7.487640380859375,5.962000370025635,5.099999904632568,9.074073791503906,9.173772811889648,52.74050521850586,10.600000381469727,11.358447074890137,2.9200000762939453,35.843177795410156,50.79862976074219,25.488182067871094,188.969482421875,1.399999976158142,18.502002716064453,108.34661865234375,164.82603454589844,,26.490711212158203,32.51491165161133,11.278998374938965,16.73772621154785,66.8362808227539,75.9735336303711,20.731700897216797,2.569999933242798,30.777219772338867,22.370981216430664,87.35893249511719,,5.153737545013428,21.254270553588867,27.111726760864258,38.59770202636719,67.11129760742188,23.753034591674805,3553.010009765625
2023-10-31,52.844425201416016,5.294055938720703,0.02800000086426735,137.4211883544922,49.93037033081055,1.5219999551773071,33.77933883666992,5.6319990158081055,444.1000061035156,35.65633010864258,7.5811920166015625,15.89620304107666,,,,,,,,,,,,,,,3.5,13.39108657836914,,,,,,,,,,,,,,,,,,,,36.6780891418457,0.7400000095367432,0.04899999871850014,423.671875,4.926511287689209,83.04947662353516,3.1500000953674316,64.45569610595703,3.0,6.345005512237549,6.273856163024902,2.0,12.367265701293945,2160.0,53.20241928100586,36.91027069091797,247.14463806152344,10.88162899017334,0.5680000185966492,2.1083083152770996,86.39307403564453,86.50821685791016,105.09325408935547,2.1439144611358643,18.0,87.82978057861328,25.152711868286133,5.281108379364014,16.316547393798828,652.4212646484375,21.52293586730957,1.25,66.36091613769531,34.40855407714844,5.206949710845947,12.813393592834473,12.449999809265137,3.299999952316284,9.18526840209961,5.199999809265137,24.232219696044922,30.49411964416504,11.422396659851074,30.614999771118164,47.45220947265625,32.58006286621094,0.8999999761581421,45.87316131591797,6958.865234375,403.080810546875,66.13948822021484,50.37933349609375,66.69999694824219,372.7304382324219,1.899999976158142,43.88430404663086,0.10750000178813934,5.5,13.539999961853027,6.909999847412109,3.0,0.006800000090152025,8.0,6.645280838012695,6.058036804199219,4.599999904632568,8.574073791503906,8.303339958190918,53.48463821411133,10.399999618530273,10.813241958618164,2.4000000953674316,34.29293441772461,50.6054801940918,25.29581642150879,176.35836791992188,1.4199999570846558,17.600282669067383,100.87444305419922,148.04733276367188,,26.684783935546875,31.558591842651367,10.719709396362305,17.379240036010742,63.59752655029297,67.66484069824219,20.731700897216797,2.299999952316284,29.752866744995117,22.619544982910156,76.23420715332031,,4.7618184089660645,21.145458221435547,27.613794326782227,35.8287353515625,63.08462142944336,23.796859741210938,3356.760009765625
2023-11-30,56.7661247253418,5.630949974060059,0.028200000524520874,148.58726501464844,55.850196838378906,1.3600000143051147,36.779048919677734,6.511999130249023,407.3999938964844,38.32534408569336,5.539999961853027,20.26025390625,,,,,,,,,,,,,,,3.5999999046325684,14.269038200378418,,,,,,,,,,,,,,,,,,,,40.92198944091797,0.722000002861023,0.04039999842643738,491.4593811035156,4.435784816741943,90.36573791503906,3.0399999618530273,66.86076354980469,3.9000000953674316,6.900193214416504,6.937254905700684,2.200000047683716,12.008475303649902,2240.0,58.54984664916992,37.34484100341797,250.88925170898438,11.908198356628418,0.4000000059604645,2.1129729747772217,96.06909942626953,96.69654846191406,106.04864501953125,2.278198480606079,18.399999618530273,97.43079376220703,27.150489807128906,6.883033752441406,17.093994140625,692.2637939453125,21.335779190063477,1.1200000047683716,69.91939544677734,41.337398529052734,5.668081760406494,13.712579727172852,12.550000190734863,3.4200000762939453,10.785283088684082,5.25,25.616918563842773,31.62352752685547,12.654687881469727,34.441871643066406,49.0487060546875,33.05461883544922,0.9200000166893005,44.787994384765625,7933.10595703125,401.3728332519531,80.63582611083984,54.73908233642578,79.69999694824219,366.84521484375,1.399999976158142,48.781890869140625,0.10100000351667404,4.550000190734863,13.479999542236328,7.025000095367432,3.450000047683716,0.009399999864399433,9.0,6.598483085632324,6.820131778717041,5.119999885559082,8.796296119689941,9.858383178710938,57.39134216308594,10.100000381469727,11.449315071105957,2.6500000953674316,38.71672821044922,51.95753479003906,27.988908767700195,201.1864776611328,1.4199999570846558,18.731403350830078,106.47856903076172,153.96922302246094,,26.733299255371094,31.558591842651367,10.952746391296387,19.109390258789062,64.57897186279297,66.46949005126953,22.652498245239258,2.234999895095825,31.242835998535156,23.779523849487305,93.96424865722656,,5.339898586273193,23.37607192993164,29.1200008392334,40.19195556640625,65.57732391357422,26.864593505859375,3529.02001953125
2023-12-29,57.56425857543945,5.582822322845459,0.028200000524520874,155.5415802001953,61.7700309753418,1.4700000286102295,36.62068176269531,8.27199935913086,343.5,41.453094482421875,7.440000057220459,21.899240493774414,,,,,,,,,,,,,,,3.819999933242798,15.294856071472168,,,,,,,,,,,,,,,,,,,,44.6666145324707,0.7200000286102295,0.06120000034570694,546.2874755859375,4.487744331359863,100.4503173828125,4.670000076293945,69.26582336425781,3.299999952316284,7.038990497589111,7.231045722961426,1.5499999523162842,12.106719970703125,2160.0,64.7129898071289,39.50921630859375,260.25079345703125,13.308064460754395,0.38999998569488525,2.1223018169403076,109.99072265625,109.23127746582031,114.64718627929688,2.3800692558288574,19.149999618530273,110.99959564208984,27.77629852294922,6.838046550750732,16.346071243286133,657.4015502929688,21.335779190063477,1.1200000047683716,68.49600982666016,41.76161575317383,5.7257232666015625,14.518099784851074,12.75,3.4000000953674316,11.397634506225586,5.449999809265137,27.509340286254883,31.811763763427734,12.417709350585938,32.57749938964844,54.75551986694336,37.89143753051758,0.9900000095367432,44.09742736816406,8181.63720703125,415.0365905761719,87.02565002441406,54.25466537475586,86.19999694824219,411.9652404785156,1.399999976158142,47.37565231323242,0.10400000214576721,4.260000228881836,13.5,7.605000019073486,3.0999999046325684,0.00839999970048666,9.0,7.019662857055664,6.979222297668457,5.0,9.351852416992188,10.366950988769531,60.08882522583008,10.399999618530273,11.540182113647461,4.0,43.56785202026367,51.184932708740234,28.469818115234375,222.0736083984375,1.149999976158142,24.59776496887207,119.05899810791016,154.95620727539062,92.61540222167969,27.41254997253418,31.558591842651367,10.952746391296387,20.65485954284668,70.36947631835938,77.3060531616211,22.994178771972656,2.5799999237060547,31.4290828704834,25.519487380981445,104.29435729980469,,5.183131217956543,25.842435836791992,30.458852767944336,40.527584075927734,63.65985870361328,26.03192138671875,3707.77001953125
2024-01-31,56.66758728027344,5.390311241149902,0.028599999845027924,151.7216033935547,58.81011199951172,1.2619999647140503,37.08647537231445,8.095998764038086,348.79998779296875,41.453094482421875,6.599999904632568,18.877975463867188,,,,,,,,,,,,,,,3.4600000381469727,14.222831726074219,,,,,,,,,,,,,,,,,,,,43.456809997558594,0.6100000143051147,0.04600000008940697,516.3812255859375,3.639075517654419,107.96431732177734,3.950000047683716,73.11392974853516,3.0,7.207529544830322,7.7617645263671875,1.0199999809265137,12.356889724731445,2000.0,61.17824935913086,40.93271255493164,256.5061950683594,12.169506072998047,0.40299999713897705,2.1129729747772217,114.9274673461914,115.90000915527344,119.42414855957031,2.185588836669922,18.100000381469727,109.5300521850586,29.364891052246094,6.748072147369385,16.40511703491211,682.3031616210938,20.49357795715332,1.1399999856948853,67.7073745727539,40.77178192138672,5.312625885009766,14.162172317504883,13.25,3.2200000286102295,10.42972469329834,5.349999904632568,25.709232330322266,30.117647171020508,11.754166603088379,32.086875915527344,56.39668655395508,39.004817962646484,0.9200000166893005,40.59528350830078,7843.63525390625,409.9126892089844,76.39183044433594,52.31700134277344,79.80000305175781,427.6591491699219,1.399999976158142,43.496376037597656,0.07100000232458115,8.600000381469727,13.180000305175781,7.315000057220459,3.4700000286102295,0.00800000037997961,3.0,6.785674095153809,7.21541690826416,4.909999847412109,9.129629135131836,11.20804214477539,56.46117401123047,10.399999618530273,11.49474811553955,3.9200000762939453,41.829410552978516,47.61164474487305,28.85454559326172,219.31494140625,1.350000023841858,24.057361602783203,114.29664611816406,151.00828552246094,81.0507583618164,25.7629451751709,31.367326736450195,10.766317367553711,22.987642288208008,75.66927337646484,85.53636169433594,19.54966926574707,2.8499999046325684,30.684097290039062,24.35951042175293,108.46612548828125,,6.329494953155518,24.73619842529297,30.793563842773438,39.77241134643555,58.48270034790039,24.322757720947266,3662.9599609375
2024-02-29,54.90380859375,5.727205753326416,0.02979999966919422,152.1134033203125,51.09492874145508,1.031999945640564,36.51820755004883,7.567998886108398,343.20001220703125,38.58749771118164,6.159999847412109,18.700254440307617,,,,,,,,,,,,,,,3.200000047683716,15.174715995788574,,,,,,,,,,,,,,,,,,,,43.9368896484375,0.7300000190734863,0.03099999949336052,430.6499938964844,3.3388662338256836,102.82315826416016,3.6500000953674316,73.59494018554688,2.0999999046325684,7.167873382568359,7.050980567932129,1.0199999809265137,12.391003608703613,1800.0,52.29607391357422,42.97595977783203,236.84693908691406,11.36691665649414,0.38100001215934753,2.0943150520324707,126.57818603515625,109.9104995727539,117.51336669921875,1.893868327140808,17.75,100.61480712890625,32.205101013183594,6.325193405151367,17.684459686279297,647.44091796875,18.715595245361328,1.2000000476837158,66.68791198730469,41.714481353759766,5.130094528198242,13.937376022338867,12.25,3.140000104904175,9.224775314331055,5.349999904632568,21.832077026367188,26.917648315429688,12.654687881469727,33.0681266784668,60.518272399902344,39.53412628173828,0.8899999856948853,42.71630096435547,8648.875,396.2489318847656,74.007568359375,48.44166564941406,74.0,431.5826110839844,1.399999976158142,41.750701904296875,0.0729999989271164,12.699999809265137,13.100000381469727,7.400000095367432,4.710000038146973,0.007600000128149986,2.0,8.899999618530273,6.3411688804626465,4.579999923706055,8.981481552124023,11.2667236328125,55.158939361572266,11.199999809265137,10.72237491607666,2.390000104904175,38.53219985961914,49.349998474121094,25.77672576904297,207.49203491210938,1.2999999523162842,22.22279930114746,105.7243881225586,150.02130126953125,81.16866302490234,23.919269561767578,32.323646545410156,10.346850395202637,25.51482582092285,82.24494934082031,104.34848022460938,17.813562393188477,3.0,30.823780059814453,24.856645584106445,100.71855163574219,,5.9669694900512695,22.378643035888672,30.458852767944336,38.17816162109375,69.98749542236328,22.30681800842285,3661.419921875
2024-03-28,55.63296890258789,5.526488304138184,0.02879999950528145,158.67591857910156,55.267921447753906,1.3300000429153442,39.98371124267578,6.863998889923096,366.1000061035156,43.371070861816406,6.659999847412109,19.342025756835938,,,,,,,,,,,,,,,3.3399999141693115,14.111932754516602,,,,,,,,,,,,,,,,,,,,45.64597702026367,0.8799999952316284,0.02199999988079071,468.53125,3.3330929279327393,103.6141128540039,3.0799999237060547,64.45569610595703,2.9000000953674316,7.227357864379883,6.78562068939209,1.0099999904632568,11.636703491210938,1870.0,54.969791412353516,41.465309143066406,231.2300262451172,12.318824768066406,0.35100001096725464,2.1036441326141357,146.32518005371094,126.95280456542969,114.64718627929688,1.9679560661315918,18.850000381469727,97.96963500976562,32.108821868896484,6.901028633117676,17.379384994506836,697.2440795898438,19.932109832763672,1.3700000047683716,67.38037109375,41.950157165527344,4.88992166519165,15.492218017578125,11.449999809265137,3.4800000190734863,12.93838882446289,5.550000190734863,26.770835876464844,27.294116973876953,12.322916984558105,36.208126068115234,64.73310089111328,41.195072174072266,0.9300000071525574,41.976409912109375,8897.40625,404.7887878417969,71.67098999023438,47.47283172607422,83.5,500.2434997558594,1.9900000095367432,43.15694046020508,0.07079999893903732,12.300000190734863,13.720000267028809,7.835000038146973,4.78000020980835,0.00860000029206276,2.0,8.100000381469727,6.149260997772217,4.539999961853027,9.30555534362793,10.679914474487305,60.46089553833008,12.5,9.17762565612793,1.5049999952316284,40.19294357299805,53.59931564331055,25.488182067871094,204.93040466308594,1.3799999952316284,23.924970626831055,100.9620361328125,161.86508178710938,86.24845886230469,23.531126022338867,33.08870315551758,10.90613842010498,25.757823944091797,88.23175048828125,112.0888900756836,18.464603424072266,3.890000104904175,31.66189193725586,24.35951042175293,105.386962890625,,5.4770708084106445,23.992660522460938,32.46712875366211,40.024139404296875,76.89036560058594,24.541879653930664,3845.6298828125
2024-04-30,55.337364196777344,5.477581024169922,0.029500000178813934,158.18617248535156,58.37340545654297,1.1979999542236328,40.18865966796875,8.447999000549316,350.79998779296875,44.282230377197266,6.0,22.353416442871094,,,,,,,,,,,,,,,3.7200000286102295,12.088019371032715,,,,,,,,,,,,,,,,,,,,45.18510055541992,0.824999988079071,0.014800000004470348,448.59375,3.555363178253174,111.32584381103516,3.0999999046325684,72.15190124511719,2.0399999618530273,7.980827331542969,7.25,1.149999976158142,11.826226234436035,1710.0,56.46525573730469,42.04632568359375,245.27232360839844,13.00942611694336,0.32499998807907104,2.3788435459136963,147.50999450683594,125.47086334228516,114.64718627929688,2.0374133586883545,17.850000381469727,88.51556396484375,32.686492919921875,6.937018394470215,17.95016860961914,692.2637939453125,18.809173583984375,1.25,67.17840576171875,41.337398529052734,5.130094528198242,15.492218017578125,11.699999809265137,3.4000000953674316,12.424803733825684,5.75,28.100000381469727,26.352941513061523,12.322916984558105,35.81562423706055,65.18069458007812,41.38671875,0.8349999785423279,39.510108947753906,9374.5849609375,397.9569091796875,75.15202331542969,57.16116714477539,80.5999984741211,539.478271484375,2.5999999046325684,45.920921325683594,0.07000000029802322,9.319999694824219,14.100000381469727,9.460000038146973,4.760000228881836,0.013199999928474426,1.0,7.900000095367432,6.2549238204956055,4.539999961853027,9.722222328186035,12.107815742492676,61.01899337768555,13.0,9.904565811157227,1.4199999570846558,37.39104461669922,54.4684944152832,26.738544464111328,217.54150390625,1.1299999952316284,28.757247924804688,100.9620361328125,152.98223876953125,85.66875457763672,23.385574340820312,35.383872985839844,11.111211776733398,28.77100372314453,96.36593627929688,123.37508392333984,19.780473709106445,3.809999942779541,32.5,24.608078002929688,101.71183013916016,,5.633838176727295,23.608684539794922,33.380741119384766,41.20134353637695,72.2884521484375,26.292173385620117,3883.260009765625
2024-05-31,57.619998931884766,5.575395107269287,0.02850000001490116,162.89999389648438,59.75,1.2059999704360962,42.57352066040039,8.307198524475098,340.70001220703125,44.51001739501953,6.150000095367432,19.193923950195312,,,,,,,,,,,,,,,3.240000009536743,12.342015266418457,,,,,,,,,,,,,,,,,,,,43.2400016784668,0.8999999761581421,0.019300000742077827,461.0,3.3450000286102295,114.0,2.9700000286102295,77.44303894042969,2.799999952316284,8.922663688659668,7.5,1.350000023841858,15.122359275817871,1830.0,60.79999923706055,45.590538024902344,266.7264099121094,13.899999618530273,0.30399999022483826,2.4671201705932617,162.8000030517578,123.24796295166016,108.91482543945312,2.23189377784729,18.899999618530273,93.4000015258789,29.6173152923584,7.460000038146973,18.81999969482422,692.2637939453125,20.600000381469727,1.2999999523162842,70.19999694824219,43.59988021850586,6.186855316162109,18.799999237060547,11.699999809265137,4.0,14.202597618103027,5.5,27.399999618530273,27.67058753967285,13.600000381469727,41.5,65.9051284790039,42.07117462158203,0.8299999833106995,37.29999923706055,9780.0,396.2489318847656,81.15354919433594,59.292598724365234,83.80000305175781,603.2348022460938,2.799999952316284,48.25,0.06599999964237213,8.5600004196167,14.859999656677246,9.09000015258789,5.460000038146973,0.012199999764561653,1.0,8.0,6.539855480194092,4.550000190734863,10.199999809265137,13.760000228881836,65.0999984741211,13.5,11.399999618530273,1.600000023841858,40.010562896728516,55.24109649658203,27.399999618530273,222.1999969482422,0.9700000286102295,31.802244186401367,109.05804443359375,166.8000030517578,91.41999816894531,24.695554733276367,36.599998474121094,11.84000015258789,29.937395095825195,97.85306549072266,127.43639373779297,17.19175148010254,3.359999895095825,32.70000076293945,26.10573387145996,106.0,,6.153131484985352,25.33152961730957,34.66109848022461,43.220115661621094,76.31512451171875,26.761674880981445,3918.090087890625
2024-06-28,54.119998931884766,5.575395107269287,0.029999999329447746,161.5,56.650001525878906,1.1139999628067017,41.3389892578125,6.969598770141602,408.6000061035156,41.09318161010742,5.900000095367432,16.760000228881836,,,,,,,,,,,,,,,3.140000104904175,9.92727279663086,,,,,,,,,,,,,,,,,,,,39.08000183105469,0.8550000190734863,0.017400000244379044,440.0,3.0250000953674316,111.4000015258789,2.7100000381469727,74.5,2.799999952316284,9.350000381469727,7.449999809265137,1.350000023841858,15.301558494567871,1610.0,56.349998474121094,43.16963195800781,241.60000610351562,13.199999809265137,0.2800000011920929,2.3177437782287598,162.1999969482422,124.61930084228516,116.55796813964844,2.119999885559082,18.299999237060547,87.44999694824219,28.5367488861084,7.300000190734863,18.219999313354492,677.3228149414062,15.25,1.3600000143051147,66.6500015258789,41.52593994140625,5.668081760406494,17.18000030517578,11.699999809265137,3.859999895095825,11.979999542236328,5.699999809265137,24.799999237060547,29.176469802856445,13.899999618530273,41.20000076293945,64.9588394165039,43.5,0.7649999856948853,34.04999923706055,9630.0,434.0,78.94429016113281,57.0,79.0999984741211,525.0,3.0,43.5,0.058400001376867294,6.5,14.9399995803833,8.109999656677246,4.980000019073486,0.014000000432133675,1.0,8.0,6.738854885101318,4.449999809265137,10.149999618530273,12.420000076293945,62.0,12.800000190734863,10.649999618530273,1.399999976158142,35.52661895751953,55.0,27.5,213.1999969482422,0.949999988079071,31.850692749023438,104.77192687988281,194.0,83.56999969482422,23.649999618530273,36.20000076293945,11.380000114440918,29.100000381469727,103.30587005615234,137.3916015625,13.30393123626709,2.7699999809265137,30.799999237060547,26.82341957092285,104.0,,5.730000019073486,23.949464797973633,34.56964111328125,41.568389892578125,69.60399627685547,28.12323760986328,3887.239990234375
2024-07-31,54.959999084472656,5.477581024169922,0.029999999329447746,177.39999389648438,58.79999923706055,1.1779999732971191,42.75311279296875,7.391998767852783,471.1000061035156,41.73099136352539,5.699999809265137,17.5,,,,,,,,,,,,,,,3.180000066757202,11.422113418579102,,,,,,,,,,,,,,,,,,,,37.81999969482422,0.7400000095367432,0.00930000003427267,440.0,2.640000104904175,108.5999984741211,3.0799999237060547,75.0,1.0,9.699999809265137,7.25,1.350000023841858,16.600000381469727,1720.0,59.45000076293945,42.91785430908203,264.7936096191406,13.760000228881836,0.2535000145435333,2.380385637283325,166.60000610351562,133.6150360107422,113.69178771972656,1.9800000190734863,17.200000762939453,95.9000015258789,28.684099197387695,7.659999847412109,19.040000915527344,640.0,15.550000190734863,1.399999976158142,69.0,40.349998474121094,6.033144950866699,17.260000228881836,11.699999809265137,3.819999933242798,12.819999694824219,5.599999904632568,24.700000762939453,30.305883407592773,14.350000381469727,40.900001525878906,70.61686706542969,45.0,0.7250000238418579,37.45000076293945,10040.0,432.0,79.0915756225586,51.599998474121094,80.0999984741211,510.0,2.2799999713897705,41.54999923706055,0.053199999034404755,7.800000190734863,14.800000190734863,8.680000305175781,4.980000019073486,0.012000000104308128,1.0,8.0,6.042356014251709,4.409999847412109,10.25,12.380000114440918,63.099998474121094,12.5,10.899999618530273,1.2100000381469727,35.57589340209961,52.400001525878906,27.700000762939453,218.39999389648438,0.9200000166893005,31.51154899597168,100.9620361328125,186.0,81.7300033569336,24.649999618530273,34.79999923706055,11.279999732971191,32.79999923706055,121.15141296386719,153.19113159179688,12.033278465270996,2.9700000286102295,30.299999237060547,26.82341957092285,100.19999694824219,,5.920000076293945,23.741209030151367,35.392730712890625,42.76130294799805,71.0,29.203092575073242,4130.2001953125
2024-08-30,55.29999923706055,5.575395107269287,0.02800000086426735,179.8000030517578,61.0,1.1299999952316284,45.05833435058594,7.039999008178711,468.1000061035156,43.462188720703125,5.480000019073486,18.920000076293945,,,,,,,,,,,,,,,3.359999895095825,11.78624153137207,,,,,,,,,,,,,,,,,,,,37.400001525878906,0.9100000262260437,0.008999999612569809,429.0,2.559999942779541,106.0,2.869999885559082,88.0,3.200000047683716,9.199999809265137,7.199999809265137,1.350000023841858,14.75,1610.0,61.75,45.1257209777832,261.8944091796875,14.579999923706055,0.25949999690055847,2.2647392749786377,161.60000610351562,137.76690673828125,113.69178771972656,2.069999933242798,16.350000381469727,99.0999984741211,29.6173152923584,8.4399995803833,19.15999984741211,605.0,15.350000381469727,1.309999942779541,69.75,39.54999923706055,6.148427486419678,18.540000915527344,5.760000228881836,3.799999952316284,12.020000457763672,5.349999904632568,24.25,31.247058868408203,14.75,45.099998474121094,69.3354263305664,45.29999923706055,0.699999988079071,40.70000076293945,11380.0,444.0,80.12255859375,50.79999923706055,78.9000015258789,520.0,2.799999952316284,42.95000076293945,0.049800001084804535,7.320000171661377,14.84000015258789,9.039999961853027,4.75,0.012799999676644802,1.0,8.0,6.159946441650391,4.380000114440918,10.600000381469727,12.5,64.80000305175781,11.600000381469727,11.0,0.9520000219345093,39.849998474121094,55.599998474121094,24.200000762939453,220.0,0.9700000286102295,30.716976165771484,97.597900390625,200.0,74.4000015258789,24.799999237060547,35.79999923706055,11.520000457763672,32.29999923706055,119.96171569824219,162.15576171875,11.058886528015137,3.430000066757202,32.04999923706055,28.348495483398438,92.9000015258789,,5.860000133514404,22.85138702392578,35.667091369628906,43.95421600341797,85.0,30.752452850341797,4184.39990234375
2024-09-30,59.380001068115234,5.477581024169922,0.027499999850988388,190.6999969482422,62.900001525878906,1.0700000524520874,46.414344787597656,7.039999008178711,485.6000061035156,44.327789306640625,5.059999942779541,19.690000534057617,,,,,,,,,,,,,,,3.140000104904175,11.431695938110352,,,,,,,,,,,,,,,,,,,,36.91999816894531,0.9300000071525574,0.006899999920278788,421.0,2.565000057220459,113.5999984741211,3.109999895095825,83.0,3.200000047683716,9.960000038146973,6.730000019073486,1.0700000524520874,14.710000038146973,1600.0,66.0,41.81999969482422,247.39840698242188,14.359999656677246,0.2685000002384186,2.534580707550049,146.0,119.46089172363281,114.0,2.0,17.799999237060547,102.69999694824219,27.89823341369629,8.819999694824219,18.600000381469727,625.0,15.449999809265137,1.7000000476837158,69.94999694824219,41.95000076293945,6.110000133514404,18.6200008392334,5.900000095367432,3.5999999046325684,13.239999771118164,5.400000095367432,21.950000762939453,31.247058868408203,15.550000190734863,41.20000076293945,70.4000015258789,48.5,0.75,40.0,12040.0,468.0,72.80744934082031,51.0,74.69999694824219,560.0,2.759999990463257,43.45000076293945,0.03999999910593033,8.399999618530273,14.819999694824219,8.9399995803833,5.099999904632568,0.012000000104308128,0.3894999921321869,7.650000095367432,6.331809997558594,4.449999809265137,10.75,13.220000267028809,65.5,11.899999618530273,11.550000190734863,0.9800000190734863,42.099998474121094,56.400001525878906,24.0,253.60000610351562,1.0,34.10844039916992,97.79505920410156,194.0,79.61000061035156,25.549999237060547,37.400001525878906,11.84000015258789,35.400001525878906,130.07418823242188,160.4718017578125,11.31110668182373,3.5,30.100000381469727,29.185302734375,92.0,,5.880000114440918,22.662063598632812,35.667091369628906,45.51417541503906,93.0,31.78536033630371,4299.7099609375
2024-10-31,54.97999954223633,5.428674697875977,0.027000000700354576,186.6999969482422,59.04999923706055,0.9610000252723694,46.37560272216797,6.6879987716674805,541.5999755859375,42.095455169677734,4.389999866485596,18.229999542236328,,,,,,,,,,,,,,,2.9600000381469727,10.875922203063965,,,,,,,,,,,,,,,,,,,,33.5,0.7699999809265137,0.006599999964237213,415.0,2.4049999713897705,107.19999694824219,3.059999942779541,84.0,1.3300000429153442,8.399999618530273,6.090000152587891,1.1200000047683716,12.989999771118164,1680.0,57.95000076293945,42.900001525878906,231.93600463867188,12.460000038146973,0.27900001406669617,2.2310092449188232,139.60000610351562,124.87092590332031,110.0,1.972000002861023,17.799999237060547,87.3499984741211,27.947351455688477,7.710000038146973,18.540000915527344,610.0,14.800000190734863,1.4500000476837158,66.19999694824219,37.849998474121094,5.980000019073486,17.020000457763672,5.699999809265137,3.700000047683716,13.699999809265137,5.150000095367432,18.719999313354492,33.0,15.0,41.70000076293945,65.72769927978516,46.400001525878906,0.800000011920929,38.650001525878906,12020.0,448.0,59.650001525878906,53.79999923706055,67.0,590.0,2.5,42.400001525878906,0.14499999582767487,8.880000114440918,14.800000190734863,7.690000057220459,5.139999866485596,0.01080000028014183,0.3050000071525574,8.050000190734863,6.051401138305664,4.25,10.899999618530273,12.039999961853027,62.099998474121094,12.199999809265137,11.699999809265137,0.8899999856948853,39.099998474121094,56.599998474121094,24.899999618530273,224.60000610351562,0.9300000071525574,35.910762786865234,100.55541229248047,192.0,71.02999877929688,24.799999237060547,36.599998474121094,11.539999961853027,32.5,138.79867553710938,175.13218688964844,10.641754150390625,3.990000009536743,31.25,28.258785247802734,76.9000015258789,,5.150000095367432,20.655231475830078,35.301273345947266,43.58716583251953,105.5,28.827489852905273,4214.0498046875
2024-11-29,50.939998626708984,4.890697479248047,0.026000000536441803,187.89999389648438,58.04999923706055,0.7680000066757202,46.25937271118164,6.476799011230469,586.4000244140625,43.41663360595703,3.984999895095825,18.420000076293945,,,,,,,,,,,,,,,2.940000057220459,9.687714576721191,,,,,,,,,,,,,,,,,,,,32.779998779296875,0.75,0.00559999980032444,385.0,1.8960000276565552,106.0,2.890000104904175,89.5,1.2000000476837158,8.619999885559082,6.0,1.350000023841858,10.829999923706055,1620.0,56.79999923706055,42.900001525878906,206.80960083007812,12.239999771118164,0.7310000061988831,2.2261903285980225,145.39999389648438,126.94686889648438,108.0,1.996000051498413,15.449999809265137,88.6500015258789,28.549999237060547,8.300000190734863,18.68000030517578,560.0,14.0,1.3700000047683716,65.44999694824219,40.54999923706055,5.159999847412109,15.84000015258789,5.300000190734863,3.319999933242798,13.960000038146973,5.349999904632568,16.700000762939453,31.0,14.25,43.5,68.23999786376953,47.20000076293945,0.7900000214576721,36.79999923706055,11380.0,422.0,56.70000076293945,51.79999923706055,66.69999694824219,510.0,2.359999895095825,40.099998474121094,0.07000000029802322,7.679999828338623,14.819999694824219,7.96999979019165,4.639999866485596,0.009999999776482582,0.29899999499320984,7.5,5.544856548309326,3.930000066757202,10.350000381469727,10.920000076293945,58.79999923706055,11.699999809265137,11.149999618530273,0.6880000233650208,38.599998474121094,56.79999923706055,24.100000381469727,219.60000610351562,0.9200000166893005,31.695655822753906,97.597900390625,189.0,70.26000213623047,22.200000762939453,34.400001525878906,11.140000343322754,38.75,136.6175537109375,183.60153198242188,9.894793510437012,3.2699999809265137,29.0,28.0,79.0,,5.28000020980835,19.803274154663086,34.02091979980469,42.302490234375,105.5,28.874441146850586,4227.31005859375
2024-12-31,48.25,4.851572036743164,0.02800000086426735,190.5,56.20000076293945,0.7229999899864197,46.900001525878906,6.0,600.0,43.05216979980469,3.4000000953674316,19.0,,,,,,,,,,,,,,,2.859999895095825,10.04226016998291,,,,,,,,,,,,,,,,,,,,33.459999084472656,0.6399999856948853,0.005799999926239252,384.0,1.9700000286102295,111.0,3.2799999713897705,121.0,1.4600000381469727,9.350000381469727,5.820000171661377,0.5400000214576721,9.8100004196167,1520.0,55.599998474121094,36.2400016784668,221.30560302734375,11.420000076293945,0.7120000123977661,2.341836929321289,137.8000030517578,160.6999969482422,108.0,1.8639999628067017,14.100000381469727,74.4000015258789,30.950000762939453,11.460000038146973,16.760000228881836,680.0,15.0,1.3700000047683716,66.05000305175781,40.099998474121094,5.400000095367432,17.15999984741211,6.539999961853027,4.099999904632568,13.420000076293945,5.849999904632568,18.700000762939453,32.0,13.600000381469727,43.20000076293945,74.54000091552734,50.5,0.800000011920929,39.400001525878906,10780.0,430.0,56.5,51.599998474121094,63.29999923706055,505.0,2.299999952316284,42.849998474121094,0.07199999690055847,8.260000228881836,14.84000015258789,8.390000343322754,5.179999828338623,0.010200000368058681,0.23999999463558197,7.300000190734863,4.950445175170898,3.9800000190734863,10.350000381469727,10.479999542236328,59.29999923706055,12.5,11.25,3.059999942779541,35.849998474121094,56.79999923706055,23.899999618530273,218.39999389648438,0.9300000071525574,30.193721771240234,97.79505920410156,175.0,70.55999755859375,18.899999618530273,35.0,11.020000457763672,39.900001525878906,140.97979736328125,190.3869171142578,9.657124519348145,3.1700000762939453,29.350000381469727,27.600000381469727,71.4000015258789,,5.380000114440918,17.98576545715332,34.203826904296875,42.21072769165039,108.0,27.841533660888672,4264.52978515625
2025-01-31,47.689998626708984,4.597255706787109,0.029999999329447746,187.60000610351562,58.25,0.8700000047683716,49.81999969482422,6.599999904632568,643.0,43.78109359741211,3.174999952316284,19.860000610351562,,,,,,,,,,,,,,,2.9000000953674316,9.227764129638672,,,,,,,,,,,,,,,,,,,,33.779998779296875,0.6449999809265137,0.003599999938160181,326.0,1.8639999628067017,117.80000305175781,3.619999885559082,128.0,1.7000000476837158,9.539999961853027,6.380000114440918,1.3200000524520874,10.5,1350.0,54.45000076293945,35.5,218.40640258789062,11.220000267028809,0.4300000071525574,2.2551019191741943,135.8000030517578,162.39999389648438,98.0,1.8079999685287476,13.600000381469727,65.25,31.350000381469727,11.479999542236328,19.1200008392334,670.0,17.149999618530273,1.350000023841858,67.19999694824219,38.150001525878906,5.079999923706055,18.399999618530273,5.380000114440918,3.940000057220459,13.399999618530273,5.199999809265137,18.5,31.0,14.550000190734863,45.400001525878906,74.33999633789062,52.099998474121094,0.800000011920929,38.54999923706055,10300.0,442.0,58.5,52.79999923706055,66.9000015258789,444.0,2.559999942779541,40.099998474121094,0.07699999958276749,10.149999618530273,14.859999656677246,8.180000305175781,6.360000133514404,0.009399999864399433,0.24500000476837158,7.400000095367432,5.28047513961792,4.139999866485596,10.5,10.119999885559082,57.5,13.300000190734863,12.300000190734863,2.4000000953674316,35.79999923706055,55.79999923706055,20.899999618530273,241.60000610351562,0.949999988079071,29.540000915527344,102.0,189.0,76.5,21.049999237060547,33.20000076293945,10.640000343322754,46.099998474121094,151.4888458251953,186.4246368408203,9.497061729431152,3.240000009536743,30.799999237060547,28.600000381469727,82.5999984741211,,6.010000228881836,19.689678192138672,33.106380462646484,43.86245346069336,100.0,30.33968734741211,4326.0498046875
2025-02-28,57.63999938964844,4.382065296173096,0.032499998807907104,195.8000030517578,62.04999923706055,0.8289999961853027,52.650001525878906,6.389999866485596,597.2000122070312,44.29999923706055,3.1449999809265137,18.260000228881836,,,,,,,,,,,,,,,2.9000000953674316,10.789681434631348,,,,,,,,,,,,,,,,,,,,34.619998931884766,0.5799999833106995,0.002899999963119626,346.0,1.5219999551773071,115.19999694824219,3.119999885559082,142.0,1.0,8.899999618530273,7.130000114440918,0.6150000095367432,8.885000228881836,1350.0,59.0,37.18000030517578,203.910400390625,11.539999961853027,0.5180000066757202,2.1442742347717285,134.0,159.89999389648438,108.0,1.7899999618530273,13.5,63.650001525878906,36.400001525878906,11.4399995803833,18.559999465942383,620.0,17.149999618530273,1.3200000524520874,68.69999694824219,37.45000076293945,5.079999923706055,18.31999969482422,5.539999961853027,3.799999952316284,12.960000038146973,5.650000095367432,18.68000030517578,30.600000381469727,14.5,46.099998474121094,83.58000183105469,55.70000076293945,0.7900000214576721,34.04999923706055,8690.0,442.0,56.95000076293945,51.599998474121094,64.0999984741211,482.0,1.7300000190734863,38.79999923706055,0.07199999690055847,9.600000381469727,15.0,8.319999694824219,5.420000076293945,0.00860000029206276,0.20000000298023224,7.400000095367432,5.920831203460693,4.289999961853027,10.399999618530273,10.760000228881836,59.70000076293945,12.399999618530273,11.850000381469727,1.5199999809265137,34.95000076293945,59.400001525878906,20.5,237.39999389648438,0.9350000023841858,31.489999771118164,96.5999984741211,182.0,70.31999969482422,21.5,33.599998474121094,10.380000114440918,40.25,141.97122192382812,179.83738708496094,8.497881889343262,3.430000066757202,31.100000381469727,28.299999237060547,80.69999694824219,,5.590000152587891,19.841136932373047,34.203826904296875,48.4505729675293,105.0,27.741941452026367,4420.509765625
2025-03-31,56.91999816894531,5.650000095367432,0.03099999949336052,199.8000030517578,62.45000076293945,0.921999990940094,55.349998474121094,5.0,540.5999755859375,44.349998474121094,2.8550000190734863,16.229999542236328,,,,,,,,,,,,,,,2.9000000953674316,11.2975435256958,,,,,,,,,,,,,,,,,,,,33.08000183105469,0.8600000143051147,0.002099999925121665,333.0,1.4459999799728394,110.0,3.299999952316284,164.0,1.6799999475479126,9.199999809265137,7.630000114440918,0.7099999785423279,8.300000190734863,1450.0,61.04999923706055,38.0,230.00320434570312,12.0600004196167,0.5299999713897705,2.10090708732605,130.0,158.89999389648438,105.0,1.7999999523162842,7.980000019073486,80.1500015258789,37.54999923706055,11.539999961853027,18.940000534057617,660.0,20.899999618530273,1.5,68.80000305175781,39.400001525878906,5.400000095367432,17.959999084472656,6.119999885559082,3.7799999713897705,10.880000114440918,5.400000095367432,17.100000381469727,30.600000381469727,14.149999618530273,48.0,84.0,56.099998474121094,0.7699999809265137,32.29999923706055,8210.0,458.0,51.79999923706055,52.599998474121094,66.0,490.0,1.8200000524520874,40.099998474121094,0.05999999865889549,6.5,15.199999809265137,8.489999771118164,4.320000171661377,0.007199999876320362,0.125,6.900000095367432,6.723738670349121,4.119999885559082,10.25,10.140000343322754,60.29999923706055,12.0,15.350000381469727,0.9399999976158142,33.400001525878906,61.20000076293945,28.200000762939453,236.0,0.7599999904632568,32.79999923706055,94.0,185.0,62.77000045776367,24.649999618530273,32.79999923706055,10.520000457763672,41.95000076293945,124.91880798339844,161.2147216796875,9.264243125915527,3.859999895095825,30.899999618530273,29.399999618530273,80.30000305175781,,5.889999866485596,20.749893188476562,34.7525520324707,48.26704788208008,107.0,26.957717895507812,4335.419921875
2025-04-30,57.599998474121094,4.999499797821045,0.029999999329447746,215.1999969482422,70.6500015258789,0.9179999828338623,55.25,4.850500106811523,568.0,47.20000076293945,2.9200000762939453,13.640000343322754,,,,,,,,,,,,,,,2.934999942779541,11.537100791931152,,,100.12999725341797,,,,,,,,,,,,,,,,,33.900001525878906,0.7850000262260437,0.00139999995008111,345.0,1.409999966621399,111.08000183105469,3.2100000381469727,159.0,1.649999976158142,8.699999809265137,7.699999809265137,1.2999999523162842,8.600000381469727,1360.0,70.5,42.400001525878906,241.60000610351562,13.359999656677246,0.4620000123977661,2.057539701461792,131.60000610351562,175.6999969482422,109.0,1.8259999752044678,6.960000038146973,95.5999984741211,36.75,11.479999542236328,20.5,600.0,21.0,1.350000023841858,72.5,39.650001525878906,7.139999866485596,20.25,5.809999942779541,3.5999999046325684,10.4399995803833,5.64900016784668,18.040000915527344,30.399999618530273,14.600000381469727,42.900001525878906,81.05999755859375,57.599998474121094,0.7649999856948853,30.399999618530273,8460.0,480.0,52.650001525878906,52.0,63.970001220703125,506.0,1.899999976158142,40.400001525878906,0.05820000171661377,5.400000095367432,15.100000381469727,7.210000038146973,4.190000057220459,0.006200000178068876,0.08190000057220459,7.099999904632568,6.769999980926514,3.9010000228881836,10.800000190734863,10.640000343322754,64.5999984741211,12.5,15.350000381469727,0.9900000095367432,36.5,64.0,28.100000381469727,245.60000610351562,1.0,33.380001068115234,92.0,200.0,62.619998931884766,26.100000381469727,33.0,10.880000114440918,40.70000076293945,126.19999694824219,161.14999389648438,8.0,3.3299999237060547,32.95000076293945,29.0,81.4000015258789,,5.480000019073486,21.279998779296875,37.599998474121094,49.79999923706055,108.0,28.549999237060547,4429.509765625
