Date,AAAK.AT,ACAG.AT,ADMIE.AT,AEGN.AT,AEM.AT,AIA.AT,AKRIT.AT,AKTR.AT,ALMY.AT,ALPHA.AT,ANDRO.AT,ASCO.AT,ASTAK.AT,ATEK.AT,ATRUST.AT,ATTICA.AT,AVAX.AT,AVE.AT,BELA.AT,BIOKA.AT,BIOSK.AT,BIOT.AT,BLEKEDROS.AT,BOCHGR.AT,BRIQ.AT,CAIROMEZ.AT,CENER.AT,CENTR.AT,CNLCAP.AT,CPI.AT,DAIOS.AT,DIMAND.AT,DOMIK.AT,DOPPLER.AT,DROME.AT,EEE.AT,EKTER.AT,ELBE.AT,ELHA.AT,ELIN.AT,ELLAKTOR.AT,ELPE.AT,ELSTR.AT,ELTON.AT,ETE.AT,EUROB.AT,EUROC.AT,EVR.AT,EVROF.AT,EXAE.AT,EYAPS.AT,EYDAP.AT,FAIS.AT,FLEXO.AT,FOODL.AT,FOYRK.AT,FRIGO.AT,GCMEZZ.AT,GD.AT,GEBKA.AT,GEKTERNA.AT,HAIDE.AT,HTO.AT,IATR.AT,IKTIN.AT,ILYDA.AT,INLIF.AT,INLOT.AT,INTEK.AT,INTET.AT,INTRK.AT,KARE.AT,KEKR.AT,KEPEN.AT,KORDE.AT,KRI.AT,KTILA.AT,KYLO.AT,KYRI.AT,KYSA.AT,LAMDA.AT,LAMPS.AT,LANAC.AT,LAVI.AT,LEBEK.AT,LEBEP.AT,LOGISMOS.AT,MATHIO.AT,MEDIC.AT,MERKO.AT,MEVA.AT,MIG.AT,MIN.AT,MODA.AT,MOH.AT,MOTO.AT,MOYZK.AT,MPITR.AT,MYTIL.AT,NAKAS.AT,NAYP.AT,NOVAL.AT,OLTH.AT,OLYMP.AT,ONYX.AT,OPAP.AT,OPTIMA.AT,ORILINA.AT,OTOEL.AT,PAIR.AT,PAP.AT,PERF.AT,PETRO.AT,PLAKR.AT,PLAT.AT,PPA.AT,PPC.AT,PRD.AT,PREMIA.AT,PRODEA.AT,PROF.AT,PROFK.AT,PVMEZZ.AT,QUAL.AT,QUEST.AT,REALCONS.AT,REVOIL.AT,SAR.AT,SIDMA.AT,SOFTWEB.AT,SPACE.AT,SPIR.AT,SUNMEZZ.AT,TATT.AT,TELL.AT,TITC.AT,TPEIR.AT,TRASTOR.AT,TRESTATES.AT,VIDAVO.AT,VIO.AT,VOSYS.AT,XYLEK.AT,XYLEP.AT,YALCO.AT
2022-05-31,8.399999618530273,,2.0812828540802,4.788595676422119,,,0.5,1.8402589559555054,1.8760000467300415,0.9624549150466919,6.0578789710998535,1.7646313905715942,4.522158145904541,0.38999998569488525,4.3139967918396,0.8323207497596741,0.7406282424926758,0.4099999964237213,11.986100196838379,1.5771304368972778,0.628000020980835,0.3240000009536743,,,1.7321008443832397,0.14020000398159027,3.137726068496704,0.2930000126361847,7.999965667724609,0.7580000162124634,3.2799999713897705,,0.6000000238418579,0.492000013589859,0.328000009059906,18.619335174560547,0.4677221477031708,3.9668290615081787,1.5475552082061768,1.5125596523284912,0.8587842583656311,4.838494300842285,1.9993616342544556,1.6924697160720825,3.3899075984954834,0.9569023847579956,0.5386129021644592,,0.8331249952316284,3.2231087684631348,4.098340034484863,6.704432010650635,,6.030176162719727,0.4650000035762787,2.946200132369995,0.3959999978542328,,890.7000122070312,1.0837376117706299,9.707780838012695,0.5299999713897705,15.575818061828613,1.4365836381912231,0.5600000023841858,0.7640307545661926,3.7704453468322754,0.4890359938144684,3.1663973331451416,0.8579999804496765,1.3135437965393066,235.78189086914062,1.277999997138977,2.3074586391448975,0.47821351885795593,5.7809343338012695,1.6210249662399292,1.968976616859436,1.2799999713897705,1.190000057220459,6.369999885559082,20.28516387939453,0.8999999761581421,1.2119250297546387,0.30000001192092896,0.2800000011920929,1.0199999809265137,0.6499999761581421,3.1193878650665283,48.90415573120117,2.16032075881958,0.7919999957084656,0.5799999833106995,0.6828883290290833,13.332717895507812,2.0030300617218018,0.5979999899864197,0.550000011920929,14.838356018066406,1.6486139297485352,1.0950000286102295,,22.655065536499023,1.7100000381469727,,9.357765197753906,,,6.738718032836914,0.8899999856948853,2.358109712600708,4.481200218200684,5.597833156585693,14.29053020477295,3.7616662979125977,14.261295318603516,5.987417697906494,0.3919999897480011,1.3138587474822998,7.4543938636779785,3.275787353515625,2.3499999046325684,0.03776993602514267,0.40299999713897705,4.49337100982666,2.2986655235290527,1.138135552406311,6.697109699249268,1.9600000381469727,,8.557045936584473,0.20000000298023224,,1175.3974609375,14.957895278930664,11.613296508789062,1.1439296007156372,1.1114635467529297,,4.300000190734863,3.6882472038269043,1.5345903635025024,0.23000000417232513,0.2098030000925064,0.28999999165534973
2022-06-30,8.399999618530273,,1.6924116611480713,4.552936553955078,,,0.5,2.024285078048706,1.649999976158142,0.8172563910484314,5.711714267730713,1.743941307067871,4.269170761108398,0.38999998569488525,4.331488132476807,0.8471505045890808,0.6443465948104858,0.3889999985694885,10.953964233398438,1.5574164390563965,0.49000000953674316,0.2460000067949295,1.915872573852539,,1.5827819108963013,0.14000000059604645,2.572148561477661,0.24799999594688416,7.231607437133789,0.6460000276565552,3.240000009536743,,0.5699999928474426,0.6499999761581421,0.2980000078678131,19.0578670501709,0.43502700328826904,3.609164237976074,1.2551337480545044,1.5398951768875122,0.8709511756896973,4.579510688781738,1.9908536672592163,1.6959930658340454,2.736419677734375,0.7730486392974854,0.5481290221214294,,0.6800625324249268,2.918128728866577,4.098340034484863,6.846075057983398,,5.55906867980957,0.4805000126361847,2.7003166675567627,0.3840000033378601,,810.4199829101562,1.065675139427185,9.1058988571167,0.4020000100135803,14.660110473632812,1.3761448860168457,0.5180000066757202,0.5748111009597778,3.7158010005950928,0.5330489873886108,2.9315271377563477,0.8560000061988831,1.3016794919967651,238.34744262695312,1.0980000495910645,2.344978094100952,0.45908495783805847,4.936734199523926,1.6596208810806274,1.927384376525879,1.159999966621399,1.0800000429153442,5.635000228881836,20.28516387939453,0.8259999752044678,1.072301983833313,0.23600000143051147,0.2800000011920929,0.9900000095367432,0.7749999761581421,2.687183380126953,41.54689407348633,2.4507839679718018,0.7200000286102295,0.5199999809265137,0.611630380153656,14.538119316101074,1.7560138702392578,0.6299999952316284,0.5199999809265137,12.925593376159668,1.664314866065979,1.1799999475479126,,21.85547637939453,1.6349999904632568,,9.29039192199707,,,6.372400283813477,0.7860000133514404,2.3015148639678955,3.538301467895508,4.963682174682617,13.466075897216797,3.037261962890625,13.318689346313477,5.15093994140625,0.30000001192092896,1.2083663940429688,7.2525458335876465,3.1596672534942627,2.1500000953674316,0.043392427265644073,0.39100000262260437,3.944709062576294,1.8621540069580078,0.9469287395477295,6.179374694824219,1.9249999523162842,,6.982245445251465,0.20000000298023224,,1123.541748046875,14.131999969482422,10.431328773498535,0.9112651348114014,1.148206114768982,,3.4800000190734863,3.1986889839172363,1.7768940925598145,0.19349999725818634,0.23078331351280212,0.28999999165534973
2022-07-29,8.399999618530273,,1.6796318292617798,4.882859230041504,,,0.5649999976158142,1.8744959831237793,1.7079999446868896,0.8452019095420837,5.5264482498168945,1.7781362533569336,4.416746616363525,0.38999998569488525,4.403379917144775,0.8805174827575684,0.6943389773368835,0.49399998784065247,12.05174446105957,1.4982739686965942,0.5979999899864197,0.2939999997615814,1.9525401592254639,,1.6211782693862915,0.14980000257492065,2.832806348800659,0.27900001406669617,7.231607437133789,0.6439999938011169,3.119999885559082,15.0,0.6600000262260437,0.5950000286102295,0.3059999942779541,22.53013038635254,0.5403780341148376,4.226949214935303,1.331087350845337,1.4829226732254028,0.8080885410308838,4.668576717376709,2.0419013500213623,1.7247387170791626,2.9162964820861816,0.8204118609428406,0.6280645132064819,,0.6568124890327454,3.023824691772461,4.1266045570373535,7.5542893409729,,5.979567050933838,0.44484999775886536,2.8894805908203125,0.46000000834465027,,851.0499877929688,1.0927687883377075,9.348592758178711,0.5299999713897705,15.335752487182617,1.4179869890213013,0.5249999761581421,0.7185136675834656,3.774388313293457,0.6601979732513428,3.322977304458618,0.8199999928474426,1.5491341352462769,245.79579162597656,1.1039999723434448,2.382497787475586,0.4552592933177948,5.230368614196777,1.6692698001861572,1.927384376525879,1.190000057220459,1.0800000429153442,5.800000190734863,20.28516387939453,0.7599999904632568,1.0834720134735107,0.25999999046325684,0.2800000011920929,1.0199999809265137,0.7799999713897705,2.8469111919403076,43.10490036010742,2.2994494438171387,0.8970000147819519,0.5400000214576721,0.6096510291099548,14.35494613647461,1.8774404525756836,0.6100000143051147,0.5249999761581421,13.855426788330078,1.6486139297485352,1.1749999523162842,,21.588945388793945,1.774999976158142,,10.079062461853027,,,7.326353073120117,0.7960000038146973,2.367541790008545,3.684110403060913,4.999011039733887,14.015711784362793,3.34273362159729,13.9586820602417,5.640108108520508,0.30000001192092896,1.1604154109954834,7.6020660400390625,3.1792924404144287,2.130000114440918,0.03869599103927612,0.3889999985694885,4.074652194976807,2.1407439708709717,1.0652947425842285,6.479891300201416,1.8200000524520874,,8.045308113098145,0.14499999582767487,,957.3373413085938,14.223766326904297,10.50637435913086,0.8587220907211304,1.1668760776519775,,3.9600000381469727,3.3283655643463135,1.7474236488342285,0.20000000298023224,0.20012977719306946,0.28999999165534973
2022-08-31,8.399999618530273,,1.7075191736221313,4.623634338378906,,,0.44999998807907104,1.7461060285568237,1.8279999494552612,0.9030472636222839,5.395902156829834,1.803782343864441,5.850344181060791,0.4000000059604645,4.717907428741455,0.8452968001365662,0.7156320214271545,0.5139999985694885,11.32784652709961,1.4391316175460815,0.6150000095367432,0.2800000011920929,1.9617069959640503,,1.6425094604492188,0.14139999449253082,2.552476406097412,0.28700000047683716,6.960422039031982,0.6039999723434448,3.119999885559082,14.0600004196167,0.6240000128746033,0.5950000286102295,0.32499998807907104,22.00111961364746,0.5899918675422668,4.105018138885498,1.3253909349441528,1.5258369445800781,0.8871737718582153,5.11391019821167,2.062570571899414,1.6959930658340454,3.0846915245056152,0.853639543056488,0.6071290373802185,,0.807937502861023,3.0422065258026123,4.1266045570373535,7.3654327392578125,,5.786678314208984,0.39989998936653137,2.837460517883301,0.4480000138282776,,856.3599853515625,1.0476130247116089,9.377717018127441,0.5649999976158142,14.460465431213379,1.3819717168807983,0.5210000276565552,0.7022583484649658,3.755610466003418,0.6112949848175049,3.288181781768799,0.8379999995231628,1.481338381767273,251.382080078125,1.0099999904632568,2.291983127593994,0.45047712326049805,5.196740627288818,1.514886498451233,1.9640966653823853,1.1749999523162842,1.25,5.929999828338623,21.251123428344727,0.8199999928474426,0.6143400073051453,0.25,0.2800000011920929,1.0399999618530273,0.7799999713897705,3.044221878051758,42.239341735839844,2.131197214126587,0.8489999771118164,0.5099999904632568,0.6433005928993225,16.00279426574707,1.9988669157028198,0.7599999904632568,0.5149999856948853,14.380183219909668,1.6329126358032227,0.9919999837875366,,21.766632080078125,1.9299999475479126,,9.788751602172852,,,7.349247932434082,0.765999972820282,2.3203797340393066,3.411933422088623,4.857696056365967,14.432019233703613,3.7093000411987305,14.031383514404297,5.092239856719971,0.3540000021457672,1.1891859769821167,7.6020660400390625,3.0419156551361084,2.200000047683716,0.04299554228782654,0.40799999237060547,4.130342483520508,2.0820934772491455,1.1199253797531128,5.6628618240356445,1.9500000476837158,,7.698859691619873,0.17399999499320984,,1459.939453125,14.728479385375977,11.144261360168457,1.0159637928009033,1.1668760776519775,,3.619999885559082,3.304351329803467,1.7121223211288452,0.19949999451637268,0.20574088394641876,0.28999999165534973
2022-09-30,8.399999618530273,,1.5333598852157593,4.166455268859863,,,0.5149999856948853,1.4379700422286987,1.7940000295639038,0.787552535533905,4.743171691894531,1.7097464799880981,5.02264404296875,0.4000000059604645,4.403379917144775,0.7878314852714539,0.7184094190597534,0.5860000252723694,10.858503341674805,1.5179880857467651,0.5640000104904175,0.3179999887943268,2.039886951446533,,1.604113221168518,0.11919999867677689,2.527885913848877,0.27799999713897705,6.418051242828369,0.5580000281333923,3.0399999618530273,14.26200008392334,0.8059999942779541,0.4880000054836273,0.2939999997615814,19.932315826416016,0.6487560272216797,4.145661354064941,1.2722233533859253,1.6307382583618164,0.8080885410308838,4.646310329437256,2.005802631378174,2.0313587188720703,2.895246982574463,0.7857155203819275,0.5899999737739563,,0.6878125071525574,2.7894551753997803,3.479820489883423,7.023974418640137,,6.5582356452941895,0.4014500081539154,2.3645503520965576,0.3499999940395355,,792.9000244140625,1.1559866666793823,8.484601020812988,0.5,13.539591789245605,1.294382095336914,0.47049999237060547,0.7640307545661926,3.5866079330444336,0.5868430137634277,2.907956600189209,0.8600000143051147,1.4135597944259644,256.96832275390625,0.8980000019073486,2.463881731033325,0.4650000035762787,4.798450469970703,1.6028333902359009,2.0650548934936523,1.0,1.25,5.485000133514404,19.898778915405273,0.734000027179718,0.42817598581314087,0.2280000001192093,0.2800000011920929,0.9700000286102295,0.7400000095367432,2.9314727783203125,40.1619987487793,2.07511305809021,0.8550000190734863,0.47600001096725464,0.613609790802002,13.709399223327637,1.9148023128509521,0.7120000123977661,0.4699999988079071,12.879562377929688,1.585809588432312,0.9800000190734863,,21.322416305541992,1.7549999952316284,,9.141129493713379,,,7.501879692077637,0.7099999785423279,2.2732176780700684,3.3916468620300293,4.4160871505737305,14.243366241455078,3.1594505310058594,12.6137056350708,5.087347984313965,0.42399999499320984,1.0597182512283325,7.6020660400390625,2.6494104862213135,1.9700000286102295,0.04233407974243164,0.3799999952316284,3.879737377166748,1.920804500579834,1.078952431678772,5.719208240509033,1.9900000095367432,,6.813490867614746,0.17499999701976776,,1225.923583984375,14.407299041748047,10.168669700622559,1.0052999258041382,1.0641909837722778,,3.200000047683716,3.2515201568603516,1.9239311218261719,0.1979999989271164,0.1926482766866684,0.28999999165534973
2022-10-31,8.399999618530273,,1.58636474609375,4.713184833526611,,,0.49799999594688416,1.1657819747924805,2.005000114440918,0.9234769344329834,4.612626075744629,1.6969232559204102,4.977799415588379,0.42800000309944153,4.061893463134766,0.8693951964378357,0.6887842416763306,0.5580000281333923,11.44717025756836,1.7052724361419678,0.6230000257492065,0.3160000145435333,2.039886951446533,,1.5955806970596313,0.1151999980211258,2.803297519683838,0.27399998903274536,6.418051242828369,0.6100000143051147,3.0199999809265137,14.350000381469727,0.9100000262260437,0.6399999856948853,0.29499998688697815,20.77306365966797,0.7004684209823608,4.145661354064941,1.359570026397705,1.6927253007888794,0.8800764083862305,5.128754615783691,2.2707200050354004,1.99303138256073,3.5114200115203857,0.9178919792175293,0.5861935615539551,,0.6781249642372131,2.876769542694092,3.350938320159912,7.053362846374512,,6.172456741333008,0.38749998807907104,2.5064237117767334,0.3619999885559082,,874.27001953125,1.128893256187439,9.348592758178711,0.5,14.496935844421387,1.333310842514038,0.4934999942779541,0.7737842798233032,3.642942190170288,0.5917329788208008,3.005479574203491,1.0950000286102295,1.4773979187011719,253.24415588378906,0.9959999918937683,2.1773838996887207,0.47999998927116394,5.101909637451172,1.406166672706604,2.101767063140869,1.0,1.25,6.130000114440918,20.28516387939453,0.7739999890327454,0.47471699118614197,0.23999999463558197,0.25200000405311584,0.9800000190734863,0.7049999833106995,2.87509822845459,40.1619987487793,2.505091428756714,0.8550000190734863,0.4339999854564667,0.6334036588668823,14.76266098022461,2.0735909938812256,0.7400000095367432,0.47200000286102295,15.632235527038574,1.8370269536972046,1.0,,20.78935432434082,1.7899999618530273,,9.453055381774902,,,8.623727798461914,0.8600000143051147,2.244920492172241,3.4702939987182617,4.787038803100586,14.337692260742188,3.2903671264648438,14.594820022583008,6.25156831741333,0.5,1.0213574171066284,7.6020660400390625,2.904538869857788,2.0999999046325684,0.03730690851807594,0.3930000066757202,3.7405126094818115,1.920804500579834,1.174555778503418,5.963378429412842,1.9850000143051147,,6.274570941925049,0.17000000178813934,,1308.3609619140625,14.820246696472168,10.60018253326416,1.226592779159546,0.980175793170929,,3.240000009536743,3.650155782699585,1.9415818452835083,0.19850000739097595,0.19638901948928833,0.23199999332427979
2022-11-30,8.399999618530273,,1.6374768018722534,4.66605281829834,,,0.4399999976158142,1.2000199556350708,2.0350000858306885,0.9958389401435852,4.78668737411499,1.8294289112091064,4.738625526428223,0.38600000739097595,3.9540555477142334,0.9321081042289734,0.7128546833992004,0.5139999985694885,12.083565711975098,1.6461299657821655,0.6480000019073486,0.2980000078678131,2.1161444187164307,,1.6211782693862915,0.08980000019073486,3.1573984622955322,0.2770000100135803,6.418051242828369,0.6600000262260437,2.940000057220459,13.550000190734863,0.8539999723434448,0.5899999737739563,0.3019999861717224,22.02945899963379,0.6487560272216797,4.308236598968506,1.5228703022003174,1.697493553161621,0.8922433257102966,5.569937705993652,2.1761066913604736,1.9642857313156128,3.702777862548828,1.000502347946167,0.5861935615539551,,0.7071875333786011,2.849196434020996,3.5591325759887695,6.906418323516846,,6.510013103485107,0.3487499952316284,2.8090858459472656,0.30399999022483826,0.17461736500263214,912.3300170898438,1.0972843170166016,9.270931243896484,0.46799999475479126,13.448415756225586,1.333310842514038,0.5149999856948853,0.8193013072013855,3.5866079330444336,0.5183780193328857,3.191659450531006,1.0449999570846558,1.4701021909713745,253.24415588378906,0.9449999928474426,2.3301830291748047,0.48100000619888306,5.670895576477051,1.475000023841858,1.8723163604736328,1.024999976158142,1.25,5.75,20.091970443725586,0.699999988079071,0.3479999899864197,0.2199999988079071,0.25200000405311584,0.9980000257492065,0.625,2.893889904022217,36.872867584228516,2.3742282390594482,1.0169999599456787,0.4740000069141388,0.6630944609642029,16.73167610168457,2.017547845840454,0.7599999904632568,0.49399998784065247,16.516036987304688,1.7742226123809814,1.0750000476837158,,20.967041015625,1.7350000143051147,,10.085801124572754,,,8.700043678283691,0.8560000061988831,2.1883254051208496,3.6669111251831055,4.946017742156982,15.752596855163574,3.4692862033843994,14.703872680664062,6.447235584259033,0.5049999952316284,1.0021768808364868,7.6020660400390625,2.865288496017456,1.9950000047683716,0.02599576860666275,0.4440000057220459,4.445919513702393,2.0527682304382324,1.1791083812713623,6.085463047027588,2.009999990463257,,6.159087657928467,0.1550000011920929,0.07759265601634979,1231.2421875,14.682597160339355,11.669580459594727,1.3759855031967163,0.980175793170929,,3.2799999713897705,4.082411289215088,1.765074372291565,0.20000000298023224,0.20574088394641876,0.14900000393390656
2022-12-30,8.399999618530273,,1.6090812683105469,4.986549377441406,,,0.5899999737739563,1.4600000381469727,1.9700000286102295,0.984516978263855,5.477318286895752,1.8208801746368408,4.93295431137085,0.3659999966621399,3.91810941696167,2.2572972774505615,0.703596830368042,0.5419999957084656,13.040141105651855,1.5475592613220215,0.6819999814033508,0.29600000381469727,2.1638052463531494,,1.6595746278762817,0.08879999816417694,2.9705119132995605,0.289000004529953,6.779631614685059,0.5920000076293945,3.0,14.899999618530273,0.8100000023841858,0.5950000286102295,0.31299999356269836,21.34930419921875,0.7239740490913391,4.101441383361816,1.5380611419677734,1.754712462425232,0.8871737718582153,5.979607582092285,2.1287999153137207,2.1655051708221436,3.585092782974243,0.9683759212493896,0.6128386855125427,,0.6897500157356262,2.849196434020996,3.2716259956359863,6.661509990692139,,7.619126319885254,0.33945000171661377,3.073915719985962,0.34200000762939453,0.1738409847021103,929.7899780273438,1.088253140449524,10.581480979919434,0.5450000166893005,13.302534103393555,1.3819717168807983,0.4869999885559082,0.7867887616157532,3.6053860187530518,0.5575010180473328,3.2928614616394043,1.0499999523162842,1.6506729125976562,270.0029602050781,0.949999988079071,2.4256820678710938,0.49000000953674316,5.879523754119873,1.5733333826065063,2.3587515354156494,1.0049999952316284,1.25,5.849999904632568,21.251123428344727,0.6980000138282776,0.3840000033378601,0.2199999988079071,0.2680000066757202,0.9959999918937683,0.6299999952316284,3.476426362991333,39.98888397216797,2.449007034301758,1.5870000123977661,0.49000000953674316,0.6452800035476685,18.965463638305664,1.9521644115447998,0.7059999704360962,0.5099999904632568,18.68871307373047,1.8916068077087402,1.065000057220459,,20.167451858520508,1.784999966621399,,10.085801124572754,,,8.677223205566406,0.8600000143051147,2.236058235168457,3.411308765411377,5.299304485321045,15.18663501739502,3.4561946392059326,14.358540534973145,6.412993907928467,0.550000011920929,1.040537714958191,7.69941520690918,2.801506280899048,1.8899999856948853,0.025797327980399132,0.5099999904632568,4.371665954589844,1.9941177368164062,1.1654508113861084,6.09485387802124,1.8550000190734863,,5.196730613708496,0.15000000596046448,0.07406274974346161,912.1296997070312,15.370843887329102,11.313115119934082,1.4133336544036865,0.91483074426651,,3.0399999618530273,3.847072124481201,1.8180265426635742,0.20200000703334808,0.18236123025417328,0.25999999046325684
2023-01-31,10.0,,1.879785418510437,6.127140045166016,,,0.5,1.559999942779541,2.190000057220459,1.224246859550476,5.791590213775635,1.837977647781372,5.575732707977295,0.33000001311302185,4.25959587097168,2.3351352214813232,0.8683866858482361,0.5299999713897705,13.448156356811523,1.6264158487319946,0.6700000166893005,0.25,2.1447408199310303,,1.663840889930725,0.09939999878406525,3.7229762077331543,0.3009999990463257,6.915224552154541,0.6159999966621399,3.200000047683716,13.5,0.8080000281333923,0.6549999713897705,0.3310000002384186,21.009225845336914,0.7521808743476868,4.153140068054199,1.644396185874939,1.8119313716888428,1.0646084547042847,6.3018574714660645,2.365333318710327,2.155923366546631,4.158210277557373,1.138185977935791,0.5880967378616333,,0.7498124837875366,3.497159004211426,3.5591325759887695,6.857436656951904,,8.004904747009277,0.38749998807907104,3.4333274364471436,0.4320000112056732,0.18181663751602173,1022.8200073242188,1.1198620796203613,12.095895767211914,0.5299999713897705,13.193123817443848,1.6106784343719482,0.5740000009536743,0.7737842798233032,3.530273914337158,0.6210749745368958,3.3754124641418457,1.0700000524520874,1.6506729125976562,283.03759765625,1.25,2.100984811782837,0.5019999742507935,5.860557556152344,1.66183340549469,2.257793426513672,1.090000033378601,1.0700000524520874,6.269999980926514,19.898778915405273,0.9399999976158142,0.44200000166893005,0.22599999606609344,0.26600000262260437,1.0449999570846558,0.6899999976158142,3.3354897499084473,40.85444641113281,2.4863967895507812,1.5449999570846558,0.4880000054836273,0.7007027864456177,19.469587326049805,2.129633903503418,0.6919999718666077,0.6899999976158142,21.818843841552734,1.9597728252410889,1.1200000047683716,,21.233572006225586,2.0899999141693115,,10.50508975982666,,,8.626969337463379,0.9459999799728394,2.359755277633667,3.8635284900665283,5.405290603637695,14.620673179626465,3.8844385147094727,15.72169303894043,7.141854763031006,0.5450000166893005,1.0741034746170044,7.035673141479492,3.0419156551361084,1.8600000143051147,0.02586347423493862,0.4970000088214874,4.882158279418945,2.0429930686950684,1.174555778503418,7.231183052062988,2.5299999713897705,,6.159087657928467,0.1899999976158142,0.07367053627967834,1861.4892578125,15.82967472076416,13.714571952819824,1.856597661972046,0.942835807800293,,3.3399999141693115,4.485849380493164,1.9415818452835083,0.2329999953508377,0.22444459795951843,0.23600000143051147
2023-02-28,10.399999618530273,,1.8059570789337158,7.164041042327881,,,0.6700000166893005,1.7300000190734863,2.319999933242798,1.457085132598877,6.060966968536377,1.9491111040115356,6.696859359741211,0.3880000114440918,4.628042221069336,2.3254055976867676,0.8507967591285706,0.5699999928474426,15.390304565429688,1.9122707843780518,0.675000011920929,0.33000001311302185,2.13520884513855,,1.7491658926010132,0.11699999868869781,3.8606820106506348,0.3009999990463257,6.689237117767334,0.6399999856948853,3.140000104904175,13.300000190734863,0.7900000214576721,0.7450000047683716,0.35100001096725464,22.813526153564453,0.7263246178627014,4.308236598968506,1.6823729276657104,2.212463617324829,1.135582447052002,6.806657314300537,2.5545599460601807,2.290069818496704,5.070988178253174,1.3327791690826416,0.5957096815109253,,0.7846875190734863,4.0302348136901855,3.539304494857788,6.945603847503662,,8.342460632324219,0.4494999945163727,3.693427801132202,0.5120000243186951,0.20722578465938568,1129.25,1.16501784324646,11.55225944519043,0.5699999928474426,13.238712310791016,1.6544733047485352,0.6200000047683716,0.793291449546814,3.5866079330444336,0.6650890111923218,3.5680313110351562,1.100000023841858,1.7181589603424072,288.6238708496094,1.3200000524520874,2.1391844749450684,0.6200000047683716,5.993321418762207,1.66183340549469,2.4505319595336914,1.1749999523162842,1.2799999713897705,6.519999980926514,22.217082977294922,1.0700000524520874,0.4320000112056732,0.33000001311302185,0.31200000643730164,1.034999966621399,0.8550000190734863,3.758298635482788,41.027557373046875,2.878985643386841,6.510000228881836,0.5099999904632568,0.769981324672699,21.79898452758789,2.69940447807312,0.7680000066757202,0.6800000071525574,23.494384765625,2.181312322616577,1.100000023841858,,22.566221237182617,2.2300000190734863,,11.191198348999023,,,10.402618408203125,1.0499999523162842,2.3407249450683594,3.6767420768737793,5.581934452056885,15.563941955566406,3.8046207427978516,16.84856605529785,8.120190620422363,0.5249999761581421,1.2275468111038208,7.610917091369629,2.875101089477539,2.0799999237060547,0.031089087948203087,0.5640000104904175,4.845030784606934,2.0527682304382324,1.2747117280960083,6.874320030212402,2.700000047683716,,6.236076354980469,0.23000000417232513,0.08412952721118927,1933.28955078125,16.42615509033203,15.009106636047363,2.3598151206970215,1.008180856704712,,3.299999952316284,4.418609142303467,1.9415818452835083,0.257999986410141,0.2618520259857178,0.25
2023-03-31,12.899999618530273,5.896310806274414,1.66587233543396,7.164041042327881,,,0.5,1.590000033378601,2.1649999618530273,1.107581615447998,5.746694564819336,1.8978185653686523,6.24840784072876,0.3499999940395355,4.717907428741455,2.3254055976867676,0.714706301689148,0.527999997138977,16.830366134643555,1.941841959953308,0.6169999837875366,0.27000001072883606,2.173337459564209,,1.6766396760940552,0.10840000212192535,3.8459277153015137,0.28299999237060547,6.598842144012451,0.6000000238418579,3.119999885559082,12.050000190734863,0.7879999876022339,0.7099999785423279,0.3109999895095825,23.833757400512695,0.672261655330658,4.084208011627197,1.568442463874817,2.0026609897613525,1.026586890220642,6.155303001403809,2.459946632385254,2.1942508220672607,4.276851654052734,1.1170746088027954,0.5880967378616333,,0.7459374666213989,3.607450246810913,3.3311100006103516,6.36761999130249,,8.246016502380371,0.37975001335144043,3.348203420639038,0.22599999606609344,0.29728713631629944,1054.5899658203125,1.2192047834396362,10.65914249420166,0.5249999761581421,12.299601554870605,1.4841598272323608,0.5770000219345093,0.7737842798233032,3.398827314376831,0.6357460021972656,3.980785369873047,1.0199999809265137,1.6597927808761597,292.3480224609375,1.0839999914169312,2.043684959411621,0.5860000252723694,6.012287616729736,1.7110000848770142,2.3862855434417725,1.1299999952316284,1.25,5.829999923706055,22.68055534362793,0.8999999761581421,0.40700000524520874,0.3059999942779541,0.28200000524520874,0.9819999933242798,0.800000011920929,3.4422426223754883,44.14357376098633,2.9350695610046387,6.510000228881836,0.492000013589859,0.7086203694343567,20.582136154174805,2.7834689617156982,0.699999988079071,0.5600000023841858,24.120410919189453,2.04498028755188,0.9980000257492065,,21.944320678710938,2.0399999618530273,,11.275055885314941,,,10.184849739074707,0.9240000247955322,2.2455732822418213,3.7062344551086426,6.005878925323486,15.092308044433594,3.587340831756592,17.430179595947266,7.807123184204102,0.49000000953674316,1.0836936235427856,7.610917091369629,2.845663070678711,1.8899999856948853,0.029104676097631454,0.5440000295639038,4.6872429847717285,1.9354671239852905,1.160898208618164,6.414153099060059,2.3399999141693115,,6.197581768035889,0.18000000715255737,0.10818521678447723,1180.7161865234375,15.279077529907227,13.752093315124512,1.9632364511489868,0.989510715007782,,3.059999942779541,4.05359411239624,1.8533281087875366,0.2639999985694885,0.2431482970714569,0.1899999976158142
2023-04-28,10.0,5.6318583488464355,1.66587233543396,7.333715915679932,,,0.46000000834465027,1.6160000562667847,2.069999933242798,1.1174267530441284,6.141779899597168,1.906367301940918,6.0391316413879395,0.27799999713897705,5.077366828918457,2.4324324131011963,0.8267262578010559,0.5419999957084656,18.038700103759766,2.079840660095215,0.6200000047683716,0.23600000143051147,2.2686593532562256,,1.7576984167099,0.12999999523162842,4.6180644035339355,0.289000004529953,6.3276567459106445,0.5699999928474426,3.119999885559082,11.899999618530273,0.7360000014305115,0.6949999928474426,0.3240000009536743,25.883670806884766,0.7803876399993896,4.291003704071045,1.6500927209854126,2.117098808288574,1.0017458200454712,5.8621931076049805,2.459946632385254,2.4433798789978027,4.535184860229492,1.1749017238616943,0.6147419810295105,,0.7653124928474426,3.6855735778808594,3.2716259956359863,6.171692848205566,,8.05312728881836,0.3859499990940094,3.783280849456787,0.23999999463558197,0.32396674156188965,1085.1099853515625,1.1801923513412476,12.03764820098877,0.550000011920929,12.080780029296875,1.5279548168182373,0.5299999713897705,0.793291449546814,3.2861592769622803,0.6064040064811707,4.164231777191162,1.0399999618530273,1.6214897632598877,314.6930847167969,1.1799999475479126,2.120084524154663,0.5759999752044678,6.258847713470459,1.7306666374206543,2.312861442565918,1.1699999570846558,1.1299999952316284,5.599999904632568,23.66666603088379,0.9300000071525574,0.4000000059604645,0.27000001072883606,0.28200000524520874,0.9649999737739563,0.7549999952316284,3.616288900375366,33.237518310546875,3.1407113075256348,3.684000015258789,0.47999998927116394,0.6581460237503052,18.77424430847168,3.0636837482452393,0.7400000095367432,0.48399999737739563,24.212472915649414,2.0620219707489014,1.0099999904632568,,22.38853645324707,2.069999933242798,,11.785825729370117,,,11.277935981750488,0.9559999704360962,2.236058235168457,3.7062344551086426,6.588802337646484,15.752596855163574,3.6804606914520264,17.39382553100586,7.650589466094971,0.5099999904632568,1.0472508668899536,7.256919860839844,3.247980833053589,1.8849999904632568,0.03280891105532646,0.5419999957084656,4.585144519805908,1.8474913835525513,1.2747117280960083,6.742843151092529,2.380000114440918,,6.082099437713623,0.1809999942779541,0.13694743812084198,1177.1705322265625,15.522000312805176,14.052275657653809,2.103292226791382,0.942835807800293,,2.9000000953674316,4.769216537475586,2.188692331314087,0.28999999165534973,0.30861133337020874,0.15399999916553497
2023-05-31,9.149999618530273,6.807202339172363,1.8173152208328247,9.416943550109863,,,0.47600001096725464,1.8559999465942383,2.240000009536743,1.3640482425689697,6.452370643615723,2.043146848678589,5.6654229164123535,0.30799999833106995,5.747398853302002,2.510270118713379,1.0535436868667603,0.5320000052452087,18.729177474975586,2.1685543060302734,0.7179999947547913,0.257999986410141,2.3067879676818848,,1.7618334293365479,0.11699999868869781,5.59675931930542,0.2939999997615814,6.734434604644775,0.6399999856948853,3.200000047683716,12.949999809265137,0.7940000295639038,0.6499999761581421,0.33899998664855957,26.846420288085938,0.782738208770752,4.256537914276123,1.718450903892517,2.1552445888519287,1.1609302759170532,6.505405902862549,2.6018667221069336,2.606271982192993,5.549383163452148,1.3401222229003906,0.6375806331634521,,0.8428124785423279,4.512759685516357,3.4104223251342773,6.397008895874023,,8.246016502380371,0.38440001010894775,4.161608695983887,0.20000000298023224,0.33949458599090576,1218.6500244140625,1.223195195198059,13.14433479309082,0.5149999856948853,13.056360244750977,1.4403650760650635,0.5540000200271606,0.8388085961341858,3.4833288192749023,0.6259660124778748,4.604503154754639,1.0950000286102295,1.7528141736984253,316.5552062988281,1.2599999904632568,2.0818848609924316,0.6119999885559082,7.643381595611572,1.6913334131240845,2.514777898788452,1.0099999904632568,0.9649999737739563,6.380000114440918,22.68055534362793,0.9150000214576721,0.47999998927116394,0.2639999985694885,0.3100000023841858,0.9700000286102295,0.75,3.480919599533081,29.255935668945312,3.4772162437438965,5.079999923706055,0.5099999904632568,0.6927852630615234,20.964574813842773,3.4092824459075928,0.7049999833106995,0.5149999856948853,27.140064239501953,2.04498028755188,1.0,,22.895999908447266,2.2699999809265137,,12.182244300842285,,,12.670056343078613,0.972000002861023,2.2072677612304688,4.369818210601807,7.454355239868164,16.884519577026367,4.0237345695495605,18.17536735534668,9.690420150756836,0.49000000953674316,1.2467271089553833,6.725926399230957,3.8269264698028564,1.965000033378601,0.03294120728969574,0.7139999866485596,5.448339939117432,2.1602940559387207,1.3150874376296997,7.114547252655029,2.6700000762939453,,6.698007583618164,0.16500000655651093,0.1382548213005066,1125.7579345703125,15.474241256713867,15.571948051452637,2.7126572132110596,0.989510715007782,,2.799999952316284,5.571290493011475,2.1004385948181152,0.2879999876022339,0.3385372459888458,0.1599999964237213
2023-06-30,9.399999618530273,7.101038455963135,2.17225980758667,10.180479049682617,,,0.46000000834465027,2.299999952316284,2.9000000953674316,1.4767754077911377,6.415394306182861,2.242297887802124,6.024183750152588,0.3160000145435333,5.8408522605896,2.5199999809265137,1.2259166240692139,0.5260000228881836,21.750015258789062,2.6022653579711914,0.9300000071525574,0.20999999344348907,2.430706262588501,,1.7618334293365479,0.11999999731779099,5.968874454498291,0.3179999887943268,6.50844669342041,0.6399999856948853,3.4000000953674316,12.949999809265137,0.949999988079071,1.0299999713897705,0.36399999260902405,26.54543113708496,0.7968416213989258,4.118674278259277,1.9903239011764526,2.2696826457977295,1.2014867067337036,6.788568019866943,2.961397409439087,2.809999942779541,5.696728706359863,1.385098934173584,0.7803225517272949,,0.84765625,4.884697437286377,3.7970690727233887,6.788862228393555,,8.3906831741333,0.41850000619888306,4.517709732055664,0.23999999463558197,0.38466641306877136,1278.6099853515625,1.3617602586746216,13.920958518981934,0.550000011920929,14.323702812194824,1.6690715551376343,0.5770000219345093,0.8648174405097961,3.9433906078338623,0.5868430137634277,4.8521552085876465,1.1299999952316284,1.910585641860962,331.4541015625,1.340000033378601,2.215583562850952,0.656000018119812,7.548550128936768,1.789666771888733,2.7534067630767822,1.0299999713897705,1.1399999856948853,6.739999771118164,24.455554962158203,1.0800000429153442,0.6060000061988831,0.28200000524520874,0.3100000023841858,1.100000023841858,1.2000000476837158,3.471250295639038,33.06440353393555,3.8324155807495117,4.025000095367432,0.47600001096725464,0.7125791311264038,21.198745727539062,3.2626659870147705,0.7099999785423279,0.41600000858306885,30.954078674316406,2.453976631164551,1.090000033378601,,23.084444046020508,2.490000009536743,,13.089377403259277,,,12.33524227142334,1.1749999523162842,2.216864585876465,4.644146919250488,7.54267692565918,15.752596855163574,5.089930534362793,18.856943130493164,10.223612785339355,0.5,1.2062747478485107,6.900979042053223,4.356808662414551,2.069999933242798,0.03684387728571892,0.7179999947547913,5.842418193817139,2.1016435623168945,1.4612083435058594,7.172077178955078,2.799999952316284,,7.698859691619873,0.15800000727176666,0.16995863616466522,1136.39501953125,16.047359466552734,16.858333587646484,2.954437494277954,1.055912733078003,,2.9600000381469727,5.759795665740967,2.2239937782287598,0.3190000057220459,0.417092889547348,0.1599999964237213
2023-07-31,13.399999618530273,6.7824530601501465,2.262179136276245,12.329691886901855,,,0.421999990940094,3.2899999618530273,3.2699999809265137,1.6101775169372559,6.655740261077881,2.380366086959839,5.959005355834961,0.3160000145435333,6.40157413482666,2.5686488151550293,1.5412083864212036,0.5419999957084656,23.42441749572754,2.7796924114227295,1.0499999523162842,0.3499999940395355,2.4878993034362793,,1.7798113822937012,0.11800000071525574,6.9405517578125,0.3799999952316284,6.056471347808838,0.8140000104904175,3.299999952316284,12.5,2.8399999141693115,1.2100000381469727,0.4350000023841858,26.302696228027344,1.175282597541809,4.308236598968506,2.2103841304779053,2.603459358215332,1.2673910856246948,7.005316734313965,3.3493118286132812,2.7699999809265137,5.989506721496582,1.4571534395217896,0.9287741780281067,,1.0462499856948853,5.482243061065674,3.80698299407959,6.7790656089782715,,8.439751625061035,0.461124986410141,4.750381946563721,0.2280000001192093,0.39243030548095703,1335.47998046875,1.5146597623825073,13.920958518981934,0.6949999928474426,13.599640846252441,1.9951000213623047,0.699999988079071,1.0478512048721313,4.551347255706787,0.6455270051956177,5.013894081115723,1.2949999570846558,2.0157251358032227,341.08941650390625,1.2400000095367432,2.368382692337036,0.6899999976158142,8.250300407409668,1.8585000038146973,3.441758155822754,1.024999976158142,1.059999942779541,7.119999885559082,28.991666793823242,1.2100000381469727,0.7699999809265137,0.31200000643730164,0.3959999978542328,1.3200000524520874,1.3700000047683716,3.5010292530059814,33.7568473815918,3.907749891281128,4.190000057220459,0.6349999904632568,0.7274245619773865,21.01599884033203,3.2626659870147705,0.7049999833106995,0.574999988079071,36.23752212524414,2.300603151321411,1.2100000381469727,,23.461334228515625,2.9200000762939453,0.949999988079071,13.113951683044434,,,12.035672187805176,1.3799999952316284,2.1880743503570557,4.6540703773498535,8.2889986038208,16.790191650390625,4.848877906799316,20.90167236328125,10.526897430419922,0.49000000953674316,1.276429533958435,6.630352020263672,4.505338191986084,2.2200000286102295,0.038365256041288376,0.8100000023841858,6.225527763366699,2.551297426223755,1.81472647190094,7.296725273132324,3.0799999237060547,,8.57640552520752,0.20000000298023224,0.1673438996076584,1116.8936767578125,16.333921432495117,18.588890075683594,3.377061605453491,1.055912733078003,,3.140000104904175,6.484667778015137,2.5180835723876953,0.3100000023841858,0.41806450486183167,0.19200000166893005
2023-08-31,9.649999618530273,6.979045867919922,2.176992177963257,12.442808151245117,,,0.6499999761581421,3.1649999618530273,3.759999990463257,1.5324006080627441,6.655740261077881,2.5115673542022705,6.005319118499756,0.36000001430511475,6.588481903076172,2.5686488151550293,1.5255416631698608,0.5460000038146973,24.89187240600586,3.1293203830718994,1.184999942779541,0.29600000381469727,2.602285623550415,,1.7708224058151245,0.11649999767541885,7.009957790374756,0.40299999713897705,6.689237117767334,0.7160000205039978,3.299999952316284,12.25,3.1500000953674316,0.9399999976158142,0.38999998569488525,26.05996322631836,1.3117924928665161,4.825224876403809,2.1565916538238525,2.4699485301971436,1.2749955654144287,7.170046329498291,3.2300000190734863,2.6600000858306885,6.002901554107666,1.4713809490203857,0.9801612496376038,,1.0074999332427979,5.026970386505127,3.5591325759887695,6.465582847595215,,8.3906831741333,0.30399999022483826,4.488626003265381,0.3619999885559082,0.37972572445869446,1312.489990234375,1.8156805038452148,13.26988697052002,0.6899999976158142,13.078400611877441,1.8880460262298584,0.628000020980835,1.110458493232727,4.512694835662842,0.6846500039100647,4.899725914001465,1.565000057220459,2.1845059394836426,331.4541015625,1.2599999904632568,2.452320098876953,0.6679999828338623,8.06242847442627,1.868333339691162,3.2123076915740967,1.059999942779541,1.159999966621399,6.764999866485596,29.0,1.2100000381469727,0.699999988079071,0.31200000643730164,0.3959999978542328,1.350000023841858,1.4600000381469727,3.9704411029815674,38.084651947021484,3.8499999046325684,4.079999923706055,0.6299999952316284,0.7719606757164001,21.47286605834961,3.1763010025024414,0.6800000071525574,0.5550000071525574,35.83551788330078,2.300603151321411,1.25,,23.461334228515625,2.819999933242798,0.9879999756813049,12.761733055114746,,,12.476216316223145,1.350000023841858,2.1976709365844727,4.564759731292725,8.179692268371582,16.354711532592773,4.709808826446533,20.93120002746582,9.881196022033691,0.5,1.2471983432769775,6.3146209716796875,4.693472862243652,2.119999885559082,0.03657928854227066,0.7620000243186951,6.043550968170166,2.6685986518859863,1.8807165622711182,7.4213738441467285,2.9100000858306885,,8.556869506835938,0.20000000298023224,0.16178755462169647,1092.0738525390625,16.095121383666992,17.869443893432617,3.13724684715271,1.0367143154144287,,2.9000000953674316,6.866695404052734,2.3489584922790527,0.4320000112056732,0.3870967626571655,0.20600000023841858
2023-09-29,7.949999809265137,5.897785186767578,2.0444798469543457,9.897687911987305,,,0.7099999785423279,3.0,2.4100000858306885,1.2390146255493164,6.322953701019287,2.136706590652466,5.526745796203613,0.335999995470047,6.40157413482666,2.5686488151550293,1.3218750953674316,0.5339999794960022,22.692453384399414,2.1885435581207275,1.0499999523162842,0.2460000067949295,2.720268726348877,,1.7258776426315308,0.10849999636411667,6.514204025268555,0.3529999852180481,5.966076374053955,0.5860000252723694,3.299999952316284,11.699999809265137,3.2799999713897705,0.6700000166893005,0.3569999933242798,25.380306243896484,1.1125943660736084,4.739060401916504,1.7898244857788086,2.088489294052124,1.062073826789856,6.4244303703308105,2.3499999046325684,2.0,5.109259605407715,1.3392043113708496,1.0039515495300293,,0.9251562356948853,4.543242931365967,3.2220559120178223,5.5231032371521,,7.654658317565918,0.33799999952316284,4.222023010253906,0.30000001192092896,0.37407922744750977,1209.3399658203125,1.5003254413604736,12.97412395477295,0.5899999737739563,13.0973539352417,1.7694251537322998,0.4894999861717224,0.850143551826477,3.942568302154541,0.6112949848175049,5.156604290008545,1.3700000047683716,1.9433904886245728,325.6729431152344,1.100000023841858,2.2771542072296143,0.5339999794960022,8.081855773925781,1.8585000038146973,2.762967109680176,0.9959999918937683,1.159999966621399,6.119999885559082,29.200000762939453,1.0499999523162842,0.6740000247955322,0.31200000643730164,0.3959999978542328,1.2899999618530273,1.0299999713897705,3.2076468467712402,32.1988410949707,3.503499984741211,3.9549999237060547,0.5400000214576721,0.8857753872871399,21.87491226196289,2.8788228034973145,0.6499999761581421,0.5,33.38522720336914,2.4369349479675293,1.0099999904632568,,22.04800033569336,2.430000066757202,0.9599999785423279,12.991084098815918,,,11.524641036987305,1.0700000524520874,2.015331506729126,4.083475112915039,8.16147518157959,15.48375129699707,3.680696725845337,20.93120002746582,9.294194221496582,0.49399998784065247,1.1614536046981812,6.3146209716796875,4.109264373779297,1.8849999904632568,0.03796837478876114,0.6399999856948853,5.344376087188721,2.3744001388549805,1.7770179510116577,7.047428607940674,2.180000066757202,,6.3492751121521,0.20000000298023224,0.16178755462169647,1033.5699462890625,15.235440254211426,17.20833396911621,2.7617993354797363,0.9983174800872803,,2.9000000953674316,5.191652774810791,2.292583465576172,0.3310000002384186,0.32516127824783325,0.21799999475479126
2023-10-31,7.699999809265137,5.848637104034424,1.9471709728240967,9.746866226196289,,,0.7200000286102295,3.009999990463257,2.4600000381469727,1.3881689310073853,6.374101638793945,2.1179635524749756,5.171675682067871,0.335999995470047,6.07448673248291,2.5686488151550293,1.2983750104904175,0.5180000066757202,21.697477340698242,2.0895144939422607,1.1299999952316284,0.20999999344348907,2.868647336959839,,1.6674494743347168,0.10450000315904617,6.286157131195068,0.3319999873638153,6.418051242828369,0.5619999766349792,3.299999952316284,10.75,3.200000047683716,0.6600000262260437,0.32199999690055847,23.749130249023438,1.4041037559509277,4.416936874389648,1.6313809156417847,2.117098808288574,0.9439528584480286,6.008273124694824,2.390000104904175,1.9199999570846558,5.1666669845581055,1.4153895378112793,0.9516128897666931,,0.8864062428474426,4.590667247772217,3.023775577545166,5.513276100158691,,7.458384990692139,0.328000009059906,3.9263360500335693,0.32199999690055847,0.36349210143089294,1193.0999755859375,1.5003254413604736,13.013559341430664,0.6200000047683716,12.53820514678955,1.6606895923614502,0.421999990940094,0.8237821459770203,3.691326379776001,0.7200000286102295,5.537166118621826,1.2350000143051147,1.9250657558441162,279.42352294921875,1.2699999809265137,1.9657485485076904,0.5,7.907008647918701,1.8880000114440918,2.590879201889038,0.9940000176429749,1.100000023841858,6.079999923706055,29.200000762939453,0.9950000047683716,0.6800000071525574,0.28200000524520874,0.3580000102519989,1.2100000381469727,0.9399999976158142,2.914264678955078,33.583740234375,3.233999729156494,3.5999999046325684,0.574999988079071,1.0985594987869263,20.559127807617188,2.734881639480591,0.5950000286102295,0.5,33.48094177246094,2.4369349479675293,0.9950000047683716,,21.953777313232422,2.2899999618530273,0.9580000042915344,13.105759620666504,6.852063179016113,,11.207448959350586,0.949999988079071,2.130493402481079,3.72623348236084,8.125040054321289,14.612791061401367,3.680696725845337,20.02735137939453,9.421378135681152,0.42800000309944153,1.0971448421478271,6.5401434898376465,3.80230712890625,1.7999999523162842,0.040878843516111374,0.5180000066757202,5.028310775756836,2.1864266395568848,1.6921734809875488,7.526845455169678,2.069999933242798,,6.212522029876709,0.20000000298023224,0.17093917727470398,978.6116333007812,13.0862398147583,17.20833396911621,2.74214243888855,1.0463135242462158,,2.440000057220459,4.839012145996094,2.0295002460479736,0.3089999854564667,0.28064513206481934,0.19699999690055847
2023-11-30,7.099999904632568,5.848637104034424,2.044529438018799,10.802619934082031,,,0.7149999737739563,3.4700000286102295,2.5999999046325684,1.535846471786499,6.316849231719971,2.0992205142974854,5.650249004364014,0.33000001311302185,5.981032848358154,2.5686488151550293,1.496166706085205,0.5199999809265137,22.234054565429688,2.733203887939453,1.125,0.22200000286102295,2.997241735458374,,1.743855595588684,0.11900000274181366,6.920721530914307,0.367000013589859,6.7367844581604,0.6259999871253967,3.299999952316284,10.800000190734863,3.5199999809265137,0.7900000214576721,0.32499998807907104,24.710359573364258,1.7344810962677002,4.491171360015869,1.8289462327957153,2.212463617324829,1.1051651239395142,6.597829341888428,2.9100000858306885,2.1500000953674316,6.010555744171143,1.5521552562713623,1.0229839086532593,,0.9978124499320984,4.941606521606445,3.2716259956359863,5.700000286102295,,7.850931644439697,0.42399999499320984,4.023282527923584,0.30000001192092896,0.3874896764755249,1275.1300048828125,1.648446798324585,13.052994728088379,0.6600000262260437,12.765656471252441,1.7743676900863647,0.46950000524520874,0.8863892555236816,4.251789569854736,0.9409999847412109,5.889184951782227,1.3899999856948853,2.5847575664520264,296.7670593261719,1.715000033378601,2.1409144401550293,0.5419999957084656,9.228080749511719,1.8289999961853027,2.571758270263672,1.059999942779541,1.100000023841858,6.599999904632568,29.0,0.9200000166893005,0.7239999771118164,0.28200000524520874,0.3580000102519989,1.149999976158142,1.159999966621399,3.315220594406128,39.815773010253906,3.71524977684021,4.670000076293945,0.492000013589859,1.6131999492645264,22.66072654724121,2.974783420562744,0.5950000286102295,0.5299999713897705,35.16551971435547,2.6243913173675537,1.0299999713897705,,21.76533317565918,2.5299999713897705,0.9599999785423279,12.840893745422363,7.575872898101807,,10.731660842895508,1.149999976158142,2.111299753189087,4.4307942390441895,8.179692268371582,15.48375129699707,3.9271202087402344,22.120471954345703,10.566031455993652,0.38999998569488525,1.1400172710418701,6.630352020263672,4.356810569763184,1.8450000286102295,0.042787306010723114,0.5720000267028809,5.229443550109863,2.562373161315918,1.810012936592102,7.507668495178223,2.380000114440918,,6.544637680053711,0.18000000715255737,0.1762767881155014,992.79443359375,14.0414400100708,19.191665649414062,3.204080581665039,1.0271151065826416,1.6447112560272217,2.9000000953674316,5.309199333190918,2.198625087738037,0.33799999952316284,0.3290322422981262,0.19699999690055847
2023-12-29,7.099999904632568,6.19267463684082,2.1613597869873047,10.68950366973877,,,1.2400000095367432,4.570000171661377,3.069999933242798,1.5151716470718384,6.164175987243652,2.239793539047241,6.499329566955566,0.2980000078678131,5.981032848358154,1.9313514232635498,1.821250081062317,0.5040000081062317,23.232921600341797,2.8025240898132324,1.1150000095367432,0.23999999463558197,3.185187578201294,,1.6989108324050903,0.18199999630451202,7.099193096160889,0.3790000081062317,7.064267635345459,0.656000018119812,3.4000000953674316,10.600000381469727,3.259999990463257,1.0,0.3400000035762787,25.65216827392578,1.9579718112945557,4.639639377593994,1.8093852996826172,2.326901435852051,1.292738914489746,6.311721324920654,2.700000047683716,2.140000104904175,6.018209934234619,1.4778060913085938,1.1562097072601318,,1.162500023841858,5.026970386505127,3.3707664012908936,5.985000133514404,,7.654658317565918,0.4300000071525574,3.8778626918792725,0.26600000262260437,0.4365217387676239,1293.1400146484375,1.7296744585037231,12.97412395477295,0.6949999928474426,12.22546100616455,1.8237930536270142,0.4584999978542328,0.8896850347518921,4.6383161544799805,1.055999994277954,6.012866973876953,1.4500000476837158,3.283992290496826,329.5270690917969,1.940000057220459,2.1409144401550293,0.5860000252723694,9.305790901184082,1.8486666679382324,2.657802104949951,1.024999976158142,1.0399999618530273,6.760000228881836,30.0,1.0800000429153442,0.7960000038146973,0.3019999861717224,0.3240000009536743,1.2400000095367432,1.100000023841858,3.2565438747406006,41.190635681152344,3.6574997901916504,4.769999980926514,0.5299999713897705,1.890313982963562,22.07077407836914,3.157109022140503,0.7200000286102295,0.5199999809265137,35.12723159790039,2.6407012939453125,1.0299999713897705,,21.482666015625,2.690000057220459,1.159999966621399,13.426158905029297,7.527619361877441,0.8312954306602478,11.260313987731934,1.1200000047683716,2.2282423973083496,4.718572616577148,8.68978500366211,15.096657752990723,3.950692653656006,22.07290267944336,10.918231964111328,0.3799999952316284,1.1400172710418701,6.7290449142456055,4.208282947540283,1.8450000286102295,0.040386416018009186,0.6079999804496765,5.382687091827393,2.6019468307495117,1.7345956563949585,8.035027503967285,2.2699999809265137,,7.247941970825195,0.19200000166893005,0.17543935775756836,1012.2957153320312,14.089200019836426,20.854167938232422,3.1451098918914795,1.2478967905044556,1.628976821899414,2.4000000953674316,5.152470588684082,2.161041736602783,0.3499999940395355,0.3193548321723938,0.19699999690055847
2024-01-31,7.150000095367432,5.7994890213012695,2.1175484657287598,11.575581550598145,,,1.059999942779541,4.945000171661377,2.9000000953674316,1.6244529485702515,6.564942836761475,2.3335084915161133,7.718918800354004,0.3179999887943268,6.2613935470581055,1.8437837362289429,1.6058334112167358,0.5260000228881836,24.04681396484375,2.8025240898132324,1.2799999713897705,0.23399999737739563,3.2939982414245605,,1.739361047744751,0.328000009059906,7.228088855743408,0.3869999945163727,7.391749858856201,0.699999988079071,3.5,10.199999809265137,4.0,0.8600000143051147,0.38100001215934753,26.351242065429688,2.098867893218994,4.7324323654174805,2.3375303745269775,2.336437940597534,1.2521823644638062,6.6970367431640625,2.559999942779541,1.9850000143051147,6.7262349128723145,1.640272855758667,1.159999966621399,,1.2981250286102295,5.1882123947143555,3.261712074279785,5.650862216949463,,7.850931644439697,0.4300000071525574,3.936030626296997,0.38600000739097595,0.665217399597168,1367.4100341796875,1.7201182842254639,13.743106842041016,0.8299999833106995,12.178075790405273,1.828735589981079,0.4490000009536743,0.9325214624404907,4.773600101470947,1.1579999923706055,6.2031474113464355,1.3300000429153442,3.6070871353149414,319.8917541503906,1.625,1.9657485485076904,0.6420000195503235,9.577776908874512,1.789666771888733,2.7438459396362305,1.065000057220459,1.0700000524520874,6.980000019073486,29.600000381469727,0.9449999928474426,0.8960000276565552,0.2800000011920929,0.2879999876022339,1.2200000286102295,1.059999942779541,3.1098530292510986,44.20000076293945,3.71524977684021,4.614999771118164,0.7049999833106995,2.57320237159729,23.482707977294922,2.9076108932495117,0.7450000047683716,0.5099999904632568,36.37152099609375,2.663529396057129,1.2699999809265137,,20.72888946533203,2.890000104904175,1.149999976158142,13.9939546585083,7.083682537078857,0.8257048726081848,11.806588172912598,1.475000023841858,2.2185122966766357,5.199856758117676,8.6351318359375,14.709563255310059,4.1204118728637695,23.78545379638672,11.974835395812988,0.3700000047683716,1.132222294807434,6.7290449142456055,4.010246276855469,1.774999976158142,0.0763140320777893,0.8479999899864197,5.066621780395508,2.7503466606140137,1.7817314863204956,8.418560981750488,2.1500000953674316,,7.423768043518066,0.1940000057220459,0.2784419655799866,979.498046875,13.611599922180176,23.1875,3.6856753826141357,1.2478967905044556,1.558634638786316,2.4600000381469727,6.229983329772949,2.217416524887085,0.3619999885559082,0.3696773946285248,0.19699999690055847
2024-02-29,7.599999904632568,5.897785186767578,2.2197749614715576,11.858372688293457,,7.68660306930542,1.0199999809265137,5.5,2.7200000286102295,1.7101060152053833,6.660363674163818,2.4272236824035645,8.83816146850586,0.3440000116825104,6.6352081298828125,2.2281081676483154,1.639125108718872,0.5080000162124634,25.008686065673828,2.7233009338378906,1.2400000095367432,0.39800000190734863,3.3038899898529053,,1.7348666191101074,0.33899998664855957,7.1289381980896,0.3779999911785126,7.344966411590576,0.6399999856948853,3.799999952316284,9.9399995803833,4.579999923706055,0.9850000143051147,0.33799999952316284,28.234861373901367,1.9385377168655396,4.639639377593994,2.2103841304779053,2.231536388397217,1.3611780405044556,7.600820541381836,2.5799999237060547,1.9600000381469727,6.93098783493042,1.7545504570007324,1.1449999809265137,,1.6178125143051147,5.20718240737915,3.2815401554107666,5.424827575683594,,7.998136043548584,0.3840000033378601,4.1299238204956055,0.33399999141693115,0.6495652198791504,1424.77001953125,1.7440088987350464,14.038869857788086,0.800000011920929,13.230033874511719,1.7793102264404297,0.527999997138977,0.8830944895744324,4.850905418395996,1.25,6.165091514587402,1.2799999713897705,3.838557720184326,335.3082275390625,1.590000033378601,1.9852113723754883,0.6000000238418579,10.49087142944336,1.7404999732971191,2.7725274562835693,1.2000000476837158,1.0700000524520874,6.760000228881836,29.200000762939453,1.0700000524520874,0.9200000166893005,0.3199999928474426,0.3179999887943268,1.25,1.159999966621399,3.002279281616211,44.01191329956055,3.926999807357788,4.400000095367432,0.6899999976158142,2.57320237159729,24.523080825805664,2.8308424949645996,0.8500000238418579,0.6800000071525574,34.45722961425781,2.663529396057129,1.1200000047683716,,20.72888946533203,2.7899999618530273,1.190000057220459,14.736455917358398,7.267047882080078,0.7898800373077393,11.894697189331055,1.3200000524520874,2.354736804962158,5.348707675933838,8.926613807678223,15.290205001831055,3.950692653656006,24.594160079956055,11.798735618591309,0.328000009059906,1.1263760328292847,6.7290449142456055,4.138969898223877,1.7000000476837158,0.07365590333938599,0.8299999833106995,5.373109340667725,3.2450132369995117,1.6450377702713013,8.792506217956543,2.190000057220459,,7.3065505027771,0.20999999344348907,0.26797419786453247,957.3374633789062,13.611599922180176,25.520832061767578,4.000186443328857,1.142305612564087,1.5697412490844727,2.4600000381469727,5.877342700958252,2.1234583854675293,0.38600000739097595,0.37161290645599365,0.20000000298023224
2024-03-28,8.100000381469727,6.290971279144287,2.2051713466644287,11.820667266845703,,7.509899616241455,0.9100000262260437,5.380000114440918,2.690000057220459,1.6047626733779907,6.564942836761475,2.5021958351135254,7.950486183166504,0.3779999911785126,6.775388717651367,2.3254055976867676,1.5549167394638062,0.5019999742507935,25.261911392211914,2.624271869659424,1.2450000047683716,0.33799999952316284,3.3335657119750977,,1.7348666191101074,0.2529999911785126,7.089278221130371,0.4300000071525574,6.970700740814209,0.9319999814033508,3.799999952316284,9.880000114440918,4.659999847412109,0.9750000238418579,0.3440000116825104,28.642656326293945,1.919103741645813,4.964414119720459,1.918926477432251,2.5367040634155273,1.333295464515686,7.537555694580078,2.549999952316284,2.0199999809265137,6.942469596862793,1.6356834173202515,1.274999976158142,,1.7631250619888306,5.178728103637695,3.430250406265259,5.867068767547607,,7.949068546295166,0.38999998569488525,4.120229244232178,0.30399999022483826,0.5965217351913452,1422.3499755859375,1.7010059356689453,16.64158058166504,0.7200000286102295,12.955198287963867,1.7249424457550049,0.5,1.2159029245376587,4.754273891448975,1.1679999828338623,5.97481107711792,1.3799999952316284,3.534752368927002,327.6000061035156,1.565000057220459,1.9852113723754883,0.5899999737739563,11.365110397338867,1.7601666450500488,2.667362689971924,1.6349999904632568,1.0700000524520874,6.75,32.0,1.0700000524520874,0.8859999775886536,0.37599998712539673,0.33000001311302185,1.3300000429153442,1.159999966621399,3.002279281616211,42.69532012939453,3.734499931335449,4.099999904632568,0.6449999809265137,3.2857813835144043,25.65634536743164,2.9555914402008057,0.7649999856948853,0.6000000238418579,34.22751235961914,2.5895423889160156,1.1299999952316284,,21.671112060546875,2.8499999046325684,1.1649999618530273,14.570484161376953,7.952253818511963,0.7863842248916626,11.718480110168457,1.3450000286102295,2.374197244644165,5.368554592132568,8.580479621887207,15.19343090057373,3.9129772186279297,27.400842666625977,11.378049850463867,0.2919999957084656,1.116632342338562,6.7290449142456055,4.3667120933532715,1.659999966621399,0.06731069087982178,1.3250000476837158,5.631708145141602,4.224453449249268,1.5366255044937134,11.256709098815918,2.0899999141693115,,7.755884170532227,0.20000000298023224,0.24494516849517822,970.6338500976562,14.8056001663208,25.812498092651367,3.809514045715332,1.1615040302276611,1.5530813932418823,2.259999990463257,5.397359848022461,2.17983341217041,0.31431201100349426,0.32670482993125916,0.18000000715255737
2024-04-30,7.0,6.467904567718506,2.1759634017944336,11.877225875854492,,7.342031478881836,0.949999988079071,5.400000095367432,2.859999895095825,1.5678433179855347,6.564942836761475,2.5115673542022705,7.178594589233398,0.3779999911785126,7.551054000854492,2.40324330329895,1.4530832767486572,0.4779999852180481,27.608335494995117,2.5747570991516113,1.3049999475479126,0.2800000011920929,3.3434579372406006,,1.775316834449768,0.3720000088214874,7.8725690841674805,0.3779999911785126,7.344966411590576,0.75,3.7799999713897705,9.569999694824219,4.784999847412109,0.9649999737739563,0.3490000069141388,29.477663040161133,2.125589609146118,4.583963871002197,1.8895851373672485,2.355510711669922,1.32822585105896,7.618896484375,2.359999895095825,1.7879999876022339,7.233333587646484,1.8449628353118896,1.3300000429153442,,1.622656226158142,4.894182205200195,3.20222806930542,5.621379375457764,,8.047204971313477,0.382999986410141,4.013587951660156,0.33000001311302185,0.6878260970115662,1448.47998046875,1.6006656885147095,16.54299545288086,0.6949999928474426,13.533300399780273,1.68045973777771,0.4325000047683716,1.1401145458221436,4.96686315536499,1.1480000019073486,5.955782890319824,1.2799999713897705,3.5202856063842773,331.4541015625,1.524999976158142,1.9462857246398926,0.550000011920929,10.393733024597168,1.8093334436416626,2.6291208267211914,1.440000057220459,1.0700000524520874,6.889999866485596,33.400001525878906,1.090000033378601,0.8510000109672546,0.335999995470047,0.3499999940395355,1.4700000286102295,1.090000033378601,2.933823585510254,43.44765853881836,3.811499834060669,3.990000009536743,0.6399999856948853,3.206606149673462,25.229049682617188,2.893217086791992,0.7300000190734863,0.4699999988079071,36.562950134277344,2.5710456371307373,1.0099999904632568,,21.105777740478516,2.8499999046325684,1.0700000524520874,14.162389755249023,10.268445014953613,0.7828894257545471,11.966143608093262,1.1799999475479126,2.5891764163970947,6.370817184448242,8.300000190734863,14.709563255310059,3.7715439796447754,23.595169067382812,10.996499061584473,0.29600000381469727,1.124427318572998,7.141027450561523,4.643963813781738,1.6449999809265137,0.0765712708234787,1.2860000133514404,5.555086612701416,3.9573333263397217,1.6026155948638916,11.410122871398926,1.899999976158142,,7.619130611419678,0.1899999976158142,0.28681614995002747,983.93017578125,14.050000190734863,28.92361068725586,3.7102468013763428,1.142305612564087,1.5919545888900757,2.1600000858306885,5.681431293487549,2.3865416049957275,0.2800000011920929,0.3309677541255951,0.18000000715255737
2024-05-31,5.900000095367432,5.7994890213012695,2.1467559337615967,11.829999923706055,,7.597842216491699,0.8199999928474426,5.199999809265137,2.7300000190734863,1.5269858837127686,6.760000228881836,2.5771679878234863,6.754054069519043,0.38199999928474426,8.34000015258789,2.237837791442871,1.4530832767486572,0.4740000069141388,24.978069305419922,2.6341748237609863,1.3250000476837158,0.27799999713897705,3.363241672515869,,1.775316834449768,0.42899999022483826,8.923566818237305,0.36399999260902405,7.489933013916016,0.6800000071525574,3.680000066757202,8.550000190734863,4.519999980926514,1.2100000381469727,0.3409999907016754,31.280000686645508,1.9774057865142822,4.871621608734131,1.8661119937896729,2.1457080841064453,1.2851345539093018,7.551112174987793,2.2899999618530273,1.7960000038146973,7.635185241699219,1.8467987775802612,1.2450000047683716,,1.525781273841858,4.6570611000061035,3.07334566116333,5.798275947570801,,7.949068546295166,0.4580000042915344,3.8778626918792725,0.23999999463558197,0.591304361820221,1431.8399658203125,1.5499999523162842,16.523277282714844,0.6499999761581421,12.737224578857422,1.5717241764068604,0.4154999852180481,1.080802321434021,4.763936519622803,1.1699999570846558,5.575222015380859,1.2350000143051147,3.6553101539611816,327.6000061035156,1.409999966621399,1.9462857246398926,0.5139999985694885,10.830852508544922,1.7995001077651978,2.543076992034912,1.340000033378601,1.0700000524520874,6.670000076293945,36.599998474121094,0.9549999833106995,0.9169999957084656,0.3100000023841858,0.30399999022483826,1.3799999952316284,0.9399999976158142,2.8653676509857178,44.20000076293945,3.72487473487854,3.7899999618530273,0.5,3.4144415855407715,24.20725440979004,2.9000000953674316,0.699999988079071,0.6399999856948853,35.0506591796875,2.608039140701294,0.9340000152587891,,22.0,2.619999885559082,0.8600000143051147,13.291417121887207,11.561650276184082,0.8056076765060425,11.037095069885254,1.1150000095367432,2.361882448196411,7.134918212890625,8.640000343322754,15.48375129699707,3.889404773712158,23.975738525390625,10.976932525634766,0.25200000405311584,1.159504771232605,7.141027450561523,4.881608009338379,1.5449999570846558,0.07142650336027145,1.190000057220459,5.114510536193848,3.769359827041626,1.645403265953064,10.736671447753906,1.8949999809265137,,7.1111884117126465,0.1550000011920929,0.29309678077697754,1010.5228881835938,14.100000381469727,29.458332061767578,3.5461113452911377,1.06551194190979,1.5567835569381714,2.1600000858306885,6.259369850158691,2.255000114440918,0.2709999978542328,0.39483869075775146,0.16200000047683716
2024-06-28,6.449999809265137,5.652044296264648,2.1175484657287598,11.680000305175781,,7.220709323883057,0.7649999856948853,5.099999904632568,2.634999990463257,1.4999115467071533,6.400000095367432,2.792712926864624,6.638270378112793,0.4180000126361847,8.460000038146973,2.315675735473633,1.329708456993103,0.4490000009536743,25.432214736938477,2.4559223651885986,1.2599999904632568,0.23199999332427979,3.412700891494751,,1.7608553171157837,0.36800000071525574,9.59000015258789,0.335999995470047,7.151678085327148,0.6100000143051147,3.319999933242798,8.460000038146973,3.744999885559082,0.8949999809265137,0.3160000145435333,31.5,2.125589609146118,4.7324323654174805,1.7640000581741333,2.088489294052124,1.2521823644638062,7.04951286315918,2.0299999713897705,1.649999976158142,7.4476542472839355,1.8550595045089722,1.2599999904632568,,1.4434374570846558,4.840000152587891,3.0436036586761475,5.385517597198486,,7.900000095367432,0.44200000166893005,3.880000114440918,0.23600000143051147,0.5582609176635742,1404.260009765625,1.4249999523162842,16.306385040283203,0.675000011920929,12.737224578857422,1.5272413492202759,0.35899999737739563,1.093982458114624,4.541684150695801,1.1759999990463257,5.327856540679932,1.2300000190734863,3.143911838531494,334.0,1.2999999523162842,1.9462857246398926,0.46399998664855957,11.025128364562988,1.7699999809265137,2.6100001335144043,1.100000023841858,1.0700000524520874,6.739999771118164,36.599998474121094,0.8999999761581421,0.8460000157356262,0.29600000381469727,0.2800000011920929,1.3300000429153442,0.8240000009536743,2.7284557819366455,44.400001525878906,3.7441248893737793,3.609999895095825,0.5199999809265137,3.2659876346588135,23.08793067932129,2.819999933242798,0.6899999976158142,0.5799999833106995,34.86000061035156,2.441568613052368,0.8899999856948853,2.7009999752044678,20.399999618530273,2.4800000190734863,0.8500000238418579,13.51439094543457,12.020000457763672,0.8021118640899658,10.516827583312988,1.0499999523162842,2.3816471099853516,7.0,8.020000457763672,14.419242858886719,3.745765209197998,23.78545379638672,10.996499061584473,0.24400000274181366,1.1100000143051147,7.0823187828063965,4.505000114440918,1.3600000143051147,0.06765367835760117,1.2000000476837158,5.300000190734863,3.670426607131958,1.7279160022735596,10.560660362243652,1.5199999809265137,,6.564173698425293,0.1550000011920929,0.24871355295181274,992.79443359375,13.25,29.25,3.347576141357422,1.0943095684051514,1.5850986242294312,2.1600000858306885,5.690000057220459,2.273791790008545,0.2590000033378601,0.4470967650413513,0.16200000047683716
2024-07-31,5.599999904632568,5.849999904632568,2.1954352855682373,11.5,,7.32373046875,0.949999988079071,4.989999771118164,3.0299999713897705,1.7029999494552612,6.699999809265137,2.748452663421631,7.139999866485596,0.4180000126361847,8.579999923706055,2.5899999141693115,1.4079999923706055,0.46299999952316284,24.315786361694336,2.3667962551116943,1.4700000286102295,0.25600001215934753,3.4918360710144043,,1.8605263233184814,0.43700000643730164,9.65999984741211,0.35199999809265137,6.8617448806762695,0.6919999718666077,3.2799999713897705,9.0,3.765000104904175,0.6949999928474426,0.32199999690055847,33.91999816894531,2.109999895095825,5.24279260635376,1.8899999856948853,2.1600000858306885,1.231231451034546,7.207792282104492,2.25,1.7999999523162842,8.109999656677246,2.0314669609069824,1.2899999618530273,,1.5500000715255737,4.800000190734863,3.3211960792541504,5.809999942779541,,7.949999809265137,0.4339999854564667,3.924999952316284,0.22599999606609344,0.6417391300201416,1478.1700439453125,1.600000023841858,17.647174835205078,0.6100000143051147,15.170000076293945,1.6699999570846558,0.40849998593330383,1.1833330392837524,5.179999828338623,1.2339999675750732,5.794692516326904,1.284999966621399,3.3299999237060547,338.0,1.4600000381469727,1.75,0.49000000953674316,11.219404220581055,1.6323332786560059,2.630000114440918,1.1799999475479126,1.0700000524520874,7.610000133514404,37.20000076293945,0.9100000262260437,0.8939999938011169,0.2939999997615814,0.2759999930858612,1.4199999570846558,0.8500000238418579,2.609999895095825,45.0,4.019999980926514,3.6700000762939453,0.6349999904632568,3.64207124710083,23.166728973388672,2.680000066757202,0.6499999761581421,0.6949999928474426,36.47999954223633,2.552548885345459,0.9700000286102295,2.7699999809265137,21.200000762939453,2.559999942779541,0.8100000023841858,14.871369361877441,12.239999771118164,0.7855105400085449,11.018513679504395,1.0750000476837158,2.332235097885132,7.150000095367432,8.579999923706055,14.999883651733398,4.070201396942139,25.950000762939453,11.770000457763672,0.23000000417232513,1.1619999408721924,6.662971019744873,5.010000228881836,1.4850000143051147,0.07185523957014084,1.1660000085830688,5.380000114440918,3.749573230743408,1.9075028896331787,10.736671447753906,1.6699999570846558,1.634600043296814,6.659999847412109,0.14499999582767487,0.280535489320755,819.055419921875,13.899999618530273,32.900001525878906,3.9000000953674316,1.1323808431625366,1.5850986242294312,2.1600000858306885,5.880000114440918,2.3399999141693115,0.27900001406669617,0.3779999911785126,0.16200000047683716
2024-08-30,5.099999904632568,5.849999904632568,2.0786049365997314,10.920000076293945,,7.2667012214660645,0.8100000023841858,5.150000095367432,2.8499999046325684,1.5464999675750732,6.440000057220459,2.7386367321014404,7.099999904632568,0.4180000126361847,8.640000343322754,2.4200000762939453,1.3860000371932983,0.46299999952316284,22.469514846801758,2.049999952316284,1.6699999570846558,0.23800000548362732,3.569999933242798,,1.8842575550079346,0.3840000033378601,9.699999809265137,0.3330000042915344,6.71677827835083,0.6100000143051147,3.2799999713897705,9.4399995803833,3.3949999809265137,0.675000011920929,0.3140000104904175,33.31999969482422,1.9479999542236328,5.24279260635376,1.840000033378601,2.119999885559082,1.301659345626831,6.954545021057129,2.130000114440918,1.7039999961853027,7.857999801635742,1.979673147201538,1.284999966621399,,1.501562476158142,4.519999980926514,3.200000047683716,5.599999904632568,,7.599999904632568,0.38499999046325684,4.034999847412109,0.21799999475479126,0.5973913073539734,1431.18994140625,1.5750000476837158,17.520000457763672,0.6399999856948853,14.65999984741211,1.5850000381469727,0.3855000138282776,1.0666660070419312,4.940000057220459,1.2020000219345093,5.696310520172119,1.2599999904632568,3.1700000762939453,340.0,1.399999976158142,1.600000023841858,0.45500001311302185,12.199999809265137,1.7995001077651978,2.5899999141693115,1.1100000143051147,1.0700000524520874,7.039999961853027,38.599998474121094,0.9200000166893005,0.8309999704360962,0.2680000066757202,0.23999999463558197,1.440000057220459,0.722000002861023,2.3499999046325684,43.20000076293945,3.8499999046325684,3.3499999046325684,0.5600000023841858,3.948875904083252,21.374065399169922,2.615000009536743,0.6200000047683716,0.6499999761581421,34.040000915527344,2.6265358924865723,0.906000018119812,2.700000047683716,20.799999237060547,2.450000047683716,0.800000011920929,14.437504768371582,13.0,0.8075448274612427,10.665475845336914,1.0,2.4211764335632324,6.630000114440918,8.140000343322754,14.300000190734863,3.8637421131134033,27.0,11.619999885559082,0.21799999475479126,1.1979999542236328,6.662971019744873,4.579999923706055,1.2999999523162842,0.07417037338018417,1.159999966621399,5.239999771118164,3.6600000858306885,1.8346973657608032,9.719718933105469,1.600000023841858,1.7640000581741333,6.559999942779541,0.13199999928474426,0.26964902877807617,746.36865234375,13.5,31.700000762939453,3.9079999923706055,1.083571434020996,1.5909262895584106,2.5799999237060547,5.800000190734863,2.4000000953674316,0.27300000190734863,0.4000000059604645,0.16200000047683716
2024-09-30,4.360000133514404,5.920000076293945,2.365000009536743,10.930000305175781,,7.031223297119141,0.7599999904632568,4.900000095367432,2.984999895095825,1.5579999685287476,6.579999923706055,2.7386367321014404,7.0,0.38999998569488525,8.579999923706055,2.309999942779541,1.5460000038146973,0.4699999988079071,25.238924026489258,1.7649999856948853,1.5499999523162842,0.27000001072883606,3.619999885559082,4.639999866485596,1.9174811840057373,0.49399998784065247,10.0,0.3490000069141388,6.958388805389404,0.6299999952316284,3.259999990463257,9.40999984741211,3.2699999809265137,0.6100000143051147,0.3179999887943268,32.41999816894531,1.8200000524520874,5.010810852050781,1.8739999532699585,2.049999952316284,1.2299737930297852,6.803571701049805,2.119999885559082,1.7039999961853027,7.676000118255615,1.9739184379577637,1.2599999904632568,,1.600000023841858,4.550000190734863,3.240000009536743,5.739999771118164,,7.699999809265137,0.35600000619888306,3.859999895095825,0.2720000147819519,0.6930434703826904,1451.9000244140625,1.3849999904632568,17.65999984741211,0.6000000238418579,15.489999771118164,1.5049999952316284,0.36000001430511475,1.1933330297470093,4.909999847412109,1.121999979019165,5.843883514404297,1.2200000286102295,3.0950000286102295,334.0,1.4450000524520874,1.5199999809265137,0.4390000104904175,13.449999809265137,1.7699999809265137,2.690000057220459,1.059999942779541,1.0700000524520874,7.489999771118164,39.0,0.9300000071525574,0.8320000171661377,0.25200000405311584,0.27000001072883606,1.3700000047683716,0.7099999785423279,2.4100000858306885,43.20000076293945,3.8399999141693115,3.319999933242798,0.5950000286102295,3.7212464809417725,20.940673828125,2.680000066757202,0.7099999785423279,0.6800000071525574,35.380001068115234,2.608039140701294,0.7699999809265137,2.690000057220459,21.399999618530273,2.450000047683716,0.8500000238418579,14.732901573181152,12.979999542236328,0.8169999718666077,10.182371139526367,1.0,2.2729411125183105,6.699999809265137,8.220000267028809,15.199999809265137,3.726102352142334,26.75,12.039999961853027,0.22599999606609344,1.25600004196167,6.057246208190918,5.329999923706055,1.2899999618530273,0.0833452120423317,1.184000015258789,5.21999979019165,3.799999952316284,1.7133549451828003,10.638887405395508,1.6699999570846558,1.7649999856948853,6.599999904632568,0.12700000405311584,0.29309678077697754,424.5968933105469,13.449999809265137,35.70000076293945,3.8259999752044678,1.0640475749969482,1.5676159858703613,2.5799999237060547,5.820000171661377,2.2799999713897705,0.2800000011920929,0.36800000071525574,0.16200000047683716
2024-10-31,4.480000019073486,5.429999828338623,2.369999885559082,9.96500015258789,,7.220709323883057,0.7049999833106995,4.900000095367432,3.194999933242798,1.3795000314712524,6.400000095367432,2.5325028896331787,6.980000019073486,0.4300000071525574,8.699999809265137,2.0899999141693115,1.399999976158142,0.47600001096725464,24.06045150756836,1.6549999713897705,1.4299999475479126,0.32600000500679016,3.680000066757202,4.230000019073486,1.9269737005233765,0.453000009059906,8.699999809265137,0.33399999141693115,6.71677827835083,0.5400000214576721,3.5,9.149999618530273,2.630000114440918,0.5550000071525574,0.2800000011920929,31.899999618530273,1.440000057220459,4.78000020980835,1.7400000095367432,1.9800000190734863,1.1142706871032715,6.7207794189453125,1.9700000286102295,1.7339999675750732,7.179999828338623,1.8127821683883667,1.1299999952316284,,1.4500000476837158,4.230000019073486,3.1600000858306885,5.789999961853027,,8.050000190734863,0.32899999618530273,3.684999942779541,0.2280000001192093,0.5939130783081055,1382.6800537109375,1.315000057220459,17.299999237060547,0.6000000238418579,15.170000076293945,1.465000033378601,0.29249998927116394,1.2233330011367798,4.340000152587891,1.0119999647140503,5.9816179275512695,1.0399999618530273,2.755000114440918,336.0,1.2699999809265137,1.75,0.40799999237060547,13.899999618530273,1.7699999809265137,2.6500000953674316,0.921999990940094,1.0700000524520874,7.400000095367432,37.400001525878906,0.8899999856948853,0.7310000061988831,0.2680000066757202,0.3400000035762787,1.2699999809265137,0.6859999895095825,2.2200000286102295,41.20000076293945,3.5999999046325684,3.055000066757202,0.5199999809265137,3.799999952316284,19.34500503540039,2.619999885559082,0.6899999976158142,0.6200000047683716,32.060001373291016,2.663529396057129,0.9039999842643738,2.5250000953674316,20.600000381469727,2.3499999046325684,0.8199999928474426,14.474430084228516,12.800000190734863,0.800000011920929,10.55398941040039,1.0149999856948853,2.26305890083313,5.920000076293945,7.900000095367432,15.100000381469727,3.6179568767547607,27.649999618530273,12.050000190734863,0.25,1.1299999952316284,6.057246208190918,5.179999828338623,1.3600000143051147,0.07708574831485748,1.0880000591278076,5.53000020980835,3.4600000381469727,1.5531829595565796,10.775785446166992,1.590000033378601,1.600000023841858,6.019999980926514,0.12700000405311584,0.25918132066726685,6.179999828338623,13.199999809265137,32.79999923706055,3.437999963760376,1.0347617864608765,1.5676159858703613,2.5799999237060547,5.150000095367432,2.140000104904175,0.25999999046325684,0.39800000190734863,0.16200000047683716
2024-11-29,4.480000019073486,5.400000095367432,2.365000009536743,9.479999542236328,,7.40467643737793,0.6899999976158142,4.840000152587891,3.9600000381469727,1.4665000438690186,6.340000152587891,2.6502938270568848,6.980000019073486,0.4259999990463257,8.720000267028809,2.25,1.4320000410079956,0.453000009059906,24.23722267150879,1.8200000524520874,1.375,0.2800000011920929,3.7200000286102295,4.400000095367432,2.0124058723449707,0.38999998569488525,8.699999809265137,0.32499998807907104,7.199999809265137,0.4950000047683716,3.5999999046325684,8.199999809265137,2.8499999046325684,0.5400000214576721,0.28999999165534973,33.47999954223633,1.4980000257492065,4.739999771118164,1.8680000305175781,2.0,1.0941485166549683,6.61850643157959,1.9800000190734863,1.8799999952316284,6.665999889373779,1.918287992477417,1.1200000047683716,,1.4149999618530273,4.340000152587891,3.1600000858306885,5.840000152587891,,8.25,0.40299999713897705,3.619999885559082,0.20800000429153442,0.6000000238418579,1393.489990234375,1.2949999570846558,18.6200008392334,0.5899999737739563,14.9399995803833,1.5049999952316284,0.29499998688697815,1.266666054725647,4.230000019073486,0.9129999876022339,5.755339622497559,1.0499999523162842,2.6549999713897705,336.0,1.2300000190734863,2.2200000286102295,0.4180000126361847,14.300000190734863,1.7200000286102295,2.7300000190734863,0.9259999990463257,1.0700000524520874,7.190000057220459,37.400001525878906,0.8999999761581421,0.7099999785423279,0.25600001215934753,0.2540000081062317,1.25,0.593999981880188,2.0799999237060547,40.0,3.559999942779541,2.9700000286102295,0.5149999856948853,3.6600000858306885,19.31545639038086,2.5999999046325684,0.6299999952316284,0.6200000047683716,31.059999465942383,2.7005228996276855,0.8399999737739563,2.25,21.899999618530273,2.3299999237060547,0.9449999928474426,14.889599800109863,12.600000381469727,0.7900000214576721,9.624940872192383,0.9900000095367432,2.322352886199951,5.340000152587891,7.900000095367432,14.5,3.9325618743896484,31.350000381469727,11.449999809265137,0.3179999887943268,1.1799999475479126,5.77768087387085,5.150000095367432,1.4149999618530273,0.08160000294446945,1.0640000104904175,5.539999961853027,3.4800000190734863,1.524060845375061,10.482433319091797,1.5399999618530273,1.6549999713897705,5.800000190734863,0.12700000405311584,0.25850000977516174,0.5680000185966492,13.100000381469727,38.75,3.4649999141693115,1.0347617864608765,1.5831561088562012,2.819999933242798,5.170000076293945,2.200000047683716,0.2549999952316284,0.39800000190734863,0.16200000047683716
2024-12-31,4.480000019073486,5.940000057220459,2.575000047683716,10.119999885559082,,7.358684539794922,0.7400000095367432,4.8214430809021,4.554999828338623,1.6169999837875366,6.480000019073486,2.7899999618530273,7.380000114440918,0.4620000123977661,8.720000267028809,2.190000057220459,1.5240000486373901,0.44600000977516174,25.10143280029297,1.875,1.5950000286102295,0.25,3.799999952316284,4.599999904632568,2.031391143798828,0.41600000858306885,9.4399995803833,0.36399999260902405,7.400000095367432,0.5580000281333923,3.5199999809265137,8.3100004196167,2.799999952316284,0.6100000143051147,0.3100000023841858,33.31999969482422,1.7799999713897705,5.0,1.9199999570846558,2.3299999237060547,1.402270793914795,7.363636016845703,2.0,1.871999979019165,7.659999847412109,2.1388912200927734,1.225000023841858,1.4950000047683716,1.809999942779541,4.510000228881836,3.2200000286102295,5.909999847412109,,8.100000381469727,0.4399999976158142,3.7100000381469727,0.21199999749660492,0.609000027179718,1469.6700439453125,1.3700000047683716,18.479999542236328,0.6349999904632568,14.880000114440918,1.5049999952316284,0.33500000834465027,1.3333330154418945,4.710000038146973,1.0479999780654907,5.843883514404297,1.100000023841858,2.9800000190734863,336.0,1.2000000476837158,1.7300000190734863,0.4350000023841858,15.0,1.8600000143051147,2.869999885559082,1.0199999809265137,1.0700000524520874,7.309999942779541,37.0,0.8999999761581421,0.7950000166893005,0.25,0.25999999046325684,1.6299999952316284,0.6100000143051147,2.1600000858306885,40.0,3.940000057220459,2.880000114440918,0.5,3.7300000190734863,20.639999389648438,2.7699999809265137,0.6650000214576721,0.6050000190734863,33.52000045776367,3.059999942779541,0.8560000061988831,2.309999942779541,22.399999618530273,2.390000104904175,1.159999966621399,15.071999549865723,12.9399995803833,0.8289999961853027,9.45771312713623,0.9959999918937683,2.3421175479888916,5.559999942779541,8.180000305175781,14.399999618530273,3.8539106845855713,30.0,12.34000015258789,0.2800000011920929,1.2719999551773071,6.449999809265137,5.25,1.4900000095367432,0.08240000158548355,1.24399995803833,5.989999771118164,3.5,1.6648180484771729,10.638887405395508,1.5800000429153442,1.75,5.900000095367432,0.1379999965429306,0.2694999873638153,0.6899999976158142,14.600000381469727,40.20000076293945,3.8499999046325684,1.024999976158142,1.6480000019073486,2.819999933242798,5.440000057220459,2.200000047683716,0.27799999713897705,0.33399999141693115,0.16200000047683716
2025-01-31,4.800000190734863,5.909999847412109,2.680000066757202,10.869999885559082,4.624499797821045,7.88299036026001,0.7599999904632568,5.150000095367432,4.315000057220459,1.784000039100647,6.480000019073486,3.2699999809265137,7.300000190734863,1.2400000095367432,8.760000228881836,2.4000000953674316,1.9299999475479126,0.46000000834465027,25.72995376586914,1.8300000429153442,1.524999976158142,0.25200000405311584,3.7899999618530273,5.079999923706055,2.2307329177856445,0.4410000145435333,9.510000228881836,0.36000001430511475,7.150000095367432,0.6079999804496765,3.4000000953674316,8.199999809265137,2.7149999141693115,0.6050000190734863,0.3370000123977661,33.400001525878906,1.7760000228881836,5.5,2.0950000286102295,2.1600000858306885,1.408558964729309,7.489999771118164,2.25,1.7999999523162842,8.380000114440918,2.3240060806274414,1.1749999523162842,1.5199999809265137,1.9249999523162842,4.965000152587891,3.380000114440918,6.099999904632568,,7.699999809265137,0.4650000035762787,4.105000019073486,0.20999999344348907,0.625,1549.3199462890625,1.4600000381469727,18.68000030517578,0.6800000071525574,14.600000381469727,1.9199999570846558,0.35199999809265137,1.774999976158142,4.639999866485596,1.0640000104904175,5.912751197814941,1.149999976158142,3.109999895095825,328.0,1.3550000190734863,1.7400000095367432,0.4569999873638153,16.049999237060547,1.75,3.2300000190734863,1.0,1.0700000524520874,6.960000038146973,37.20000076293945,1.0,0.8650000095367432,0.2759999930858612,0.257999986410141,1.75,0.6660000085830688,2.3399999141693115,39.400001525878906,3.8499999046325684,2.8949999809265137,0.5099999904632568,3.700000047683716,21.360000610351562,2.8499999046325684,0.6600000262260437,0.7699999809265137,34.7599983215332,3.259999990463257,0.7860000133514404,2.444999933242798,27.299999237060547,2.569999933242798,1.2300000190734863,15.897599220275879,13.399999618530273,0.7829999923706055,10.163789749145508,1.0549999475479126,2.539764642715454,5.5,8.180000305175781,14.899999618530273,4.070000171661377,29.899999618530273,13.1899995803833,0.37599998712539673,1.2719999551773071,6.199999809265137,5.300000190734863,1.5,0.07980000227689743,1.3799999952316284,6.320000171661377,3.609999895095825,1.6405495405197144,11.147363662719727,1.5549999475479126,1.7100000381469727,5.840000152587891,0.1509999930858612,0.25999999046325684,0.7379999756813049,14.449999809265137,45.70000076293945,4.38100004196167,1.269047498703003,1.7000000476837158,2.799999952316284,6.010000228881836,2.380000114440918,0.28600001335144043,0.3160000145435333,0.16200000047683716
2025-02-28,5.0,6.070000171661377,2.819999933242798,10.770000457763672,4.519000053405762,8.039362907409668,0.7400000095367432,5.25,4.269999980926514,1.9474999904632568,6.480000019073486,3.0999999046325684,7.179999828338623,1.3700000047683716,8.760000228881836,2.299999952316284,2.299999952316284,0.42399999499320984,26.063852310180664,1.7300000190734863,1.4900000095367432,0.25,3.8299999237060547,5.320000171661377,2.2687032222747803,0.3790000081062317,8.970000267028809,0.3449999988079071,7.099999904632568,0.5799999833106995,3.4200000762939453,8.34000015258789,2.7100000381469727,0.5699999928474426,0.35600000619888306,40.959999084472656,2.0450000762939453,5.099999904632568,2.1500000953674316,2.1500000953674316,1.4148471355438232,7.800000190734863,2.319999933242798,1.7860000133514404,8.923999786376953,2.4007375240325928,1.0950000286102295,1.715000033378601,1.8600000143051147,4.835000038146973,3.4000000953674316,5.78000020980835,,7.699999809265137,0.49000000953674316,4.099999904632568,0.23800000548362732,0.5730000138282776,1607.7900390625,1.5,18.34000015258789,0.7099999785423279,15.020000457763672,1.940000057220459,0.35899999737739563,1.6699999570846558,4.909999847412109,1.0219999551773071,5.8733978271484375,1.2549999952316284,3.059999942779541,324.0,1.2899999618530273,1.9500000476837158,0.43799999356269836,16.600000381469727,1.899999976158142,3.380000114440918,0.9480000138282776,1.0700000524520874,6.510000228881836,36.79999923706055,0.949999988079071,0.796999990940094,0.23000000417232513,0.23600000143051147,1.7300000190734863,0.7179999947547913,2.240000009536743,39.0,3.9000000953674316,2.809999942779541,0.5049999952316284,3.740000009536743,21.700000762939453,2.744999885559082,0.6200000047683716,0.5550000071525574,35.5,3.059999942779541,0.8240000009536743,2.549999952316284,28.200000762939453,2.559999942779541,1.2599999904632568,16.416000366210938,14.34000015258789,0.800000011920929,9.866494178771973,0.9900000095367432,2.5694117546081543,5.139999866485596,7.940000057220459,15.300000190734863,3.865000009536743,32.29999923706055,13.220000267028809,0.2619999945163727,1.2940000295639038,6.150000095367432,5.079999923706055,1.4199999570846558,0.06790000200271606,1.281999945640564,6.119999885559082,3.549999952316284,1.6502569913864136,12.398998260498047,1.534999966621399,1.909999966621399,5.559999942779541,0.1509999930858612,0.23749999701976776,0.7139999866485596,14.649999618530273,40.099998474121094,4.5329999923706055,1.2592856884002686,1.6380000114440918,4.400000095367432,5.679999828338623,2.380000114440918,0.25999999046325684,0.3700000047683716,0.16200000047683716
2025-03-31,5.0,5.980000019073486,2.9100000858306885,11.989999771118164,4.3480000495910645,8.363144874572754,0.7400000095367432,5.199999809265137,4.929999828338623,2.200000047683716,6.699999809265137,3.569999933242798,7.0,0.9599999785423279,8.600000381469727,2.309999942779541,2.049999952316284,0.4020000100135803,25.31999969482422,1.725000023841858,1.4500000476837158,0.2160000056028366,3.869999885559082,5.820000171661377,2.3921053409576416,0.4009999930858612,9.300000190734863,0.3370000123977661,7.050000190734863,0.5659999847412109,4.0,8.4399995803833,2.5250000953674316,0.5849999785423279,0.3089999854564667,42.040000915527344,1.9320000410079956,5.199999809265137,2.109999895095825,2.1700000762939453,1.496000051498413,7.650000095367432,2.1600000858306885,1.7760000228881836,9.449999809265137,2.36620831489563,1.0850000381469727,1.6399999856948853,1.8300000429153442,5.440000057220459,3.380000114440918,5.960000038146973,,7.5,0.47999998927116394,4.059999942779541,0.2160000056028366,0.5879999995231628,1685.239990234375,1.4149999618530273,19.200000762939453,0.7649999856948853,15.0,1.8849999904632568,0.3555000126361847,1.7050000429153442,4.880000114440918,1.0399999618530273,6.389999866485596,1.059999942779541,3.069999933242798,310.0,1.190000057220459,1.8799999952316284,0.4259999990463257,16.049999237060547,1.850000023841858,3.2799999713897705,0.9100000262260437,1.0700000524520874,6.730000019073486,37.20000076293945,0.925000011920929,0.8009999990463257,0.23999999463558197,0.2199999988079071,1.6100000143051147,0.628000020980835,2.299999952316284,34.400001525878906,4.099999904632568,2.765000104904175,0.4659999907016754,3.7899999618530273,22.079999923706055,2.819999933242798,0.5600000023841858,0.5899999737739563,40.599998474121094,3.0999999046325684,0.8199999928474426,2.430000066757202,28.299999237060547,2.4000000953674316,1.159999966621399,17.596799850463867,15.359999656677246,0.7820000052452087,11.334390640258789,0.9760000109672546,2.539764642715454,5.420000076293945,8.739999771118164,14.5,4.03000020980835,35.150001525878906,13.8100004196167,0.23999999463558197,1.2719999551773071,5.900000095367432,5.139999866485596,1.4249999523162842,0.07079999893903732,1.246000051498413,6.199999809265137,4.400000095367432,1.5920125246047974,12.555452346801758,1.4700000286102295,1.7200000286102295,6.5,0.1599999964237213,0.22499999403953552,0.7639999985694885,14.600000381469727,42.5,5.047999858856201,1.2299998998641968,1.6139999628067017,4.760000228881836,5.889999866485596,2.319999933242798,0.257999986410141,0.3799999952316284,0.16200000047683716
2025-04-30,5.0,5.880000114440918,2.880000114440918,11.800000190734863,4.0879998207092285,9.140000343322754,1.0049999952316284,4.945000171661377,5.079999923706055,2.128000020980835,6.739999771118164,3.450000047683716,6.880000114440918,1.0299999713897705,8.779999732971191,2.1700000762939453,1.996000051498413,0.4350000023841858,27.799999237060547,1.565000057220459,1.5,0.20800000429153442,3.890000104904175,5.699999809265137,2.430075168609619,0.4099999964237213,8.739999771118164,0.33500000834465027,6.699999809265137,0.5379999876022339,4.0,8.4399995803833,2.3499999046325684,0.44200000166893005,0.2939999997615814,45.18000030517578,1.909999966621399,5.0,1.9739999771118164,2.1700000762939453,1.2960000038146973,7.625,2.140000104904175,1.6399999856948853,9.293999671936035,2.379636287689209,1.1299999952316284,1.5,1.875,5.260000228881836,3.299999952316284,5.809999942779541,,7.699999809265137,0.4950000047683716,3.984999895095825,0.2720000147819519,0.5609999895095825,1698.18994140625,1.3700000047683716,18.280000686645508,0.6949999928474426,16.719999313354492,1.9249999523162842,0.328000009059906,1.909999966621399,4.789999961853027,1.0399999618530273,6.28000020980835,1.2400000095367432,3.069999933242798,314.0,1.1449999809265137,1.7599999904632568,0.41600000858306885,15.239999771118164,2.0,3.5,0.8320000171661377,1.0700000524520874,6.619999885559082,37.0,0.8949999809265137,0.7950000166893005,0.23600000143051147,0.20999999344348907,1.600000023841858,0.6299999952316284,2.1700000762939453,34.0,4.480000019073486,3.0,0.4699999988079071,4.0,21.299999237060547,2.7300000190734863,0.44999998807907104,0.5950000286102295,41.599998474121094,3.0399999618530273,0.6800000071525574,2.4000000953674316,33.5,2.240000009536743,1.1950000524520874,18.787199020385742,16.0,0.7739999890327454,11.34000015258789,0.8199999928474426,2.5,5.460000038146973,8.65999984741211,14.899999618530273,3.7850000858306885,39.5,13.170000076293945,0.2240000069141388,1.2000000476837158,5.900000095367432,5.53000020980835,1.4199999570846558,0.0689999982714653,1.1100000143051147,6.320000171661377,4.400000095367432,1.625,13.200825691223145,1.409999966621399,1.649999976158142,5.800000190734863,0.1599999964237213,0.20000000298023224,0.7350000143051147,13.699999809265137,40.75,4.908999919891357,1.190000057220459,1.6200000047683716,4.639999866485596,5.449999809265137,2.0999999046325684,0.24300000071525574,0.34599998593330383,0.1599999964237213
